{
  "snapshot_id": "snap_139_1775377219",
  "cycle": 139,
  "brier_score": 0.0705038569652174,
  "ece": 0.2135325652173913,
  "discrimination": 0.9974572215542189,
  "roi": -0.4619,
  "edge_hit_rate": 0.1656,
  "health_score": 71.4,
  "model_weights": {
    "external_data": 0.0,
    "microstructure": 1.0
  },
  "approach": "time_series_heavy",
  "n_predictions": 4600,
  "timestamp": "2026-04-05T08:20:19.289665+00:00"
}