{
  "snapshot_id": "snap_440_1775383051",
  "cycle": 440,
  "brier_score": 0.06343176988860326,
  "ece": 0.18759120251356753,
  "discrimination": 0.9969559378067049,
  "roi": -0.2233,
  "edge_hit_rate": 0.2935,
  "health_score": 72.3,
  "model_weights": {
    "external_data": 0.0,
    "microstructure": 1.0
  },
  "approach": "time_series_heavy",
  "n_predictions": 3501,
  "timestamp": "2026-04-05T09:57:31.551859+00:00"
}