{
  "snapshot_id": "snap_309_1775380538",
  "cycle": 309,
  "brier_score": 0.06533504517035266,
  "ece": 0.1946393305439331,
  "discrimination": 0.9977674797729743,
  "roi": -0.3376,
  "edge_hit_rate": 0.2373,
  "health_score": 72.1,
  "model_weights": {
    "external_data": 0.0,
    "microstructure": 1.0
  },
  "approach": "time_series_heavy",
  "n_predictions": 3346,
  "timestamp": "2026-04-05T09:15:38.525458+00:00"
}