{
  "snapshot_id": "snap_499_1775384160",
  "cycle": 499,
  "brier_score": 0.06353956664763717,
  "ece": 0.18668677450047574,
  "discrimination": 0.9972618207480592,
  "roi": -0.1373,
  "edge_hit_rate": 0.3487,
  "health_score": 78.5,
  "model_weights": {
    "external_data": 0.0,
    "microstructure": 1.0
  },
  "approach": "time_series_heavy",
  "n_predictions": 3153,
  "timestamp": "2026-04-05T10:16:00.157076+00:00"
}