{
  "snapshot_id": "snap_847_1775390300",
  "cycle": 847,
  "brier_score": 0.06569856855199223,
  "ece": 0.18078535795270487,
  "discrimination": 0.9906336537249327,
  "roi": -0.127,
  "edge_hit_rate": 0.3622,
  "health_score": 79.0,
  "model_weights": {
    "external_data": 0.8472,
    "microstructure": 0.1528
  },
  "approach": "time_series_heavy",
  "n_predictions": 3087,
  "timestamp": "2026-04-05T11:58:20.585991+00:00"
}