{
  "snapshot_id": "snap_663_1775387114",
  "cycle": 663,
  "brier_score": 0.0642124917795439,
  "ece": 0.1869167588113338,
  "discrimination": 0.9971776978530196,
  "roi": -0.1654,
  "edge_hit_rate": 0.3327,
  "health_score": 75.6,
  "model_weights": {
    "external_data": 0.0,
    "microstructure": 1.0
  },
  "approach": "time_series_heavy",
  "n_predictions": 2894,
  "timestamp": "2026-04-05T11:05:14.362976+00:00"
}