{
  "snapshot_id": "snap_422_1775382705",
  "cycle": 422,
  "brier_score": 0.06261597828666482,
  "ece": 0.19131910174660383,
  "discrimination": 0.9978707282747236,
  "roi": -0.1819,
  "edge_hit_rate": 0.3215,
  "health_score": 74.2,
  "model_weights": {
    "external_data": 0.0,
    "microstructure": 1.0
  },
  "approach": "time_series_heavy",
  "n_predictions": 3607,
  "timestamp": "2026-04-05T09:51:45.232924+00:00"
}