{
  "snapshot_id": "snap_666_1775387170",
  "cycle": 666,
  "brier_score": 0.0633022006015299,
  "ece": 0.18763821279554935,
  "discrimination": 0.9975038010358596,
  "roi": -0.1654,
  "edge_hit_rate": 0.3327,
  "health_score": 75.8,
  "model_weights": {
    "external_data": 0.0,
    "microstructure": 1.0
  },
  "approach": "time_series_heavy",
  "n_predictions": 2876,
  "timestamp": "2026-04-05T11:06:10.629495+00:00"
}