{
  "snapshot_id": "snap_260_1775379652",
  "cycle": 260,
  "brier_score": 0.06508153316209318,
  "ece": 0.1930658264199107,
  "discrimination": 0.9974537110919608,
  "roi": -0.2602,
  "edge_hit_rate": 0.2747,
  "health_score": 72.1,
  "model_weights": {
    "external_data": 0.0,
    "microstructure": 1.0
  },
  "approach": "time_series_heavy",
  "n_predictions": 3134,
  "timestamp": "2026-04-05T09:00:52.836790+00:00"
}