{
  "snapshot_id": "snap_334_1775381042",
  "cycle": 334,
  "brier_score": 0.0647893850137817,
  "ece": 0.19233558434399115,
  "discrimination": 0.9973145703364534,
  "roi": -0.2009,
  "edge_hit_rate": 0.311,
  "health_score": 72.1,
  "model_weights": {
    "external_data": 0.0,
    "microstructure": 1.0
  },
  "approach": "time_series_heavy",
  "n_predictions": 3628,
  "timestamp": "2026-04-05T09:24:02.665151+00:00"
}