{
  "snapshot_id": "snap_248_1775379432",
  "cycle": 248,
  "brier_score": 0.06539517546453233,
  "ece": 0.19288854362837413,
  "discrimination": 0.9969284058387471,
  "roi": -0.3552,
  "edge_hit_rate": 0.2167,
  "health_score": 72.0,
  "model_weights": {
    "external_data": 0.0,
    "microstructure": 1.0
  },
  "approach": "time_series_heavy",
  "n_predictions": 3186,
  "timestamp": "2026-04-05T08:57:12.481210+00:00"
}