{
  "snapshot_id": "snap_698_1775387714",
  "cycle": 698,
  "brier_score": 0.06412785429888085,
  "ece": 0.1895718235681369,
  "discrimination": 0.998137181675914,
  "roi": -0.1436,
  "edge_hit_rate": 0.3623,
  "health_score": 77.9,
  "model_weights": {
    "external_data": 0.0,
    "microstructure": 1.0
  },
  "approach": "time_series_heavy",
  "n_predictions": 1519,
  "timestamp": "2026-04-05T11:15:14.066170+00:00"
}