{
  "snapshot_id": "snap_275_1775379932",
  "cycle": 275,
  "brier_score": 0.06884128061036196,
  "ece": 0.20736550745209367,
  "discrimination": 0.9977769939380019,
  "roi": -0.5149,
  "edge_hit_rate": 0.1453,
  "health_score": 71.7,
  "model_weights": {
    "external_data": 0.0,
    "microstructure": 1.0
  },
  "approach": "time_series_heavy",
  "n_predictions": 1409,
  "timestamp": "2026-04-05T09:05:32.139199+00:00"
}