{
  "snapshot_id": "snap_442_1775383097",
  "cycle": 442,
  "brier_score": 0.06391959902317881,
  "ece": 0.18731385209713025,
  "discrimination": 0.9966796584736785,
  "roi": -0.2233,
  "edge_hit_rate": 0.2935,
  "health_score": 72.2,
  "model_weights": {
    "external_data": 0.0,
    "microstructure": 1.0
  },
  "approach": "time_series_heavy",
  "n_predictions": 3624,
  "timestamp": "2026-04-05T09:58:17.470678+00:00"
}