{
  "snapshot_id": "snap_435_1775382958",
  "cycle": 435,
  "brier_score": 0.06298798073363775,
  "ece": 0.18847126331811262,
  "discrimination": 0.9976210553323169,
  "roi": -0.2241,
  "edge_hit_rate": 0.2929,
  "health_score": 72.3,
  "model_weights": {
    "external_data": 0.0,
    "microstructure": 1.0
  },
  "approach": "time_series_heavy",
  "n_predictions": 3285,
  "timestamp": "2026-04-05T09:55:58.488230+00:00"
}