{
  "snapshot_id": "snap_247_1775379426",
  "cycle": 247,
  "brier_score": 0.06551131088495575,
  "ece": 0.1929287610619469,
  "discrimination": 0.9968963569223986,
  "roi": -0.3557,
  "edge_hit_rate": 0.2164,
  "health_score": 72.0,
  "model_weights": {
    "external_data": 0.0,
    "microstructure": 1.0
  },
  "approach": "time_series_heavy",
  "n_predictions": 3164,
  "timestamp": "2026-04-05T08:57:06.079533+00:00"
}