{
  "snapshot_id": "snap_215_1775378778",
  "cycle": 215,
  "brier_score": 0.06851954223604281,
  "ece": 0.20104596470928557,
  "discrimination": 0.9973136866718186,
  "roi": -0.3417,
  "edge_hit_rate": 0.2278,
  "health_score": 71.7,
  "model_weights": {
    "external_data": 0.0,
    "microstructure": 1.0
  },
  "approach": "time_series_heavy",
  "n_predictions": 3457,
  "timestamp": "2026-04-05T08:46:18.127534+00:00"
}