{
  "snapshot_id": "snap_830_1775389993",
  "cycle": 830,
  "brier_score": 0.06272266053022955,
  "ece": 0.184891432266408,
  "discrimination": 0.9975269003068148,
  "roi": -0.0851,
  "edge_hit_rate": 0.4101,
  "health_score": 83.9,
  "model_weights": {
    "external_data": 0.0,
    "microstructure": 1.0
  },
  "approach": "time_series_heavy",
  "n_predictions": 3093,
  "timestamp": "2026-04-05T11:53:13.146362+00:00"
}