{
  "snapshot_id": "snap_46_1775375578",
  "cycle": 46,
  "brier_score": 0.06995218289130435,
  "ece": 0.2086409130434783,
  "discrimination": 0.9975013706343444,
  "roi": -0.3226,
  "edge_hit_rate": 0.2392,
  "health_score": 71.5,
  "model_weights": {
    "external_data": 0.0,
    "microstructure": 1.0
  },
  "approach": "external_data_driven",
  "n_predictions": 2300,
  "timestamp": "2026-04-05T07:52:58.384626+00:00"
}