{
  "snapshot_id": "snap_821_1775389844",
  "cycle": 821,
  "brier_score": 0.06332713967642527,
  "ece": 0.18644283513097076,
  "discrimination": 0.9977489852489853,
  "roi": -0.1928,
  "edge_hit_rate": 0.3156,
  "health_score": 73.0,
  "model_weights": {
    "external_data": 0.0,
    "microstructure": 1.0
  },
  "approach": "time_series_heavy",
  "n_predictions": 1298,
  "timestamp": "2026-04-05T11:50:44.562220+00:00"
}