{
  "snapshot_id": "snap_761_1775388798",
  "cycle": 761,
  "brier_score": 0.06299970949119374,
  "ece": 0.18883294194390085,
  "discrimination": 0.9977408928309427,
  "roi": -0.0821,
  "edge_hit_rate": 0.4075,
  "health_score": 84.1,
  "model_weights": {
    "external_data": 0.0,
    "microstructure": 1.0
  },
  "approach": "time_series_heavy",
  "n_predictions": 3066,
  "timestamp": "2026-04-05T11:33:18.149839+00:00"
}