{
  "snapshot_id": "snap_620_1775386356",
  "cycle": 620,
  "brier_score": 0.06414122492992837,
  "ece": 0.18813830582373092,
  "discrimination": 0.9974435227729732,
  "roi": -0.1122,
  "edge_hit_rate": 0.3893,
  "health_score": 81.0,
  "model_weights": {
    "external_data": 0.0,
    "microstructure": 1.0
  },
  "approach": "time_series_heavy",
  "n_predictions": 3211,
  "timestamp": "2026-04-05T10:52:36.859290+00:00"
}