{
  "snapshot_id": "snap_609_1775386168",
  "cycle": 609,
  "brier_score": 0.06287514356657609,
  "ece": 0.18863471467391302,
  "discrimination": 0.9974914924373037,
  "roi": -0.1179,
  "edge_hit_rate": 0.3675,
  "health_score": 80.6,
  "model_weights": {
    "external_data": 0.0,
    "microstructure": 1.0
  },
  "approach": "time_series_heavy",
  "n_predictions": 2944,
  "timestamp": "2026-04-05T10:49:28.875703+00:00"
}