{
  "snapshot_id": "snap_524_1775384661",
  "cycle": 524,
  "brier_score": 0.06393530276155718,
  "ece": 0.18924574209245743,
  "discrimination": 0.9975674376282976,
  "roi": -0.1121,
  "edge_hit_rate": 0.3742,
  "health_score": 81.0,
  "model_weights": {
    "external_data": 0.0,
    "microstructure": 1.0
  },
  "approach": "time_series_heavy",
  "n_predictions": 3288,
  "timestamp": "2026-04-05T10:24:21.536165+00:00"
}