{
  "snapshot_id": "snap_456_1775383376",
  "cycle": 456,
  "brier_score": 0.06336438790565059,
  "ece": 0.18688688439606016,
  "discrimination": 0.9972125966476664,
  "roi": -0.1175,
  "edge_hit_rate": 0.3824,
  "health_score": 80.5,
  "model_weights": {
    "external_data": 0.0,
    "microstructure": 1.0
  },
  "approach": "time_series_heavy",
  "n_predictions": 3858,
  "timestamp": "2026-04-05T10:02:56.368123+00:00"
}