{
  "snapshot_id": "snap_736_1775388366",
  "cycle": 736,
  "brier_score": 0.06330661248615385,
  "ece": 0.18559679999999998,
  "discrimination": 0.997705983298356,
  "roi": -0.1895,
  "edge_hit_rate": 0.3272,
  "health_score": 73.4,
  "model_weights": {
    "external_data": 0.0,
    "microstructure": 1.0
  },
  "approach": "time_series_heavy",
  "n_predictions": 3250,
  "timestamp": "2026-04-05T11:26:06.070635+00:00"
}