{
  "snapshot_id": "snap_437_1775383001",
  "cycle": 437,
  "brier_score": 0.0630892567147908,
  "ece": 0.18727056570418388,
  "discrimination": 0.9973172201038025,
  "roi": -0.2233,
  "edge_hit_rate": 0.2935,
  "health_score": 72.3,
  "model_weights": {
    "external_data": 0.0,
    "microstructure": 1.0
  },
  "approach": "time_series_heavy",
  "n_predictions": 3394,
  "timestamp": "2026-04-05T09:56:41.835329+00:00"
}