{
  "snapshot_id": "snap_732_1775388300",
  "cycle": 732,
  "brier_score": 0.06256877319499543,
  "ece": 0.1855873054623131,
  "discrimination": 0.9979511492444426,
  "roi": -0.1843,
  "edge_hit_rate": 0.3313,
  "health_score": 74.0,
  "model_weights": {
    "external_data": 0.0,
    "microstructure": 1.0
  },
  "approach": "time_series_heavy",
  "n_predictions": 3277,
  "timestamp": "2026-04-05T11:25:00.443508+00:00"
}