{
  "snapshot_id": "snap_852_1775390374",
  "cycle": 852,
  "brier_score": 0.06362100868817959,
  "ece": 0.18246850227990177,
  "discrimination": 0.9942079915704432,
  "roi": -0.1212,
  "edge_hit_rate": 0.3664,
  "health_score": 80.0,
  "model_weights": {
    "external_data": 0.9387,
    "microstructure": 0.0613
  },
  "approach": "time_series_heavy",
  "n_predictions": 2851,
  "timestamp": "2026-04-05T11:59:34.156439+00:00"
}