{
  "snapshot_id": "snap_362_1775381566",
  "cycle": 362,
  "brier_score": 0.06516856625250501,
  "ece": 0.19262992651970606,
  "discrimination": 0.9974966628812783,
  "roi": -0.2586,
  "edge_hit_rate": 0.2712,
  "health_score": 72.1,
  "model_weights": {
    "external_data": 0.0,
    "microstructure": 1.0
  },
  "approach": "time_series_heavy",
  "n_predictions": 2994,
  "timestamp": "2026-04-05T09:32:46.176951+00:00"
}