{
  "snapshot_id": "snap_323_1775380804",
  "cycle": 323,
  "brier_score": 0.06493157797674419,
  "ece": 0.19208162790697675,
  "discrimination": 0.9975484626284812,
  "roi": -0.29,
  "edge_hit_rate": 0.259,
  "health_score": 72.1,
  "model_weights": {
    "external_data": 0.0,
    "microstructure": 1.0
  },
  "approach": "time_series_heavy",
  "n_predictions": 3440,
  "timestamp": "2026-04-05T09:20:04.271237+00:00"
}