{
  "snapshot_id": "snap_536_1775384887",
  "cycle": 536,
  "brier_score": 0.0668880232611051,
  "ece": 0.18912275189599131,
  "discrimination": 0.9965237338086509,
  "roi": -0.265,
  "edge_hit_rate": 0.2817,
  "health_score": 71.8,
  "model_weights": {
    "external_data": 0.0,
    "microstructure": 1.0
  },
  "approach": "time_series_heavy",
  "n_predictions": 923,
  "timestamp": "2026-04-05T10:28:07.530331+00:00"
}