{
  "snapshot_id": "snap_871_1775390717",
  "cycle": 871,
  "brier_score": 0.06960942058705803,
  "ece": 0.1738181454302869,
  "discrimination": 0.9820378653806346,
  "roi": -0.0966,
  "edge_hit_rate": 0.391,
  "health_score": 81.3,
  "model_weights": {
    "external_data": 1.0,
    "microstructure": 0.0
  },
  "approach": "time_series_heavy",
  "n_predictions": 2998,
  "timestamp": "2026-04-05T12:05:17.272829+00:00"
}