{
  "snapshot_id": "snap_382_1775381961",
  "cycle": 382,
  "brier_score": 0.06435784328986588,
  "ece": 0.19388446348733235,
  "discrimination": 0.9976003425606906,
  "roi": -0.3302,
  "edge_hit_rate": 0.2333,
  "health_score": 72.2,
  "model_weights": {
    "external_data": 0.0,
    "microstructure": 1.0
  },
  "approach": "time_series_heavy",
  "n_predictions": 2684,
  "timestamp": "2026-04-05T09:39:21.062397+00:00"
}