{
  "snapshot_id": "snap_444_1775383136",
  "cycle": 444,
  "brier_score": 0.06889996062274367,
  "ece": 0.18889070397111918,
  "discrimination": 0.9960046673756351,
  "roi": -0.3978,
  "edge_hit_rate": 0.1947,
  "health_score": 71.6,
  "model_weights": {
    "external_data": 0.0,
    "microstructure": 1.0
  },
  "approach": "time_series_heavy",
  "n_predictions": 1108,
  "timestamp": "2026-04-05T09:58:56.550589+00:00"
}