{
  "snapshot_id": "snap_143_1775377306",
  "cycle": 143,
  "brier_score": 0.07038127500416666,
  "ece": 0.21228795833333336,
  "discrimination": 0.9974494423336193,
  "roi": -0.4168,
  "edge_hit_rate": 0.1864,
  "health_score": 71.5,
  "model_weights": {
    "external_data": 0.0,
    "microstructure": 1.0
  },
  "approach": "time_series_heavy",
  "n_predictions": 4800,
  "timestamp": "2026-04-05T08:21:46.243659+00:00"
}