{
  "snapshot_id": "snap_876_1775390807",
  "cycle": 876,
  "brier_score": 0.07191626625990491,
  "ece": 0.16843800316957214,
  "discrimination": 0.9776374540450615,
  "roi": -0.1173,
  "edge_hit_rate": 0.3717,
  "health_score": 78.7,
  "model_weights": {
    "external_data": 1.0,
    "microstructure": 0.0
  },
  "approach": "time_series_heavy",
  "n_predictions": 3155,
  "timestamp": "2026-04-05T12:06:47.521324+00:00"
}