{
  "snapshot_id": "snap_692_1775387631",
  "cycle": 692,
  "brier_score": 0.0631398955988456,
  "ece": 0.18802828282828285,
  "discrimination": 0.9978326803758528,
  "roi": -0.1276,
  "edge_hit_rate": 0.369,
  "health_score": 79.6,
  "model_weights": {
    "external_data": 0.0,
    "microstructure": 1.0
  },
  "approach": "time_series_heavy",
  "n_predictions": 2772,
  "timestamp": "2026-04-05T11:13:51.468451+00:00"
}