{
  "snapshot_id": "snap_842_1775390210",
  "cycle": 842,
  "brier_score": 0.06494760714285715,
  "ece": 0.18081317169069466,
  "discrimination": 0.9927344355894745,
  "roi": -0.1265,
  "edge_hit_rate": 0.3634,
  "health_score": 79.3,
  "model_weights": {
    "external_data": 0.0,
    "microstructure": 1.0
  },
  "approach": "time_series_heavy",
  "n_predictions": 3052,
  "timestamp": "2026-04-05T11:56:50.734662+00:00"
}