{
  "snapshot_id": "snap_332_1775380979",
  "cycle": 332,
  "brier_score": 0.06471626759346442,
  "ece": 0.19059390750484628,
  "discrimination": 0.9974742452567519,
  "roi": -0.1784,
  "edge_hit_rate": 0.3254,
  "health_score": 74.3,
  "model_weights": {
    "external_data": 0.0,
    "microstructure": 1.0
  },
  "approach": "time_series_heavy",
  "n_predictions": 3611,
  "timestamp": "2026-04-05T09:22:59.205958+00:00"
}