{
  "snapshot_id": "snap_478_1775383791",
  "cycle": 478,
  "brier_score": 0.06574339756756757,
  "ece": 0.18924118404118412,
  "discrimination": 0.9969241865003606,
  "roi": -0.2208,
  "edge_hit_rate": 0.2947,
  "health_score": 72.0,
  "model_weights": {
    "external_data": 0.0,
    "microstructure": 1.0
  },
  "approach": "time_series_heavy",
  "n_predictions": 1554,
  "timestamp": "2026-04-05T10:09:51.189507+00:00"
}