{
  "snapshot_id": "snap_4_1775374965",
  "cycle": 4,
  "brier_score": 0.0649586873,
  "ece": 0.19135999999999997,
  "discrimination": 0.9982608695652174,
  "roi": -0.0529,
  "edge_hit_rate": 0.425,
  "health_score": 86.8,
  "model_weights": {},
  "approach": "time_series_heavy",
  "n_predictions": 200,
  "timestamp": "2026-04-05T07:42:45.996919+00:00"
}