{
  "snapshot_id": "snap_692_1775387609",
  "cycle": 692,
  "brier_score": 0.06378267111389685,
  "ece": 0.18930505014326648,
  "discrimination": 0.9978036695354434,
  "roi": -0.1282,
  "edge_hit_rate": 0.3689,
  "health_score": 79.4,
  "model_weights": {
    "external_data": 0.0,
    "microstructure": 1.0
  },
  "approach": "time_series_heavy",
  "n_predictions": 2792,
  "timestamp": "2026-04-05T11:13:29.717798+00:00"
}