{
  "snapshot_id": "snap_769_1775388934",
  "cycle": 769,
  "brier_score": 0.06309748395290425,
  "ece": 0.18698935635792782,
  "discrimination": 0.9976224482686546,
  "roi": -0.0807,
  "edge_hit_rate": 0.4078,
  "health_score": 84.3,
  "model_weights": {
    "external_data": 0.0,
    "microstructure": 1.0
  },
  "approach": "time_series_heavy",
  "n_predictions": 3185,
  "timestamp": "2026-04-05T11:35:34.615333+00:00"
}