{
  "snapshot_id": "snap_868_1775390661",
  "cycle": 868,
  "brier_score": 0.07064548949379179,
  "ece": 0.17213269659344163,
  "discrimination": 0.9797520732950333,
  "roi": -0.105,
  "edge_hit_rate": 0.3838,
  "health_score": 80.2,
  "model_weights": {
    "external_data": 0.9888,
    "microstructure": 0.0112
  },
  "approach": "time_series_heavy",
  "n_predictions": 3141,
  "timestamp": "2026-04-05T12:04:21.218858+00:00"
}