{
  "snapshot_id": "snap_178_1775378068",
  "cycle": 178,
  "brier_score": 0.07015618258307373,
  "ece": 0.2072544911734164,
  "discrimination": 0.9974744766643788,
  "roi": -0.3648,
  "edge_hit_rate": 0.2106,
  "health_score": 71.5,
  "model_weights": {
    "external_data": 0.0,
    "microstructure": 1.0
  },
  "approach": "time_series_heavy",
  "n_predictions": 3852,
  "timestamp": "2026-04-05T08:34:28.195080+00:00"
}