{
  "snapshot_id": "snap_289_1775380179",
  "cycle": 289,
  "brier_score": 0.06380249185619259,
  "ece": 0.1932224580297751,
  "discrimination": 0.9979839119115216,
  "roi": -0.3995,
  "edge_hit_rate": 0.2007,
  "health_score": 72.3,
  "model_weights": {
    "external_data": 0.0,
    "microstructure": 1.0
  },
  "approach": "time_series_heavy",
  "n_predictions": 3157,
  "timestamp": "2026-04-05T09:09:39.160782+00:00"
}