{
  "snapshot_id": "snap_299_1775380375",
  "cycle": 299,
  "brier_score": 0.0652701400898389,
  "ece": 0.1950333643122677,
  "discrimination": 0.9979092510576477,
  "roi": -0.3499,
  "edge_hit_rate": 0.2281,
  "health_score": 72.1,
  "model_weights": {
    "external_data": 0.0,
    "microstructure": 1.0
  },
  "approach": "time_series_heavy",
  "n_predictions": 3228,
  "timestamp": "2026-04-05T09:12:55.546332+00:00"
}