{
  "snapshot_id": "snap_623_1775386410",
  "cycle": 623,
  "brier_score": 0.06366817740827217,
  "ece": 0.18994559706470984,
  "discrimination": 0.9976014292725237,
  "roi": -0.117,
  "edge_hit_rate": 0.3826,
  "health_score": 80.6,
  "model_weights": {
    "external_data": 0.0,
    "microstructure": 1.0
  },
  "approach": "time_series_heavy",
  "n_predictions": 2998,
  "timestamp": "2026-04-05T10:53:30.994845+00:00"
}