{
  "snapshot_id": "snap_393_1775382143",
  "cycle": 393,
  "brier_score": 0.06599328233415233,
  "ece": 0.19564650754650756,
  "discrimination": 0.9973956221344067,
  "roi": -0.2679,
  "edge_hit_rate": 0.2661,
  "health_score": 72.0,
  "model_weights": {
    "external_data": 0.0,
    "microstructure": 1.0
  },
  "approach": "time_series_heavy",
  "n_predictions": 2849,
  "timestamp": "2026-04-05T09:42:23.992706+00:00"
}