{
  "snapshot_id": "snap_725_1775388172",
  "cycle": 725,
  "brier_score": 0.06256106855294519,
  "ece": 0.18744794007490637,
  "discrimination": 0.9980612457481751,
  "roi": -0.1868,
  "edge_hit_rate": 0.3357,
  "health_score": 73.7,
  "model_weights": {
    "external_data": 0.0,
    "microstructure": 1.0
  },
  "approach": "time_series_heavy",
  "n_predictions": 2937,
  "timestamp": "2026-04-05T11:22:52.606685+00:00"
}