{
  "snapshot_id": "snap_15_1775375115",
  "cycle": 15,
  "brier_score": 0.06813277806666668,
  "ece": 0.2060726666666667,
  "discrimination": 0.9988466253710157,
  "roi": -0.1872,
  "edge_hit_rate": 0.328,
  "health_score": 73.1,
  "model_weights": {},
  "approach": "external_data_driven",
  "n_predictions": 750,
  "timestamp": "2026-04-05T07:45:15.168570+00:00"
}