{
  "snapshot_id": "snap_161_1775377727",
  "cycle": 161,
  "brier_score": 0.07014738340701754,
  "ece": 0.21020547368421055,
  "discrimination": 0.9974967514536769,
  "roi": -0.3638,
  "edge_hit_rate": 0.2145,
  "health_score": 71.5,
  "model_weights": {
    "external_data": 0.0,
    "microstructure": 1.0
  },
  "approach": "time_series_heavy",
  "n_predictions": 5700,
  "timestamp": "2026-04-05T08:28:47.715388+00:00"
}