{
  "snapshot_id": "snap_586_1775385777",
  "cycle": 586,
  "brier_score": 0.06270835999622072,
  "ece": 0.1893942932728647,
  "discrimination": 0.9978390957446809,
  "roi": -0.1196,
  "edge_hit_rate": 0.375,
  "health_score": 80.4,
  "model_weights": {
    "external_data": 0.0,
    "microstructure": 1.0
  },
  "approach": "time_series_heavy",
  "n_predictions": 2646,
  "timestamp": "2026-04-05T10:42:57.137959+00:00"
}