{
  "snapshot_id": "snap_418_1775382625",
  "cycle": 418,
  "brier_score": 0.06714206810448761,
  "ece": 0.1942170127260549,
  "discrimination": 0.9967824810374357,
  "roi": -0.358,
  "edge_hit_rate": 0.2163,
  "health_score": 71.8,
  "model_weights": {
    "external_data": 0.0,
    "microstructure": 1.0
  },
  "approach": "time_series_heavy",
  "n_predictions": 1493,
  "timestamp": "2026-04-05T09:50:25.558833+00:00"
}