{
  "snapshot_id": "snap_134_1775377114",
  "cycle": 134,
  "brier_score": 0.07038914638390804,
  "ece": 0.21350209195402306,
  "discrimination": 0.9976594806860074,
  "roi": -0.4616,
  "edge_hit_rate": 0.1656,
  "health_score": 71.5,
  "model_weights": {
    "external_data": 0.0,
    "microstructure": 1.0
  },
  "approach": "time_series_heavy",
  "n_predictions": 4350,
  "timestamp": "2026-04-05T08:18:34.327360+00:00"
}