{
  "snapshot_id": "snap_490_1775384008",
  "cycle": 490,
  "brier_score": 0.0643279405047707,
  "ece": 0.18902012927054482,
  "discrimination": 0.997761233437817,
  "roi": -0.088,
  "edge_hit_rate": 0.3931,
  "health_score": 83.4,
  "model_weights": {
    "external_data": 0.0,
    "microstructure": 1.0
  },
  "approach": "time_series_heavy",
  "n_predictions": 3249,
  "timestamp": "2026-04-05T10:13:28.027487+00:00"
}