{
  "snapshot_id": "snap_51_1775375681",
  "cycle": 51,
  "brier_score": 0.07606163630000001,
  "ece": 0.237719,
  "discrimination": 0.9992019154030327,
  "roi": -0.6105,
  "edge_hit_rate": 0.105,
  "health_score": 70.8,
  "model_weights": {
    "external_data": 0.0,
    "microstructure": 1.0
  },
  "approach": "time_series_heavy",
  "n_predictions": 200,
  "timestamp": "2026-04-05T07:54:41.828036+00:00"
}