{
  "snapshot_id": "snap_175_1775378020",
  "cycle": 175,
  "brier_score": 0.07034317397435896,
  "ece": 0.208148358974359,
  "discrimination": 0.9975597043708498,
  "roi": -0.3389,
  "edge_hit_rate": 0.2259,
  "health_score": 71.5,
  "model_weights": {
    "external_data": 0.0,
    "microstructure": 1.0
  },
  "approach": "time_series_heavy",
  "n_predictions": 3900,
  "timestamp": "2026-04-05T08:33:40.942244+00:00"
}