{
  "snapshot_id": "snap_67_1775375941",
  "cycle": 67,
  "brier_score": 0.06480811586999999,
  "ece": 0.20817290000000002,
  "discrimination": 0.9990435606060606,
  "roi": -0.5717,
  "edge_hit_rate": 0.1214,
  "health_score": 72.2,
  "model_weights": {
    "external_data": 0.0,
    "microstructure": 1.0
  },
  "approach": "time_series_heavy",
  "n_predictions": 1000,
  "timestamp": "2026-04-05T07:59:01.139720+00:00"
}