{
  "snapshot_id": "snap_293_1775380262",
  "cycle": 293,
  "brier_score": 0.06531436677228952,
  "ece": 0.19481540851196025,
  "discrimination": 0.9978361566199404,
  "roi": -0.3211,
  "edge_hit_rate": 0.2458,
  "health_score": 72.1,
  "model_weights": {
    "external_data": 0.0,
    "microstructure": 1.0
  },
  "approach": "time_series_heavy",
  "n_predictions": 3219,
  "timestamp": "2026-04-05T09:11:02.282054+00:00"
}