{
  "snapshot_id": "snap_614_1775386256",
  "cycle": 614,
  "brier_score": 0.06366062566536204,
  "ece": 0.1887878343118069,
  "discrimination": 0.9975063125853928,
  "roi": -0.0688,
  "edge_hit_rate": 0.4234,
  "health_score": 85.4,
  "model_weights": {
    "external_data": 0.0,
    "microstructure": 1.0
  },
  "approach": "time_series_heavy",
  "n_predictions": 3066,
  "timestamp": "2026-04-05T10:50:56.025912+00:00"
}