{
  "snapshot_id": "snap_413_1775382529",
  "cycle": 413,
  "brier_score": 0.06289213600063331,
  "ece": 0.1922739392020266,
  "discrimination": 0.9978095058460508,
  "roi": -0.3168,
  "edge_hit_rate": 0.2374,
  "health_score": 72.4,
  "model_weights": {
    "external_data": 0.0,
    "microstructure": 1.0
  },
  "approach": "time_series_heavy",
  "n_predictions": 3158,
  "timestamp": "2026-04-05T09:48:49.587877+00:00"
}