{
  "snapshot_id": "snap_657_1775387012",
  "cycle": 657,
  "brier_score": 0.0636901398928691,
  "ece": 0.18751141613659186,
  "discrimination": 0.9976521990611587,
  "roi": -0.1349,
  "edge_hit_rate": 0.3579,
  "health_score": 78.8,
  "model_weights": {
    "external_data": 0.0,
    "microstructure": 1.0
  },
  "approach": "time_series_heavy",
  "n_predictions": 2987,
  "timestamp": "2026-04-05T11:03:32.479464+00:00"
}