{
  "snapshot_id": "snap_495_1775384090",
  "cycle": 495,
  "brier_score": 0.06400703325316867,
  "ece": 0.18721956451088723,
  "discrimination": 0.9976498211601174,
  "roi": -0.1184,
  "edge_hit_rate": 0.3656,
  "health_score": 80.4,
  "model_weights": {
    "external_data": 0.0,
    "microstructure": 1.0
  },
  "approach": "time_series_heavy",
  "n_predictions": 3077,
  "timestamp": "2026-04-05T10:14:50.039196+00:00"
}