{
  "snapshot_id": "snap_588_1775385808",
  "cycle": 588,
  "brier_score": 0.0627002242156105,
  "ece": 0.18837268160741885,
  "discrimination": 0.9977734571954462,
  "roi": -0.1251,
  "edge_hit_rate": 0.3672,
  "health_score": 79.9,
  "model_weights": {
    "external_data": 0.0,
    "microstructure": 1.0
  },
  "approach": "time_series_heavy",
  "n_predictions": 2588,
  "timestamp": "2026-04-05T10:43:28.480085+00:00"
}