{
  "snapshot_id": "snap_452_1775383294",
  "cycle": 452,
  "brier_score": 0.06339014378537106,
  "ece": 0.1877471436198612,
  "discrimination": 0.9972405377989157,
  "roi": -0.1029,
  "edge_hit_rate": 0.3924,
  "health_score": 82.0,
  "model_weights": {
    "external_data": 0.0,
    "microstructure": 1.0
  },
  "approach": "time_series_heavy",
  "n_predictions": 3746,
  "timestamp": "2026-04-05T10:01:34.830904+00:00"
}