{
  "snapshot_id": "snap_196_1775378418",
  "cycle": 196,
  "brier_score": 0.06904713846196403,
  "ece": 0.20279120331950207,
  "discrimination": 0.9975610891652908,
  "roi": -0.3656,
  "edge_hit_rate": 0.2143,
  "health_score": 71.6,
  "model_weights": {
    "external_data": 0.0,
    "microstructure": 1.0
  },
  "approach": "time_series_heavy",
  "n_predictions": 3615,
  "timestamp": "2026-04-05T08:40:18.384354+00:00"
}