{
  "snapshot_id": "snap_180_1775378101",
  "cycle": 180,
  "brier_score": 0.07019563523131672,
  "ece": 0.20648586680223696,
  "discrimination": 0.9971695360373505,
  "roi": -0.3602,
  "edge_hit_rate": 0.2133,
  "health_score": 71.5,
  "model_weights": {
    "external_data": 0.0,
    "microstructure": 1.0
  },
  "approach": "time_series_heavy",
  "n_predictions": 3934,
  "timestamp": "2026-04-05T08:35:01.943017+00:00"
}