{
  "snapshot_id": "snap_748_1775388569",
  "cycle": 748,
  "brier_score": 0.06351420718867924,
  "ece": 0.18426735849056605,
  "discrimination": 0.9973781395026444,
  "roi": -0.1475,
  "edge_hit_rate": 0.3577,
  "health_score": 77.5,
  "model_weights": {
    "external_data": 0.0,
    "microstructure": 1.0
  },
  "approach": "time_series_heavy",
  "n_predictions": 3180,
  "timestamp": "2026-04-05T11:29:29.848363+00:00"
}