{
  "snapshot_id": "snap_205_1775378590",
  "cycle": 205,
  "brier_score": 0.06903266590575914,
  "ece": 0.20167910994764401,
  "discrimination": 0.9977201813209012,
  "roi": -0.279,
  "edge_hit_rate": 0.2652,
  "health_score": 71.6,
  "model_weights": {
    "external_data": 0.0,
    "microstructure": 1.0
  },
  "approach": "time_series_heavy",
  "n_predictions": 3820,
  "timestamp": "2026-04-05T08:43:10.441606+00:00"
}