{
  "snapshot_id": "snap_642_1775386756",
  "cycle": 642,
  "brier_score": 0.06275669937976439,
  "ece": 0.18913059598059595,
  "discrimination": 0.9979815002059693,
  "roi": -0.1187,
  "edge_hit_rate": 0.3666,
  "health_score": 80.5,
  "model_weights": {
    "external_data": 0.0,
    "microstructure": 1.0
  },
  "approach": "time_series_heavy",
  "n_predictions": 2886,
  "timestamp": "2026-04-05T10:59:16.529477+00:00"
}