{
  "snapshot_id": "snap_291_1775380224",
  "cycle": 291,
  "brier_score": 0.06449968667898952,
  "ece": 0.19467738755391245,
  "discrimination": 0.9979977072616226,
  "roi": -0.3904,
  "edge_hit_rate": 0.2075,
  "health_score": 72.2,
  "model_weights": {
    "external_data": 0.0,
    "microstructure": 1.0
  },
  "approach": "time_series_heavy",
  "n_predictions": 3246,
  "timestamp": "2026-04-05T09:10:24.221846+00:00"
}