{
  "snapshot_id": "snap_837_1775390115",
  "cycle": 837,
  "brier_score": 0.06516845614783227,
  "ece": 0.18788002842928214,
  "discrimination": 0.997448733489646,
  "roi": -0.1991,
  "edge_hit_rate": 0.3121,
  "health_score": 72.2,
  "model_weights": {
    "external_data": 0.0,
    "microstructure": 1.0
  },
  "approach": "time_series_heavy",
  "n_predictions": 1407,
  "timestamp": "2026-04-05T11:55:15.488289+00:00"
}