{
  "snapshot_id": "snap_635_1775386616",
  "cycle": 635,
  "brier_score": 0.06257073511385816,
  "ece": 0.1877407286922577,
  "discrimination": 0.9976094586714258,
  "roi": -0.1222,
  "edge_hit_rate": 0.3735,
  "health_score": 80.2,
  "model_weights": {
    "external_data": 0.0,
    "microstructure": 1.0
  },
  "approach": "time_series_heavy",
  "n_predictions": 3074,
  "timestamp": "2026-04-05T10:56:56.928837+00:00"
}