{
  "snapshot_id": "snap_365_1775381618",
  "cycle": 365,
  "brier_score": 0.0652777663880695,
  "ece": 0.1933680432645034,
  "discrimination": 0.9974527413971258,
  "roi": -0.2583,
  "edge_hit_rate": 0.272,
  "health_score": 72.1,
  "model_weights": {
    "external_data": 0.0,
    "microstructure": 1.0
  },
  "approach": "time_series_heavy",
  "n_predictions": 3051,
  "timestamp": "2026-04-05T09:33:38.597279+00:00"
}