{
  "snapshot_id": "snap_131_1775377054",
  "cycle": 131,
  "brier_score": 0.07070129805,
  "ece": 0.21422516666666663,
  "discrimination": 0.99769025617318,
  "roi": -0.4616,
  "edge_hit_rate": 0.1656,
  "health_score": 71.4,
  "model_weights": {
    "external_data": 0.0,
    "microstructure": 1.0
  },
  "approach": "time_series_heavy",
  "n_predictions": 4200,
  "timestamp": "2026-04-05T08:17:34.674360+00:00"
}