{
  "snapshot_id": "snap_689_1775387577",
  "cycle": 689,
  "brier_score": 0.06294973801644738,
  "ece": 0.18944253289473684,
  "discrimination": 0.9977502294459148,
  "roi": -0.1349,
  "edge_hit_rate": 0.357,
  "health_score": 78.9,
  "model_weights": {
    "external_data": 0.0,
    "microstructure": 1.0
  },
  "approach": "time_series_heavy",
  "n_predictions": 3040,
  "timestamp": "2026-04-05T11:12:57.606812+00:00"
}