{
  "snapshot_id": "snap_530_1775384770",
  "cycle": 530,
  "brier_score": 0.06332596194080997,
  "ece": 0.1918420249221184,
  "discrimination": 0.9977359339708577,
  "roi": -0.147,
  "edge_hit_rate": 0.3427,
  "health_score": 77.6,
  "model_weights": {
    "external_data": 0.0,
    "microstructure": 1.0
  },
  "approach": "time_series_heavy",
  "n_predictions": 3210,
  "timestamp": "2026-04-05T10:26:10.089567+00:00"
}