{
  "snapshot_id": "snap_197_1775378438",
  "cycle": 197,
  "brier_score": 0.06899749447094299,
  "ece": 0.20200370065789472,
  "discrimination": 0.9975631392284817,
  "roi": -0.3563,
  "edge_hit_rate": 0.219,
  "health_score": 71.6,
  "model_weights": {
    "external_data": 0.0,
    "microstructure": 1.0
  },
  "approach": "time_series_heavy",
  "n_predictions": 3648,
  "timestamp": "2026-04-05T08:40:38.828775+00:00"
}