{
  "snapshot_id": "snap_396_1775382216",
  "cycle": 396,
  "brier_score": 0.06501901552819414,
  "ece": 0.19597334047109205,
  "discrimination": 0.997594151543703,
  "roi": -0.3041,
  "edge_hit_rate": 0.2453,
  "health_score": 72.1,
  "model_weights": {
    "external_data": 0.0,
    "microstructure": 1.0
  },
  "approach": "time_series_heavy",
  "n_predictions": 2802,
  "timestamp": "2026-04-05T09:43:36.680644+00:00"
}