{
  "snapshot_id": "snap_482_1775383869",
  "cycle": 482,
  "brier_score": 0.06419956814439141,
  "ece": 0.19004821002386635,
  "discrimination": 0.9979149147063999,
  "roi": -0.1123,
  "edge_hit_rate": 0.3694,
  "health_score": 81.0,
  "model_weights": {
    "external_data": 0.0,
    "microstructure": 1.0
  },
  "approach": "time_series_heavy",
  "n_predictions": 3352,
  "timestamp": "2026-04-05T10:11:09.131863+00:00"
}