{
  "snapshot_id": "snap_844_1775390230",
  "cycle": 844,
  "brier_score": 0.06524901664259929,
  "ece": 0.18043816869051527,
  "discrimination": 0.9924006557066917,
  "roi": -0.1299,
  "edge_hit_rate": 0.3623,
  "health_score": 78.9,
  "model_weights": {
    "external_data": 0.0,
    "microstructure": 1.0
  },
  "approach": "time_series_heavy",
  "n_predictions": 3047,
  "timestamp": "2026-04-05T11:57:10.101148+00:00"
}