{
  "snapshot_id": "snap_543_1775385010",
  "cycle": 543,
  "brier_score": 0.06249720184158415,
  "ece": 0.1896143234323433,
  "discrimination": 0.9975996214142486,
  "roi": -0.1263,
  "edge_hit_rate": 0.3528,
  "health_score": 79.8,
  "model_weights": {
    "external_data": 0.0,
    "microstructure": 1.0
  },
  "approach": "time_series_heavy",
  "n_predictions": 3030,
  "timestamp": "2026-04-05T10:30:10.488004+00:00"
}