{
  "snapshot_id": "snap_445_1775383155",
  "cycle": 445,
  "brier_score": 0.06316022281750924,
  "ece": 0.1891692355117139,
  "discrimination": 0.9971310810724012,
  "roi": -0.2504,
  "edge_hit_rate": 0.2771,
  "health_score": 72.3,
  "model_weights": {
    "external_data": 0.0,
    "microstructure": 1.0
  },
  "approach": "time_series_heavy",
  "n_predictions": 3244,
  "timestamp": "2026-04-05T09:59:15.620707+00:00"
}