{
  "snapshot_id": "snap_357_1775381462",
  "cycle": 357,
  "brier_score": 0.0657261812121212,
  "ece": 0.19285179704016914,
  "discrimination": 0.9971578807241747,
  "roi": -0.2059,
  "edge_hit_rate": 0.3072,
  "health_score": 72.0,
  "model_weights": {
    "external_data": 0.0,
    "microstructure": 1.0
  },
  "approach": "time_series_heavy",
  "n_predictions": 2838,
  "timestamp": "2026-04-05T09:31:02.236666+00:00"
}