{
  "snapshot_id": "snap_626_1775386464",
  "cycle": 626,
  "brier_score": 0.06309410259826782,
  "ece": 0.18934210526315792,
  "discrimination": 0.99760121140644,
  "roi": -0.1256,
  "edge_hit_rate": 0.372,
  "health_score": 79.8,
  "model_weights": {
    "external_data": 0.0,
    "microstructure": 1.0
  },
  "approach": "time_series_heavy",
  "n_predictions": 3002,
  "timestamp": "2026-04-05T10:54:24.689965+00:00"
}