{
  "snapshot_id": "snap_68_1775375955",
  "cycle": 68,
  "brier_score": 0.06484963714285714,
  "ece": 0.20882838095238096,
  "discrimination": 0.9990925993470273,
  "roi": -0.5717,
  "edge_hit_rate": 0.1214,
  "health_score": 72.2,
  "model_weights": {
    "external_data": 0.0,
    "microstructure": 1.0
  },
  "approach": "time_series_heavy",
  "n_predictions": 1050,
  "timestamp": "2026-04-05T07:59:15.692682+00:00"
}