{
  "snapshot_id": "snap_64_1775375892",
  "cycle": 64,
  "brier_score": 0.06455736609411765,
  "ece": 0.20823200000000003,
  "discrimination": 0.9990956275558351,
  "roi": -0.5717,
  "edge_hit_rate": 0.1214,
  "health_score": 72.2,
  "model_weights": {
    "external_data": 0.0,
    "microstructure": 1.0
  },
  "approach": "time_series_heavy",
  "n_predictions": 850,
  "timestamp": "2026-04-05T07:58:12.208602+00:00"
}