{
  "snapshot_id": "snap_155_1775377573",
  "cycle": 155,
  "brier_score": 0.07076340746296296,
  "ece": 0.2122854444444445,
  "discrimination": 0.9975374932974405,
  "roi": -0.3785,
  "edge_hit_rate": 0.2068,
  "health_score": 71.4,
  "model_weights": {
    "external_data": 0.0,
    "microstructure": 1.0
  },
  "approach": "time_series_heavy",
  "n_predictions": 5400,
  "timestamp": "2026-04-05T08:26:13.703502+00:00"
}