{
  "snapshot_id": "snap_590_1775385839",
  "cycle": 590,
  "brier_score": 0.06217791136049473,
  "ece": 0.18821611495089124,
  "discrimination": 0.997886320284389,
  "roi": -0.1251,
  "edge_hit_rate": 0.3672,
  "health_score": 79.9,
  "model_weights": {
    "external_data": 0.0,
    "microstructure": 1.0
  },
  "approach": "time_series_heavy",
  "n_predictions": 2749,
  "timestamp": "2026-04-05T10:43:59.888562+00:00"
}