{
  "snapshot_id": "snap_466_1775383576",
  "cycle": 466,
  "brier_score": 0.06419783835725269,
  "ece": 0.1871394925679139,
  "discrimination": 0.9972386097485527,
  "roi": -0.1462,
  "edge_hit_rate": 0.3588,
  "health_score": 77.6,
  "model_weights": {
    "external_data": 0.0,
    "microstructure": 1.0
  },
  "approach": "time_series_heavy",
  "n_predictions": 3902,
  "timestamp": "2026-04-05T10:06:16.187047+00:00"
}