{
  "snapshot_id": "snap_539_1775384936",
  "cycle": 539,
  "brier_score": 0.06193784144723618,
  "ece": 0.18897333333333327,
  "discrimination": 0.9977355455464657,
  "roi": -0.158,
  "edge_hit_rate": 0.3283,
  "health_score": 76.7,
  "model_weights": {
    "external_data": 0.0,
    "microstructure": 1.0
  },
  "approach": "time_series_heavy",
  "n_predictions": 2985,
  "timestamp": "2026-04-05T10:28:56.028186+00:00"
}