{
  "snapshot_id": "snap_311_1775380598",
  "cycle": 311,
  "brier_score": 0.06464825686994063,
  "ece": 0.19098888289260657,
  "discrimination": 0.9973634574130954,
  "roi": -0.4324,
  "edge_hit_rate": 0.1839,
  "health_score": 72.1,
  "model_weights": {
    "external_data": 0.0,
    "microstructure": 1.0
  },
  "approach": "time_series_heavy",
  "n_predictions": 1853,
  "timestamp": "2026-04-05T09:16:38.883809+00:00"
}