{
  "snapshot_id": "snap_378_1775381865",
  "cycle": 378,
  "brier_score": 0.06487042264438794,
  "ece": 0.19471776244097347,
  "discrimination": 0.9974639467266264,
  "roi": -0.3323,
  "edge_hit_rate": 0.2328,
  "health_score": 72.1,
  "model_weights": {
    "external_data": 0.0,
    "microstructure": 1.0
  },
  "approach": "time_series_heavy",
  "n_predictions": 2753,
  "timestamp": "2026-04-05T09:37:45.536247+00:00"
}