{
  "snapshot_id": "snap_589_1775385823",
  "cycle": 589,
  "brier_score": 0.06235039213428356,
  "ece": 0.18804872468117034,
  "discrimination": 0.9978066388532011,
  "roi": -0.1251,
  "edge_hit_rate": 0.3672,
  "health_score": 79.9,
  "model_weights": {
    "external_data": 0.0,
    "microstructure": 1.0
  },
  "approach": "time_series_heavy",
  "n_predictions": 2666,
  "timestamp": "2026-04-05T10:43:43.429096+00:00"
}