{
  "snapshot_id": "snap_718_1775388054",
  "cycle": 718,
  "brier_score": 0.06300617018861333,
  "ece": 0.18757146349982537,
  "discrimination": 0.997996744710154,
  "roi": -0.1864,
  "edge_hit_rate": 0.3277,
  "health_score": 73.7,
  "model_weights": {
    "external_data": 0.0,
    "microstructure": 1.0
  },
  "approach": "time_series_heavy",
  "n_predictions": 2863,
  "timestamp": "2026-04-05T11:20:54.926136+00:00"
}