{
  "snapshot_id": "snap_250_1775379477",
  "cycle": 250,
  "brier_score": 0.06508254387543252,
  "ece": 0.191697640767537,
  "discrimination": 0.9969140568473946,
  "roi": -0.3566,
  "edge_hit_rate": 0.2159,
  "health_score": 72.1,
  "model_weights": {
    "external_data": 0.0,
    "microstructure": 1.0
  },
  "approach": "time_series_heavy",
  "n_predictions": 3179,
  "timestamp": "2026-04-05T08:57:57.596535+00:00"
}