{
  "snapshot_id": "snap_350_1775381334",
  "cycle": 350,
  "brier_score": 0.06535137556421551,
  "ece": 0.19107065401558795,
  "discrimination": 0.9970003384044963,
  "roi": -0.2388,
  "edge_hit_rate": 0.289,
  "health_score": 72.0,
  "model_weights": {
    "external_data": 0.0,
    "microstructure": 1.0
  },
  "approach": "time_series_heavy",
  "n_predictions": 2951,
  "timestamp": "2026-04-05T09:28:54.046505+00:00"
}