{
  "snapshot_id": "snap_711_1775387938",
  "cycle": 711,
  "brier_score": 0.06261251969996703,
  "ece": 0.1852084075173096,
  "discrimination": 0.9978258328304,
  "roi": -0.1633,
  "edge_hit_rate": 0.3429,
  "health_score": 76.1,
  "model_weights": {
    "external_data": 0.0,
    "microstructure": 1.0
  },
  "approach": "time_series_heavy",
  "n_predictions": 3033,
  "timestamp": "2026-04-05T11:18:58.113558+00:00"
}