{
  "snapshot_id": "snap_669_1775387220",
  "cycle": 669,
  "brier_score": 0.0631438758645337,
  "ece": 0.1881719196732471,
  "discrimination": 0.9975720703194085,
  "roi": -0.1727,
  "edge_hit_rate": 0.3267,
  "health_score": 75.1,
  "model_weights": {
    "external_data": 0.0,
    "microstructure": 1.0
  },
  "approach": "time_series_heavy",
  "n_predictions": 2938,
  "timestamp": "2026-04-05T11:07:00.269110+00:00"
}