{
  "snapshot_id": "snap_637_1775386653",
  "cycle": 637,
  "brier_score": 0.06290586721915285,
  "ece": 0.18764610190300798,
  "discrimination": 0.9975555033805117,
  "roi": -0.1222,
  "edge_hit_rate": 0.3735,
  "health_score": 80.1,
  "model_weights": {
    "external_data": 0.0,
    "microstructure": 1.0
  },
  "approach": "time_series_heavy",
  "n_predictions": 3258,
  "timestamp": "2026-04-05T10:57:33.240698+00:00"
}