{
  "snapshot_id": "snap_868_1775390670",
  "cycle": 868,
  "brier_score": 0.06481144140449437,
  "ece": 0.17922126805778496,
  "discrimination": 0.9917999564117285,
  "roi": -0.1129,
  "edge_hit_rate": 0.375,
  "health_score": 80.6,
  "model_weights": {
    "external_data": 0.9888,
    "microstructure": 0.0112
  },
  "approach": "time_series_heavy",
  "n_predictions": 2492,
  "timestamp": "2026-04-05T12:04:30.510566+00:00"
}