{
  "snapshot_id": "snap_415_1775382560",
  "cycle": 415,
  "brier_score": 0.06330462501886792,
  "ece": 0.19175245283018866,
  "discrimination": 0.9976155005648876,
  "roi": -0.3168,
  "edge_hit_rate": 0.2374,
  "health_score": 72.3,
  "model_weights": {
    "external_data": 0.0,
    "microstructure": 1.0
  },
  "approach": "time_series_heavy",
  "n_predictions": 3180,
  "timestamp": "2026-04-05T09:49:20.025183+00:00"
}