{
  "snapshot_id": "snap_286_1775380129",
  "cycle": 286,
  "brier_score": 0.0636174000881727,
  "ece": 0.19152249923989054,
  "discrimination": 0.9979624340897624,
  "roi": -0.3546,
  "edge_hit_rate": 0.2234,
  "health_score": 72.3,
  "model_weights": {
    "external_data": 0.0,
    "microstructure": 1.0
  },
  "approach": "time_series_heavy",
  "n_predictions": 3289,
  "timestamp": "2026-04-05T09:08:49.455862+00:00"
}