{
  "snapshot_id": "snap_473_1775383699",
  "cycle": 473,
  "brier_score": 0.06418776921533394,
  "ece": 0.18997517220724766,
  "discrimination": 0.9975508530147098,
  "roi": -0.1818,
  "edge_hit_rate": 0.3191,
  "health_score": 74.0,
  "model_weights": {
    "external_data": 0.0,
    "microstructure": 1.0
  },
  "approach": "time_series_heavy",
  "n_predictions": 3339,
  "timestamp": "2026-04-05T10:08:19.160005+00:00"
}