{
  "snapshot_id": "snap_316_1775380690",
  "cycle": 316,
  "brier_score": 0.06464727807713806,
  "ece": 0.19232409167132475,
  "discrimination": 0.9975131177012233,
  "roi": -0.3144,
  "edge_hit_rate": 0.2485,
  "health_score": 72.1,
  "model_weights": {
    "external_data": 0.0,
    "microstructure": 1.0
  },
  "approach": "time_series_heavy",
  "n_predictions": 3578,
  "timestamp": "2026-04-05T09:18:10.950663+00:00"
}