{
  "snapshot_id": "snap_719_1775388060",
  "cycle": 719,
  "brier_score": 0.06346333572513813,
  "ece": 0.18803563535911602,
  "discrimination": 0.9979793323115241,
  "roi": -0.2146,
  "edge_hit_rate": 0.3131,
  "health_score": 72.3,
  "model_weights": {
    "external_data": 0.0,
    "microstructure": 1.0
  },
  "approach": "time_series_heavy",
  "n_predictions": 2896,
  "timestamp": "2026-04-05T11:21:00.859774+00:00"
}