{
  "snapshot_id": "snap_557_1775385256",
  "cycle": 557,
  "brier_score": 0.0625409219550173,
  "ece": 0.18714140715109576,
  "discrimination": 0.9972984518642561,
  "roi": -0.1188,
  "edge_hit_rate": 0.3708,
  "health_score": 80.5,
  "model_weights": {
    "external_data": 0.0,
    "microstructure": 1.0
  },
  "approach": "time_series_heavy",
  "n_predictions": 3468,
  "timestamp": "2026-04-05T10:34:16.202694+00:00"
}