{
  "snapshot_id": "snap_289_1775380171",
  "cycle": 289,
  "brier_score": 0.06389197362867877,
  "ece": 0.1932823105823419,
  "discrimination": 0.9979872136393096,
  "roi": -0.3995,
  "edge_hit_rate": 0.2007,
  "health_score": 72.3,
  "model_weights": {
    "external_data": 0.0,
    "microstructure": 1.0
  },
  "approach": "time_series_heavy",
  "n_predictions": 3194,
  "timestamp": "2026-04-05T09:09:31.870031+00:00"
}