{
  "snapshot_id": "snap_693_1775387625",
  "cycle": 693,
  "brier_score": 0.06347412428315412,
  "ece": 0.18930964157706093,
  "discrimination": 0.9978286955031141,
  "roi": -0.1276,
  "edge_hit_rate": 0.369,
  "health_score": 79.5,
  "model_weights": {
    "external_data": 0.0,
    "microstructure": 1.0
  },
  "approach": "time_series_heavy",
  "n_predictions": 2790,
  "timestamp": "2026-04-05T11:13:45.435384+00:00"
}