{
  "snapshot_id": "snap_889_1775391034",
  "cycle": 889,
  "brier_score": 0.07284378366286058,
  "ece": 0.17088909254807697,
  "discrimination": 0.9760357660331627,
  "roi": -0.236,
  "edge_hit_rate": 0.2809,
  "health_score": 70.3,
  "model_weights": {
    "external_data": 1.0,
    "microstructure": 0.0
  },
  "approach": "time_series_heavy",
  "n_predictions": 3328,
  "timestamp": "2026-04-05T12:10:34.069510+00:00"
}