{
  "snapshot_id": "snap_310_1775380557",
  "cycle": 310,
  "brier_score": 0.06519849789269747,
  "ece": 0.19442244411326381,
  "discrimination": 0.997793367074551,
  "roi": -0.3376,
  "edge_hit_rate": 0.2373,
  "health_score": 72.1,
  "model_weights": {
    "external_data": 0.0,
    "microstructure": 1.0
  },
  "approach": "time_series_heavy",
  "n_predictions": 3355,
  "timestamp": "2026-04-05T09:15:57.965911+00:00"
}