{
  "snapshot_id": "snap_631_1775386549",
  "cycle": 631,
  "brier_score": 0.0629095733059829,
  "ece": 0.18800485470085473,
  "discrimination": 0.9975378098975782,
  "roi": -0.1191,
  "edge_hit_rate": 0.3752,
  "health_score": 80.4,
  "model_weights": {
    "external_data": 0.0,
    "microstructure": 1.0
  },
  "approach": "time_series_heavy",
  "n_predictions": 2925,
  "timestamp": "2026-04-05T10:55:49.253614+00:00"
}