{
  "snapshot_id": "snap_678_1775387356",
  "cycle": 678,
  "brier_score": 0.06323752739673724,
  "ece": 0.18668438042346408,
  "discrimination": 0.9974691847544082,
  "roi": -0.1755,
  "edge_hit_rate": 0.3237,
  "health_score": 74.8,
  "model_weights": {
    "external_data": 0.0,
    "microstructure": 1.0
  },
  "approach": "time_series_heavy",
  "n_predictions": 2881,
  "timestamp": "2026-04-05T11:09:16.572704+00:00"
}