{
  "snapshot_id": "snap_739_1775388414",
  "cycle": 739,
  "brier_score": 0.06311300784411278,
  "ece": 0.18717548922056382,
  "discrimination": 0.9976356459079805,
  "roi": -0.1656,
  "edge_hit_rate": 0.3424,
  "health_score": 75.8,
  "model_weights": {
    "external_data": 0.0,
    "microstructure": 1.0
  },
  "approach": "time_series_heavy",
  "n_predictions": 3015,
  "timestamp": "2026-04-05T11:26:54.152958+00:00"
}