{
  "snapshot_id": "snap_754_1775388674",
  "cycle": 754,
  "brier_score": 0.06339237323081517,
  "ece": 0.1852440429979098,
  "discrimination": 0.9973963689295077,
  "roi": -0.0805,
  "edge_hit_rate": 0.4155,
  "health_score": 84.2,
  "model_weights": {
    "external_data": 0.0,
    "microstructure": 1.0
  },
  "approach": "time_series_heavy",
  "n_predictions": 3349,
  "timestamp": "2026-04-05T11:31:14.176584+00:00"
}