{
  "snapshot_id": "snap_195_1775378386",
  "cycle": 195,
  "brier_score": 0.06882382497270742,
  "ece": 0.20283362445414846,
  "discrimination": 0.9976217400583829,
  "roi": -0.3729,
  "edge_hit_rate": 0.2097,
  "health_score": 71.6,
  "model_weights": {
    "external_data": 0.0,
    "microstructure": 1.0
  },
  "approach": "time_series_heavy",
  "n_predictions": 3664,
  "timestamp": "2026-04-05T08:39:46.857303+00:00"
}