{
  "snapshot_id": "snap_223_1775378956",
  "cycle": 223,
  "brier_score": 0.06864963298377404,
  "ece": 0.2011341045673077,
  "discrimination": 0.9973201329226051,
  "roi": -0.3914,
  "edge_hit_rate": 0.2033,
  "health_score": 71.7,
  "model_weights": {
    "external_data": 0.0,
    "microstructure": 1.0
  },
  "approach": "time_series_heavy",
  "n_predictions": 3328,
  "timestamp": "2026-04-05T08:49:16.761753+00:00"
}