{
  "snapshot_id": "snap_494_1775384073",
  "cycle": 494,
  "brier_score": 0.06381941962904249,
  "ece": 0.18742032339885858,
  "discrimination": 0.997727234732601,
  "roi": -0.1184,
  "edge_hit_rate": 0.3656,
  "health_score": 80.4,
  "model_weights": {
    "external_data": 0.0,
    "microstructure": 1.0
  },
  "approach": "time_series_heavy",
  "n_predictions": 3154,
  "timestamp": "2026-04-05T10:14:33.214370+00:00"
}