{
  "snapshot_id": "snap_633_1775386583",
  "cycle": 633,
  "brier_score": 0.06246192145218801,
  "ece": 0.18708538087520257,
  "discrimination": 0.9975835539795526,
  "roi": -0.1222,
  "edge_hit_rate": 0.3735,
  "health_score": 80.2,
  "model_weights": {
    "external_data": 0.0,
    "microstructure": 1.0
  },
  "approach": "time_series_heavy",
  "n_predictions": 3085,
  "timestamp": "2026-04-05T10:56:23.142450+00:00"
}