{
  "snapshot_id": "snap_730_1775388262",
  "cycle": 730,
  "brier_score": 0.06275424635784782,
  "ece": 0.1862261381725565,
  "discrimination": 0.9979354085081205,
  "roi": -0.1843,
  "edge_hit_rate": 0.3313,
  "health_score": 74.0,
  "model_weights": {
    "external_data": 0.0,
    "microstructure": 1.0
  },
  "approach": "time_series_heavy",
  "n_predictions": 3141,
  "timestamp": "2026-04-05T11:24:22.702479+00:00"
}