{
  "snapshot_id": "snap_779_1775389104",
  "cycle": 779,
  "brier_score": 0.06406235284447259,
  "ece": 0.18706420652518213,
  "discrimination": 0.9972696519624183,
  "roi": -0.1189,
  "edge_hit_rate": 0.3768,
  "health_score": 80.3,
  "model_weights": {
    "external_data": 0.0,
    "microstructure": 1.0
  },
  "approach": "time_series_heavy",
  "n_predictions": 3157,
  "timestamp": "2026-04-05T11:38:24.400417+00:00"
}