{
  "snapshot_id": "snap_851_1775390643",
  "cycle": 851,
  "brier_score": 0.07016355446411013,
  "ece": 0.1727920353982301,
  "discrimination": 0.9808496700972331,
  "roi": -0.104,
  "edge_hit_rate": 0.3849,
  "health_score": 80.4,
  "model_weights": {
    "external_data": 0.9888,
    "microstructure": 0.0112
  },
  "approach": "time_series_heavy",
  "n_predictions": 3051,
  "timestamp": "2026-04-05T12:04:03.723379+00:00"
}