{
  "snapshot_id": "snap_627_1775386480",
  "cycle": 627,
  "brier_score": 0.06319209613551242,
  "ece": 0.1885161389172625,
  "discrimination": 0.9974923760275789,
  "roi": -0.1256,
  "edge_hit_rate": 0.372,
  "health_score": 79.8,
  "model_weights": {
    "external_data": 0.0,
    "microstructure": 1.0
  },
  "approach": "time_series_heavy",
  "n_predictions": 2937,
  "timestamp": "2026-04-05T10:54:40.229990+00:00"
}