{
  "snapshot_id": "snap_341_1775381157",
  "cycle": 341,
  "brier_score": 0.06659700331954498,
  "ece": 0.19386401240951395,
  "discrimination": 0.9969802364728153,
  "roi": -0.2354,
  "edge_hit_rate": 0.2895,
  "health_score": 71.9,
  "model_weights": {
    "external_data": 0.0,
    "microstructure": 1.0
  },
  "approach": "time_series_heavy",
  "n_predictions": 2901,
  "timestamp": "2026-04-05T09:25:57.113375+00:00"
}