{
  "snapshot_id": "snap_838_1775390141",
  "cycle": 838,
  "brier_score": 0.06433977486550901,
  "ece": 0.18580251957780045,
  "discrimination": 0.9967260336902161,
  "roi": -0.1154,
  "edge_hit_rate": 0.3722,
  "health_score": 80.6,
  "model_weights": {
    "external_data": 0.0,
    "microstructure": 1.0
  },
  "approach": "time_series_heavy",
  "n_predictions": 2937,
  "timestamp": "2026-04-05T11:55:41.964623+00:00"
}