{
  "snapshot_id": "snap_444_1775383137",
  "cycle": 444,
  "brier_score": 0.06357881391692956,
  "ece": 0.18685515247108306,
  "discrimination": 0.9968126860743666,
  "roi": -0.2262,
  "edge_hit_rate": 0.2926,
  "health_score": 72.2,
  "model_weights": {
    "external_data": 0.0,
    "microstructure": 1.0
  },
  "approach": "time_series_heavy",
  "n_predictions": 3804,
  "timestamp": "2026-04-05T09:58:57.533937+00:00"
}