{
  "snapshot_id": "snap_309_1775380558",
  "cycle": 309,
  "brier_score": 0.06516764985705777,
  "ece": 0.19440279928528886,
  "discrimination": 0.9977961626399127,
  "roi": -0.3376,
  "edge_hit_rate": 0.2373,
  "health_score": 72.1,
  "model_weights": {
    "external_data": 0.0,
    "microstructure": 1.0
  },
  "approach": "time_series_heavy",
  "n_predictions": 3358,
  "timestamp": "2026-04-05T09:15:58.426239+00:00"
}