{
  "snapshot_id": "snap_738_1775388398",
  "cycle": 738,
  "brier_score": 0.06322896006469186,
  "ece": 0.1870118147769833,
  "discrimination": 0.9976569752631163,
  "roi": -0.1656,
  "edge_hit_rate": 0.3424,
  "health_score": 75.8,
  "model_weights": {
    "external_data": 0.0,
    "microstructure": 1.0
  },
  "approach": "time_series_heavy",
  "n_predictions": 2937,
  "timestamp": "2026-04-05T11:26:38.334427+00:00"
}