{
  "snapshot_id": "snap_733_1775388317",
  "cycle": 733,
  "brier_score": 0.06252801392994954,
  "ece": 0.1860329771445533,
  "discrimination": 0.9979741246308241,
  "roi": -0.1843,
  "edge_hit_rate": 0.3313,
  "health_score": 74.0,
  "model_weights": {
    "external_data": 0.0,
    "microstructure": 1.0
  },
  "approach": "time_series_heavy",
  "n_predictions": 3369,
  "timestamp": "2026-04-05T11:25:17.967918+00:00"
}