{
  "snapshot_id": "snap_77_1775376106",
  "cycle": 77,
  "brier_score": 0.06725287585999999,
  "ece": 0.21159166666666665,
  "discrimination": 0.998625074371844,
  "roi": -0.4891,
  "edge_hit_rate": 0.1547,
  "health_score": 71.9,
  "model_weights": {
    "external_data": 0.0,
    "microstructure": 1.0
  },
  "approach": "time_series_heavy",
  "n_predictions": 1500,
  "timestamp": "2026-04-05T08:01:46.553497+00:00"
}