{
  "snapshot_id": "snap_578_1775385635",
  "cycle": 578,
  "brier_score": 0.0637929869646499,
  "ece": 0.19139092454112847,
  "discrimination": 0.9976232057615222,
  "roi": -0.1109,
  "edge_hit_rate": 0.3752,
  "health_score": 81.2,
  "model_weights": {
    "external_data": 0.0,
    "microstructure": 1.0
  },
  "approach": "time_series_heavy",
  "n_predictions": 2942,
  "timestamp": "2026-04-05T10:40:35.601946+00:00"
}