{
  "snapshot_id": "snap_381_1775381913",
  "cycle": 381,
  "brier_score": 0.06434103615516062,
  "ece": 0.1929871155160629,
  "discrimination": 0.9975177564694949,
  "roi": -0.3302,
  "edge_hit_rate": 0.2333,
  "health_score": 72.2,
  "model_weights": {
    "external_data": 0.0,
    "microstructure": 1.0
  },
  "approach": "time_series_heavy",
  "n_predictions": 2926,
  "timestamp": "2026-04-05T09:38:33.799569+00:00"
}