{
  "snapshot_id": "snap_330_1775380965",
  "cycle": 330,
  "brier_score": 0.06473220997181511,
  "ece": 0.19049177001127396,
  "discrimination": 0.9974647297133895,
  "roi": -0.1784,
  "edge_hit_rate": 0.3254,
  "health_score": 74.3,
  "model_weights": {
    "external_data": 0.0,
    "microstructure": 1.0
  },
  "approach": "time_series_heavy",
  "n_predictions": 3548,
  "timestamp": "2026-04-05T09:22:45.417988+00:00"
}