{
  "snapshot_id": "snap_499_1775384166",
  "cycle": 499,
  "brier_score": 0.06333661821943574,
  "ece": 0.18657235109717865,
  "discrimination": 0.9973087919826829,
  "roi": -0.1373,
  "edge_hit_rate": 0.3487,
  "health_score": 78.6,
  "model_weights": {
    "external_data": 0.0,
    "microstructure": 1.0
  },
  "approach": "time_series_heavy",
  "n_predictions": 3190,
  "timestamp": "2026-04-05T10:16:06.510068+00:00"
}