{
  "snapshot_id": "snap_280_1775380020",
  "cycle": 280,
  "brier_score": 0.08986578735849059,
  "ece": 0.25322075471698113,
  "discrimination": 1.0,
  "roi": -0.8495,
  "edge_hit_rate": 0.0385,
  "health_score": 69.2,
  "model_weights": {
    "external_data": 0.0,
    "microstructure": 1.0
  },
  "approach": "time_series_heavy",
  "n_predictions": 53,
  "timestamp": "2026-04-05T09:07:00.178425+00:00"
}