{
  "snapshot_id": "snap_173_1775377976",
  "cycle": 173,
  "brier_score": 0.07007367114703618,
  "ece": 0.20854878111367722,
  "discrimination": 0.9975920263686846,
  "roi": -0.3464,
  "edge_hit_rate": 0.2215,
  "health_score": 71.5,
  "model_weights": {
    "external_data": 0.0,
    "microstructure": 1.0
  },
  "approach": "time_series_heavy",
  "n_predictions": 3897,
  "timestamp": "2026-04-05T08:32:56.418776+00:00"
}