{
  "snapshot_id": "snap_625_1775386445",
  "cycle": 625,
  "brier_score": 0.06389156179826218,
  "ece": 0.18932051378919537,
  "discrimination": 0.9973841589369427,
  "roi": -0.1264,
  "edge_hit_rate": 0.3706,
  "health_score": 79.6,
  "model_weights": {
    "external_data": 0.0,
    "microstructure": 1.0
  },
  "approach": "time_series_heavy",
  "n_predictions": 2647,
  "timestamp": "2026-04-05T10:54:05.632330+00:00"
}