{
  "snapshot_id": "snap_546_1775385064",
  "cycle": 546,
  "brier_score": 0.062389369731825524,
  "ece": 0.18916846526655898,
  "discrimination": 0.9977178701774909,
  "roi": -0.0949,
  "edge_hit_rate": 0.386,
  "health_score": 82.9,
  "model_weights": {
    "external_data": 0.0,
    "microstructure": 1.0
  },
  "approach": "time_series_heavy",
  "n_predictions": 3095,
  "timestamp": "2026-04-05T10:31:04.079286+00:00"
}