{
  "snapshot_id": "snap_291_1775380212",
  "cycle": 291,
  "brier_score": 0.06425520339737725,
  "ece": 0.1941261360170784,
  "discrimination": 0.9980160811701936,
  "roi": -0.4035,
  "edge_hit_rate": 0.201,
  "health_score": 72.2,
  "model_weights": {
    "external_data": 0.0,
    "microstructure": 1.0
  },
  "approach": "time_series_heavy",
  "n_predictions": 3279,
  "timestamp": "2026-04-05T09:10:12.973533+00:00"
}