{
  "snapshot_id": "snap_753_1775388657",
  "cycle": 753,
  "brier_score": 0.06282636314474872,
  "ece": 0.18584414685525127,
  "discrimination": 0.9976356434767215,
  "roi": -0.0997,
  "edge_hit_rate": 0.3982,
  "health_score": 82.4,
  "model_weights": {
    "external_data": 0.0,
    "microstructure": 1.0
  },
  "approach": "time_series_heavy",
  "n_predictions": 3323,
  "timestamp": "2026-04-05T11:30:57.098710+00:00"
}