{
  "snapshot_id": "snap_40_1775375482",
  "cycle": 40,
  "brier_score": 0.06822772760000001,
  "ece": 0.2088592,
  "discrimination": 0.9980796412248025,
  "roi": -0.3101,
  "edge_hit_rate": 0.2469,
  "health_score": 71.7,
  "model_weights": {},
  "approach": "time_series_heavy",
  "n_predictions": 2000,
  "timestamp": "2026-04-05T07:51:22.512254+00:00"
}