{
  "snapshot_id": "snap_198_1775378456",
  "cycle": 198,
  "brier_score": 0.06899061033152173,
  "ece": 0.20246027173913048,
  "discrimination": 0.9976472179792335,
  "roi": -0.3285,
  "edge_hit_rate": 0.2348,
  "health_score": 71.6,
  "model_weights": {
    "external_data": 0.0,
    "microstructure": 1.0
  },
  "approach": "time_series_heavy",
  "n_predictions": 3680,
  "timestamp": "2026-04-05T08:40:56.604429+00:00"
}