{
  "snapshot_id": "snap_571_1775385511",
  "cycle": 571,
  "brier_score": 0.06300576162295587,
  "ece": 0.1881980253008331,
  "discrimination": 0.9972967631325972,
  "roi": -0.1361,
  "edge_hit_rate": 0.3576,
  "health_score": 78.7,
  "model_weights": {
    "external_data": 0.0,
    "microstructure": 1.0
  },
  "approach": "time_series_heavy",
  "n_predictions": 3241,
  "timestamp": "2026-04-05T10:38:31.143854+00:00"
}