{
  "snapshot_id": "snap_577_1775385625",
  "cycle": 577,
  "brier_score": 0.063267766269922,
  "ece": 0.19099148864021706,
  "discrimination": 0.9976943265426307,
  "roi": -0.1191,
  "edge_hit_rate": 0.3701,
  "health_score": 80.4,
  "model_weights": {
    "external_data": 0.0,
    "microstructure": 1.0
  },
  "approach": "time_series_heavy",
  "n_predictions": 2949,
  "timestamp": "2026-04-05T10:40:25.235841+00:00"
}