{
  "snapshot_id": "snap_849_1775390318",
  "cycle": 849,
  "brier_score": 0.0654031413870246,
  "ece": 0.18083879833812716,
  "discrimination": 0.9908023628277768,
  "roi": -0.1263,
  "edge_hit_rate": 0.3627,
  "health_score": 79.2,
  "model_weights": {
    "external_data": 0.8472,
    "microstructure": 0.1528
  },
  "approach": "time_series_heavy",
  "n_predictions": 3129,
  "timestamp": "2026-04-05T11:58:38.770603+00:00"
}