{
  "snapshot_id": "snap_408_1775382425",
  "cycle": 408,
  "brier_score": 0.06259875294429708,
  "ece": 0.1913422413793104,
  "discrimination": 0.9977063282213996,
  "roi": -0.2741,
  "edge_hit_rate": 0.2624,
  "health_score": 72.4,
  "model_weights": {
    "external_data": 0.0,
    "microstructure": 1.0
  },
  "approach": "time_series_heavy",
  "n_predictions": 3016,
  "timestamp": "2026-04-05T09:47:05.374888+00:00"
}