{
  "snapshot_id": "snap_350_1775381325",
  "cycle": 350,
  "brier_score": 0.065349562957359,
  "ece": 0.1910825309491059,
  "discrimination": 0.9970720184429557,
  "roi": -0.2388,
  "edge_hit_rate": 0.289,
  "health_score": 72.0,
  "model_weights": {
    "external_data": 0.0,
    "microstructure": 1.0
  },
  "approach": "time_series_heavy",
  "n_predictions": 2908,
  "timestamp": "2026-04-05T09:28:45.005067+00:00"
}