{
  "snapshot_id": "snap_113_1775376698",
  "cycle": 113,
  "brier_score": 0.06930206823636363,
  "ece": 0.21190436363636367,
  "discrimination": 0.9977361361199949,
  "roi": -0.487,
  "edge_hit_rate": 0.1541,
  "health_score": 71.6,
  "model_weights": {
    "external_data": 0.0,
    "microstructure": 1.0
  },
  "approach": "time_series_heavy",
  "n_predictions": 3300,
  "timestamp": "2026-04-05T08:11:38.289727+00:00"
}