{
  "snapshot_id": "snap_319_1775380749",
  "cycle": 319,
  "brier_score": 0.06486764147699757,
  "ece": 0.19172596852300244,
  "discrimination": 0.9974523436647014,
  "roi": -0.3085,
  "edge_hit_rate": 0.2496,
  "health_score": 72.1,
  "model_weights": {
    "external_data": 0.0,
    "microstructure": 1.0
  },
  "approach": "time_series_heavy",
  "n_predictions": 3304,
  "timestamp": "2026-04-05T09:19:09.860625+00:00"
}