{
  "snapshot_id": "snap_324_1775380821",
  "cycle": 324,
  "brier_score": 0.06501095983658256,
  "ece": 0.1924844323394495,
  "discrimination": 0.9975968631687397,
  "roi": -0.2702,
  "edge_hit_rate": 0.2721,
  "health_score": 72.1,
  "model_weights": {
    "external_data": 0.0,
    "microstructure": 1.0
  },
  "approach": "time_series_heavy",
  "n_predictions": 3488,
  "timestamp": "2026-04-05T09:20:21.789253+00:00"
}