{
  "snapshot_id": "snap_28_1775375297",
  "cycle": 28,
  "brier_score": 0.06653049824285714,
  "ece": 0.20861828571428576,
  "discrimination": 0.9991601167752078,
  "roi": -0.2595,
  "edge_hit_rate": 0.2787,
  "health_score": 72.0,
  "model_weights": {},
  "approach": "external_data_driven",
  "n_predictions": 1400,
  "timestamp": "2026-04-05T07:48:17.900300+00:00"
}