{
  "snapshot_id": "snap_447_1775383201",
  "cycle": 447,
  "brier_score": 0.06316747162378977,
  "ece": 0.18844426002766257,
  "discrimination": 0.997184088861507,
  "roi": -0.2547,
  "edge_hit_rate": 0.2732,
  "health_score": 72.3,
  "model_weights": {
    "external_data": 0.0,
    "microstructure": 1.0
  },
  "approach": "time_series_heavy",
  "n_predictions": 3615,
  "timestamp": "2026-04-05T10:00:01.277899+00:00"
}