{
  "snapshot_id": "snap_699_1775387728",
  "cycle": 699,
  "brier_score": 0.06365941385176652,
  "ece": 0.18783091397849466,
  "discrimination": 0.9976142813219574,
  "roi": -0.1553,
  "edge_hit_rate": 0.3495,
  "health_score": 76.7,
  "model_weights": {
    "external_data": 0.0,
    "microstructure": 1.0
  },
  "approach": "time_series_heavy",
  "n_predictions": 2604,
  "timestamp": "2026-04-05T11:15:28.999289+00:00"
}