{
  "snapshot_id": "snap_336_1775381082",
  "cycle": 336,
  "brier_score": 0.06483011088644264,
  "ece": 0.1929395133256083,
  "discrimination": 0.9974737517678165,
  "roi": -0.2425,
  "edge_hit_rate": 0.2847,
  "health_score": 72.1,
  "model_weights": {
    "external_data": 0.0,
    "microstructure": 1.0
  },
  "approach": "time_series_heavy",
  "n_predictions": 3452,
  "timestamp": "2026-04-05T09:24:42.548052+00:00"
}