{
  "snapshot_id": "snap_623_1775386423",
  "cycle": 623,
  "brier_score": 0.06376596164745764,
  "ece": 0.18983403389830514,
  "discrimination": 0.9975002633889377,
  "roi": -0.1157,
  "edge_hit_rate": 0.3838,
  "health_score": 80.7,
  "model_weights": {
    "external_data": 0.0,
    "microstructure": 1.0
  },
  "approach": "time_series_heavy",
  "n_predictions": 2950,
  "timestamp": "2026-04-05T10:53:43.743500+00:00"
}