{
  "snapshot_id": "snap_473_1775383701",
  "cycle": 473,
  "brier_score": 0.06417032139062966,
  "ece": 0.1900220232766338,
  "discrimination": 0.9975601084757589,
  "roi": -0.1818,
  "edge_hit_rate": 0.3191,
  "health_score": 74.0,
  "model_weights": {
    "external_data": 0.0,
    "microstructure": 1.0
  },
  "approach": "time_series_heavy",
  "n_predictions": 3351,
  "timestamp": "2026-04-05T10:08:21.069237+00:00"
}