{
  "snapshot_id": "snap_869_1775390678",
  "cycle": 869,
  "brier_score": 0.0703567495338843,
  "ece": 0.17300753719008266,
  "discrimination": 0.9808966148133945,
  "roi": -0.1064,
  "edge_hit_rate": 0.3855,
  "health_score": 80.2,
  "model_weights": {
    "external_data": 0.9888,
    "microstructure": 0.0112
  },
  "approach": "time_series_heavy",
  "n_predictions": 3025,
  "timestamp": "2026-04-05T12:04:38.362044+00:00"
}