{
  "snapshot_id": "snap_859_1775390496",
  "cycle": 859,
  "brier_score": 0.06769116613181399,
  "ece": 0.17635481983369267,
  "discrimination": 0.9878981866951958,
  "roi": -0.074,
  "edge_hit_rate": 0.4151,
  "health_score": 84.0,
  "model_weights": {
    "external_data": 0.0,
    "microstructure": 1.0
  },
  "approach": "time_series_heavy",
  "n_predictions": 3247,
  "timestamp": "2026-04-05T12:01:36.568599+00:00"
}