{
  "snapshot_id": "snap_888_1775391017",
  "cycle": 888,
  "brier_score": 0.07276566688031591,
  "ece": 0.16841655528554073,
  "discrimination": 0.9762997770262949,
  "roi": -0.1887,
  "edge_hit_rate": 0.3133,
  "health_score": 71.5,
  "model_weights": {
    "external_data": 1.0,
    "microstructure": 0.0
  },
  "approach": "time_series_heavy",
  "n_predictions": 3292,
  "timestamp": "2026-04-05T12:10:17.681993+00:00"
}