{
  "snapshot_id": "snap_465_1775383553",
  "cycle": 465,
  "brier_score": 0.0642593305089192,
  "ece": 0.18676568730325294,
  "discrimination": 0.9971815458254137,
  "roi": -0.1462,
  "edge_hit_rate": 0.3588,
  "health_score": 77.6,
  "model_weights": {
    "external_data": 0.0,
    "microstructure": 1.0
  },
  "approach": "time_series_heavy",
  "n_predictions": 3812,
  "timestamp": "2026-04-05T10:05:53.515559+00:00"
}