{
  "snapshot_id": "snap_821_1775389840",
  "cycle": 821,
  "brier_score": 0.06272416673503793,
  "ece": 0.18638485529643156,
  "discrimination": 0.9978406513815821,
  "roi": -0.0884,
  "edge_hit_rate": 0.4122,
  "health_score": 83.5,
  "model_weights": {
    "external_data": 0.0,
    "microstructure": 1.0
  },
  "approach": "time_series_heavy",
  "n_predictions": 3559,
  "timestamp": "2026-04-05T11:50:40.997411+00:00"
}