{
  "snapshot_id": "snap_178_1775378076",
  "cycle": 178,
  "brier_score": 0.07038415759379041,
  "ece": 0.2073963260025873,
  "discrimination": 0.9973778705671922,
  "roi": -0.361,
  "edge_hit_rate": 0.2128,
  "health_score": 71.4,
  "model_weights": {
    "external_data": 0.0,
    "microstructure": 1.0
  },
  "approach": "time_series_heavy",
  "n_predictions": 3865,
  "timestamp": "2026-04-05T08:34:36.628926+00:00"
}