{
  "snapshot_id": "snap_256_1775379577",
  "cycle": 256,
  "brier_score": 0.06540320244515103,
  "ece": 0.1925139268680445,
  "discrimination": 0.9971150500738556,
  "roi": -0.3915,
  "edge_hit_rate": 0.1983,
  "health_score": 72.0,
  "model_weights": {
    "external_data": 0.0,
    "microstructure": 1.0
  },
  "approach": "time_series_heavy",
  "n_predictions": 3145,
  "timestamp": "2026-04-05T08:59:37.327632+00:00"
}