{
  "snapshot_id": "snap_763_1775388822",
  "cycle": 763,
  "brier_score": 0.06286964285058977,
  "ece": 0.18903630406290958,
  "discrimination": 0.9978377270684048,
  "roi": -0.0821,
  "edge_hit_rate": 0.4075,
  "health_score": 84.2,
  "model_weights": {
    "external_data": 0.0,
    "microstructure": 1.0
  },
  "approach": "time_series_heavy",
  "n_predictions": 3052,
  "timestamp": "2026-04-05T11:33:42.098414+00:00"
}