{
  "snapshot_id": "snap_22_1775375212",
  "cycle": 22,
  "brier_score": 0.06839927488181818,
  "ece": 0.2084648181818182,
  "discrimination": 0.9988555376372055,
  "roi": -0.2595,
  "edge_hit_rate": 0.2787,
  "health_score": 71.7,
  "model_weights": {},
  "approach": "time_series_heavy",
  "n_predictions": 1100,
  "timestamp": "2026-04-05T07:46:52.094218+00:00"
}