{
  "snapshot_id": "snap_807_1775389596",
  "cycle": 807,
  "brier_score": 0.06190761320810097,
  "ece": 0.1868045201056648,
  "discrimination": 0.9978856908041664,
  "roi": -0.0966,
  "edge_hit_rate": 0.4055,
  "health_score": 82.8,
  "model_weights": {
    "external_data": 0.0,
    "microstructure": 1.0
  },
  "approach": "time_series_heavy",
  "n_predictions": 3407,
  "timestamp": "2026-04-05T11:46:36.878935+00:00"
}