{
  "snapshot_id": "snap_768_1775388917",
  "cycle": 768,
  "brier_score": 0.06306570393059938,
  "ece": 0.18700694006309151,
  "discrimination": 0.9976180614782356,
  "roi": -0.0807,
  "edge_hit_rate": 0.4078,
  "health_score": 84.3,
  "model_weights": {
    "external_data": 0.0,
    "microstructure": 1.0
  },
  "approach": "time_series_heavy",
  "n_predictions": 3170,
  "timestamp": "2026-04-05T11:35:17.892522+00:00"
}