{
  "snapshot_id": "snap_340_1775381153",
  "cycle": 340,
  "brier_score": 0.06669997343598616,
  "ece": 0.19400058823529412,
  "discrimination": 0.9969717947483961,
  "roi": -0.2354,
  "edge_hit_rate": 0.2895,
  "health_score": 71.9,
  "model_weights": {
    "external_data": 0.0,
    "microstructure": 1.0
  },
  "approach": "time_series_heavy",
  "n_predictions": 2890,
  "timestamp": "2026-04-05T09:25:53.665397+00:00"
}