{
  "snapshot_id": "snap_850_1775390601",
  "cycle": 850,
  "brier_score": 0.06820729777906977,
  "ece": 0.17599755813953488,
  "discrimination": 0.9845459615360604,
  "roi": -0.0907,
  "edge_hit_rate": 0.3996,
  "health_score": 82.1,
  "model_weights": {
    "external_data": 1.0,
    "microstructure": 0.0
  },
  "approach": "time_series_heavy",
  "n_predictions": 3440,
  "timestamp": "2026-04-05T12:03:21.010683+00:00"
}