{
  "snapshot_id": "snap_814_1775389715",
  "cycle": 814,
  "brier_score": 0.06170131553902302,
  "ece": 0.18627577203818083,
  "discrimination": 0.9979083549281259,
  "roi": -0.1092,
  "edge_hit_rate": 0.3917,
  "health_score": 81.6,
  "model_weights": {
    "external_data": 0.0,
    "microstructure": 1.0
  },
  "approach": "time_series_heavy",
  "n_predictions": 3562,
  "timestamp": "2026-04-05T11:48:35.501672+00:00"
}