{
  "snapshot_id": "snap_527_1775384715",
  "cycle": 527,
  "brier_score": 0.06820215917233559,
  "ece": 0.18600147392290248,
  "discrimination": 0.9960551545228965,
  "roi": -0.2615,
  "edge_hit_rate": 0.2837,
  "health_score": 71.7,
  "model_weights": {
    "external_data": 0.0,
    "microstructure": 1.0
  },
  "approach": "time_series_heavy",
  "n_predictions": 882,
  "timestamp": "2026-04-05T10:25:15.448012+00:00"
}