{
  "snapshot_id": "snap_536_1775384886",
  "cycle": 536,
  "brier_score": 0.06260137924352331,
  "ece": 0.1907702590673575,
  "discrimination": 0.9977245223369323,
  "roi": -0.1568,
  "edge_hit_rate": 0.33,
  "health_score": 76.7,
  "model_weights": {
    "external_data": 0.0,
    "microstructure": 1.0
  },
  "approach": "time_series_heavy",
  "n_predictions": 2895,
  "timestamp": "2026-04-05T10:28:06.126267+00:00"
}