{
  "snapshot_id": "snap_574_1775385562",
  "cycle": 574,
  "brier_score": 0.06333424352024922,
  "ece": 0.18711043613707165,
  "discrimination": 0.9970039668995229,
  "roi": -0.2001,
  "edge_hit_rate": 0.3125,
  "health_score": 72.3,
  "model_weights": {
    "external_data": 0.0,
    "microstructure": 1.0
  },
  "approach": "time_series_heavy",
  "n_predictions": 1284,
  "timestamp": "2026-04-05T10:39:22.624100+00:00"
}