{
  "snapshot_id": "snap_463_1775383509",
  "cycle": 463,
  "brier_score": 0.06375748490684931,
  "ece": 0.18692501369863015,
  "discrimination": 0.9972472304356397,
  "roi": -0.1578,
  "edge_hit_rate": 0.3476,
  "health_score": 76.5,
  "model_weights": {
    "external_data": 0.0,
    "microstructure": 1.0
  },
  "approach": "time_series_heavy",
  "n_predictions": 3650,
  "timestamp": "2026-04-05T10:05:09.673256+00:00"
}