{
  "snapshot_id": "snap_272_1775379875",
  "cycle": 272,
  "brier_score": 0.06452548021778585,
  "ece": 0.1908686630369026,
  "discrimination": 0.9972819268317483,
  "roi": -0.2034,
  "edge_hit_rate": 0.3097,
  "health_score": 72.1,
  "model_weights": {
    "external_data": 0.0,
    "microstructure": 1.0
  },
  "approach": "time_series_heavy",
  "n_predictions": 3306,
  "timestamp": "2026-04-05T09:04:35.933761+00:00"
}