{
  "snapshot_id": "snap_359_1775381497",
  "cycle": 359,
  "brier_score": 0.06601839418430033,
  "ece": 0.19237023890784982,
  "discrimination": 0.997271866341104,
  "roi": -0.2301,
  "edge_hit_rate": 0.292,
  "health_score": 72.0,
  "model_weights": {
    "external_data": 0.0,
    "microstructure": 1.0
  },
  "approach": "time_series_heavy",
  "n_predictions": 2930,
  "timestamp": "2026-04-05T09:31:37.006105+00:00"
}