{
  "snapshot_id": "snap_183_1775378159",
  "cycle": 183,
  "brier_score": 0.0689474490437018,
  "ece": 0.20476385604113115,
  "discrimination": 0.997294591542512,
  "roi": -0.3926,
  "edge_hit_rate": 0.1979,
  "health_score": 71.6,
  "model_weights": {
    "external_data": 0.0,
    "microstructure": 1.0
  },
  "approach": "time_series_heavy",
  "n_predictions": 3890,
  "timestamp": "2026-04-05T08:35:59.144810+00:00"
}