{
  "snapshot_id": "snap_217_1775378840",
  "cycle": 217,
  "brier_score": 0.06849482463988522,
  "ece": 0.2004209756097561,
  "discrimination": 0.9974404595111981,
  "roi": -0.3519,
  "edge_hit_rate": 0.2212,
  "health_score": 71.7,
  "model_weights": {
    "external_data": 0.0,
    "microstructure": 1.0
  },
  "approach": "time_series_heavy",
  "n_predictions": 3485,
  "timestamp": "2026-04-05T08:47:20.501919+00:00"
}