{
  "snapshot_id": "snap_244_1775379376",
  "cycle": 244,
  "brier_score": 0.06684073732966697,
  "ece": 0.1939972502291476,
  "discrimination": 0.9965807891011106,
  "roi": -0.336,
  "edge_hit_rate": 0.2292,
  "health_score": 71.8,
  "model_weights": {
    "external_data": 0.0,
    "microstructure": 1.0
  },
  "approach": "time_series_heavy",
  "n_predictions": 3273,
  "timestamp": "2026-04-05T08:56:16.306485+00:00"
}