{
  "snapshot_id": "snap_749_1775388589",
  "cycle": 749,
  "brier_score": 0.06322213668481742,
  "ece": 0.18451841768097374,
  "discrimination": 0.9973851047025423,
  "roi": -0.1475,
  "edge_hit_rate": 0.3577,
  "health_score": 77.6,
  "model_weights": {
    "external_data": 0.0,
    "microstructure": 1.0
  },
  "approach": "time_series_heavy",
  "n_predictions": 3122,
  "timestamp": "2026-04-05T11:29:49.087327+00:00"
}