{
  "snapshot_id": "snap_255_1775379556",
  "cycle": 255,
  "brier_score": 0.06514419124467737,
  "ece": 0.19232502456600065,
  "discrimination": 0.99714037350313,
  "roi": -0.3915,
  "edge_hit_rate": 0.1983,
  "health_score": 72.1,
  "model_weights": {
    "external_data": 0.0,
    "microstructure": 1.0
  },
  "approach": "time_series_heavy",
  "n_predictions": 3053,
  "timestamp": "2026-04-05T08:59:16.006112+00:00"
}