{
  "snapshot_id": "snap_657_1775386998",
  "cycle": 657,
  "brier_score": 0.06314707959602876,
  "ece": 0.1875737761040739,
  "discrimination": 0.9978500588824978,
  "roi": -0.1349,
  "edge_hit_rate": 0.3579,
  "health_score": 78.8,
  "model_weights": {
    "external_data": 0.0,
    "microstructure": 1.0
  },
  "approach": "time_series_heavy",
  "n_predictions": 2921,
  "timestamp": "2026-04-05T11:03:18.084670+00:00"
}