{
  "snapshot_id": "snap_295_1775380302",
  "cycle": 295,
  "brier_score": 0.06551259241833983,
  "ece": 0.1956076116272101,
  "discrimination": 0.9979444854082234,
  "roi": -0.2914,
  "edge_hit_rate": 0.2646,
  "health_score": 72.1,
  "model_weights": {
    "external_data": 0.0,
    "microstructure": 1.0
  },
  "approach": "time_series_heavy",
  "n_predictions": 3337,
  "timestamp": "2026-04-05T09:11:42.292868+00:00"
}