{
  "snapshot_id": "snap_26_1775375269",
  "cycle": 26,
  "brier_score": 0.06670636939999999,
  "ece": 0.2075695384615385,
  "discrimination": 0.9990866666666667,
  "roi": -0.2595,
  "edge_hit_rate": 0.2787,
  "health_score": 72.0,
  "model_weights": {
    "external_data": 0.0,
    "microstructure": 1.0
  },
  "approach": "conservative",
  "n_predictions": 1300,
  "timestamp": "2026-04-05T07:47:49.967693+00:00"
}