{
  "snapshot_id": "snap_193_1775378344",
  "cycle": 193,
  "brier_score": 0.06839414672875131,
  "ece": 0.20130773871983204,
  "discrimination": 0.9975547603050776,
  "roi": -0.3797,
  "edge_hit_rate": 0.2047,
  "health_score": 71.7,
  "model_weights": {
    "external_data": 0.0,
    "microstructure": 1.0
  },
  "approach": "time_series_heavy",
  "n_predictions": 3812,
  "timestamp": "2026-04-05T08:39:04.488779+00:00"
}