{
  "snapshot_id": "snap_241_1775379320",
  "cycle": 241,
  "brier_score": 0.06723835815162907,
  "ece": 0.19412687969924808,
  "discrimination": 0.996482331767529,
  "roi": -0.3369,
  "edge_hit_rate": 0.2287,
  "health_score": 71.8,
  "model_weights": {
    "external_data": 0.0,
    "microstructure": 1.0
  },
  "approach": "time_series_heavy",
  "n_predictions": 3192,
  "timestamp": "2026-04-05T08:55:20.930756+00:00"
}