{
  "snapshot_id": "snap_432_1775382905",
  "cycle": 432,
  "brier_score": 0.06313937941428571,
  "ece": 0.1915044285714286,
  "discrimination": 0.9977533463605107,
  "roi": -0.2232,
  "edge_hit_rate": 0.2899,
  "health_score": 72.3,
  "model_weights": {
    "external_data": 0.0,
    "microstructure": 1.0
  },
  "approach": "time_series_heavy",
  "n_predictions": 3500,
  "timestamp": "2026-04-05T09:55:05.694052+00:00"
}