{
  "snapshot_id": "snap_846_1775390269",
  "cycle": 846,
  "brier_score": 0.0660000814477379,
  "ece": 0.17860985959438375,
  "discrimination": 0.9904592237507301,
  "roi": -0.1315,
  "edge_hit_rate": 0.3602,
  "health_score": 78.5,
  "model_weights": {
    "external_data": 0.8472,
    "microstructure": 0.1528
  },
  "approach": "time_series_heavy",
  "n_predictions": 3205,
  "timestamp": "2026-04-05T11:57:49.980705+00:00"
}