{
  "snapshot_id": "snap_502_1775384232",
  "cycle": 502,
  "brier_score": 0.06310214495608898,
  "ece": 0.18634265222482435,
  "discrimination": 0.9974183477425552,
  "roi": -0.1373,
  "edge_hit_rate": 0.3487,
  "health_score": 78.6,
  "model_weights": {
    "external_data": 0.0,
    "microstructure": 1.0
  },
  "approach": "time_series_heavy",
  "n_predictions": 3416,
  "timestamp": "2026-04-05T10:17:12.480950+00:00"
}