{
  "snapshot_id": "snap_424_1775382752",
  "cycle": 424,
  "brier_score": 0.06335992851660939,
  "ece": 0.19028911798396336,
  "discrimination": 0.9975605666569441,
  "roi": -0.1691,
  "edge_hit_rate": 0.3313,
  "health_score": 75.4,
  "model_weights": {
    "external_data": 0.0,
    "microstructure": 1.0
  },
  "approach": "time_series_heavy",
  "n_predictions": 3492,
  "timestamp": "2026-04-05T09:52:32.639839+00:00"
}