{
  "snapshot_id": "snap_711_1775387927",
  "cycle": 711,
  "brier_score": 0.06438756990450205,
  "ece": 0.1910914051841746,
  "discrimination": 0.9978351378630087,
  "roi": -0.157,
  "edge_hit_rate": 0.3508,
  "health_score": 76.5,
  "model_weights": {
    "external_data": 0.0,
    "microstructure": 1.0
  },
  "approach": "time_series_heavy",
  "n_predictions": 1466,
  "timestamp": "2026-04-05T11:18:47.361514+00:00"
}