{
  "snapshot_id": "snap_362_1775381569",
  "cycle": 362,
  "brier_score": 0.06520150215451215,
  "ece": 0.19277419247419242,
  "discrimination": 0.997499210302996,
  "roi": -0.2586,
  "edge_hit_rate": 0.2712,
  "health_score": 72.1,
  "model_weights": {
    "external_data": 0.0,
    "microstructure": 1.0
  },
  "approach": "time_series_heavy",
  "n_predictions": 3003,
  "timestamp": "2026-04-05T09:32:49.099149+00:00"
}