{
  "snapshot_id": "snap_359_1775381500",
  "cycle": 359,
  "brier_score": 0.06619645063540604,
  "ece": 0.19250316004077475,
  "discrimination": 0.9972703460867777,
  "roi": -0.2292,
  "edge_hit_rate": 0.2923,
  "health_score": 71.9,
  "model_weights": {
    "external_data": 0.0,
    "microstructure": 1.0
  },
  "approach": "time_series_heavy",
  "n_predictions": 2943,
  "timestamp": "2026-04-05T09:31:40.633543+00:00"
}