{
  "snapshot_id": "snap_50_1775375662",
  "cycle": 50,
  "brier_score": 0.07582530653333333,
  "ece": 0.2339133333333333,
  "discrimination": 0.9994385176866929,
  "roi": -0.6685,
  "edge_hit_rate": 0.0867,
  "health_score": 70.9,
  "model_weights": {},
  "approach": "time_series_heavy",
  "n_predictions": 150,
  "timestamp": "2026-04-05T07:54:22.408365+00:00"
}