{
  "snapshot_id": "snap_395_1775382181",
  "cycle": 395,
  "brier_score": 0.06568094827112676,
  "ece": 0.19566721830985914,
  "discrimination": 0.9974961585011579,
  "roi": -0.2679,
  "edge_hit_rate": 0.2661,
  "health_score": 72.0,
  "model_weights": {
    "external_data": 0.0,
    "microstructure": 1.0
  },
  "approach": "time_series_heavy",
  "n_predictions": 2840,
  "timestamp": "2026-04-05T09:43:01.134066+00:00"
}