{
  "snapshot_id": "snap_474_1775383715",
  "cycle": 474,
  "brier_score": 0.06381019910301605,
  "ece": 0.18997606737171957,
  "discrimination": 0.9976956638371083,
  "roi": -0.177,
  "edge_hit_rate": 0.3207,
  "health_score": 74.6,
  "model_weights": {
    "external_data": 0.0,
    "microstructure": 1.0
  },
  "approach": "time_series_heavy",
  "n_predictions": 2553,
  "timestamp": "2026-04-05T10:08:35.529753+00:00"
}