{
  "snapshot_id": "snap_820_1775389825",
  "cycle": 820,
  "brier_score": 0.06253790380624821,
  "ece": 0.18607566638005157,
  "discrimination": 0.9978417628050275,
  "roi": -0.0889,
  "edge_hit_rate": 0.4113,
  "health_score": 83.5,
  "model_weights": {
    "external_data": 0.0,
    "microstructure": 1.0
  },
  "approach": "time_series_heavy",
  "n_predictions": 3489,
  "timestamp": "2026-04-05T11:50:25.070682+00:00"
}