{
  "snapshot_id": "snap_182_1775378142",
  "cycle": 182,
  "brier_score": 0.0691778068048534,
  "ece": 0.20402618806875628,
  "discrimination": 0.9972652606587579,
  "roi": -0.3697,
  "edge_hit_rate": 0.2088,
  "health_score": 71.6,
  "model_weights": {
    "external_data": 0.0,
    "microstructure": 1.0
  },
  "approach": "time_series_heavy",
  "n_predictions": 3956,
  "timestamp": "2026-04-05T08:35:42.751601+00:00"
}