{
  "snapshot_id": "snap_735_1775388343",
  "cycle": 735,
  "brier_score": 0.06310349321144675,
  "ece": 0.18588219395866454,
  "discrimination": 0.9978865153815754,
  "roi": -0.1895,
  "edge_hit_rate": 0.3272,
  "health_score": 73.4,
  "model_weights": {
    "external_data": 0.0,
    "microstructure": 1.0
  },
  "approach": "time_series_heavy",
  "n_predictions": 3145,
  "timestamp": "2026-04-05T11:25:43.685337+00:00"
}