{
  "snapshot_id": "snap_881_1775390893",
  "cycle": 881,
  "brier_score": 0.07342062734181047,
  "ece": 0.16656454738116866,
  "discrimination": 0.9730740128668928,
  "roi": -0.1222,
  "edge_hit_rate": 0.367,
  "health_score": 77.9,
  "model_weights": {
    "external_data": 1.0,
    "microstructure": 0.0
  },
  "approach": "time_series_heavy",
  "n_predictions": 3303,
  "timestamp": "2026-04-05T12:08:13.369749+00:00"
}