{
  "snapshot_id": "snap_743_1775388481",
  "cycle": 743,
  "brier_score": 0.06301241528083701,
  "ece": 0.1871932268722467,
  "discrimination": 0.9976794469577188,
  "roi": -0.1583,
  "edge_hit_rate": 0.3469,
  "health_score": 76.5,
  "model_weights": {
    "external_data": 0.0,
    "microstructure": 1.0
  },
  "approach": "time_series_heavy",
  "n_predictions": 1816,
  "timestamp": "2026-04-05T11:28:01.969693+00:00"
}