{
  "snapshot_id": "snap_181_1775378133",
  "cycle": 181,
  "brier_score": 0.06952619411451944,
  "ece": 0.2113137423312883,
  "discrimination": 0.997925656863852,
  "roi": -0.5098,
  "edge_hit_rate": 0.1441,
  "health_score": 71.6,
  "model_weights": {
    "external_data": 0.0,
    "microstructure": 1.0
  },
  "approach": "time_series_heavy",
  "n_predictions": 2445,
  "timestamp": "2026-04-05T08:35:33.678153+00:00"
}