{
  "snapshot_id": "snap_538_1775384919",
  "cycle": 538,
  "brier_score": 0.06192645424502402,
  "ece": 0.1882729238160604,
  "discrimination": 0.9976726809401818,
  "roi": -0.158,
  "edge_hit_rate": 0.3283,
  "health_score": 76.7,
  "model_weights": {
    "external_data": 0.0,
    "microstructure": 1.0
  },
  "approach": "time_series_heavy",
  "n_predictions": 2914,
  "timestamp": "2026-04-05T10:28:39.362691+00:00"
}