{
  "snapshot_id": "snap_697_1775387714",
  "cycle": 697,
  "brier_score": 0.0638106336892844,
  "ece": 0.1880300333704116,
  "discrimination": 0.9975973221882467,
  "roi": -0.127,
  "edge_hit_rate": 0.37,
  "health_score": 79.5,
  "model_weights": {
    "external_data": 0.0,
    "microstructure": 1.0
  },
  "approach": "time_series_heavy",
  "n_predictions": 2697,
  "timestamp": "2026-04-05T11:15:14.420069+00:00"
}