{
  "snapshot_id": "snap_96_1775376398",
  "cycle": 96,
  "brier_score": 0.07033553990204082,
  "ece": 0.21481085714285716,
  "discrimination": 0.9978930775041811,
  "roi": -0.567,
  "edge_hit_rate": 0.1218,
  "health_score": 71.5,
  "model_weights": {
    "external_data": 0.0,
    "microstructure": 1.0
  },
  "approach": "time_series_heavy",
  "n_predictions": 2450,
  "timestamp": "2026-04-05T08:06:38.590681+00:00"
}