{
  "snapshot_id": "snap_570_1775385498",
  "cycle": 570,
  "brier_score": 0.06316847389732685,
  "ece": 0.1885402490886999,
  "discrimination": 0.9973099577152063,
  "roi": -0.1361,
  "edge_hit_rate": 0.3576,
  "health_score": 78.7,
  "model_weights": {
    "external_data": 0.0,
    "microstructure": 1.0
  },
  "approach": "time_series_heavy",
  "n_predictions": 3292,
  "timestamp": "2026-04-05T10:38:18.306699+00:00"
}