{
  "snapshot_id": "snap_840_1775390235",
  "cycle": 840,
  "brier_score": 0.06562471367899007,
  "ece": 0.1889898106402164,
  "discrimination": 0.9975815850815851,
  "roi": -0.195,
  "edge_hit_rate": 0.3134,
  "health_score": 72.5,
  "model_weights": {
    "external_data": 0.0,
    "microstructure": 1.0
  },
  "approach": "time_series_heavy",
  "n_predictions": 1109,
  "timestamp": "2026-04-05T11:57:15.252857+00:00"
}