{
  "snapshot_id": "snap_729_1775388246",
  "cycle": 729,
  "brier_score": 0.06252322120851597,
  "ece": 0.18635867251095803,
  "discrimination": 0.9979722871054889,
  "roi": -0.1843,
  "edge_hit_rate": 0.3313,
  "health_score": 74.0,
  "model_weights": {
    "external_data": 0.0,
    "microstructure": 1.0
  },
  "approach": "time_series_heavy",
  "n_predictions": 3194,
  "timestamp": "2026-04-05T11:24:06.284451+00:00"
}