{
  "snapshot_id": "snap_560_1775385307",
  "cycle": 560,
  "brier_score": 0.06292961427146311,
  "ece": 0.1864101269649335,
  "discrimination": 0.9970600229859489,
  "roi": -0.1487,
  "edge_hit_rate": 0.3475,
  "health_score": 77.5,
  "model_weights": {
    "external_data": 0.0,
    "microstructure": 1.0
  },
  "approach": "time_series_heavy",
  "n_predictions": 3308,
  "timestamp": "2026-04-05T10:35:07.198912+00:00"
}