{
  "snapshot_id": "snap_626_1775386477",
  "cycle": 626,
  "brier_score": 0.06377324137349398,
  "ece": 0.1895746987951807,
  "discrimination": 0.9974849279161205,
  "roi": -0.1256,
  "edge_hit_rate": 0.372,
  "health_score": 79.7,
  "model_weights": {
    "external_data": 0.0,
    "microstructure": 1.0
  },
  "approach": "time_series_heavy",
  "n_predictions": 2490,
  "timestamp": "2026-04-05T10:54:37.373930+00:00"
}