{
  "snapshot_id": "snap_71_1775376011",
  "cycle": 71,
  "brier_score": 0.06600874905,
  "ece": 0.20928083333333336,
  "discrimination": 0.9990222275798794,
  "roi": -0.605,
  "edge_hit_rate": 0.1101,
  "health_score": 72.0,
  "model_weights": {
    "external_data": 0.0,
    "microstructure": 1.0
  },
  "approach": "time_series_heavy",
  "n_predictions": 1200,
  "timestamp": "2026-04-05T08:00:11.213371+00:00"
}