{
  "snapshot_id": "snap_802_1775389508",
  "cycle": 802,
  "brier_score": 0.06257060328877836,
  "ece": 0.18687752564501092,
  "discrimination": 0.9977229363066393,
  "roi": -0.083,
  "edge_hit_rate": 0.4119,
  "health_score": 84.1,
  "model_weights": {
    "external_data": 0.0,
    "microstructure": 1.0
  },
  "approach": "time_series_heavy",
  "n_predictions": 3217,
  "timestamp": "2026-04-05T11:45:08.806973+00:00"
}