{
  "snapshot_id": "snap_834_1775390065",
  "cycle": 834,
  "brier_score": 0.06341901017550143,
  "ece": 0.18521486389684813,
  "discrimination": 0.9975963554924807,
  "roi": -0.0942,
  "edge_hit_rate": 0.3996,
  "health_score": 82.9,
  "model_weights": {
    "external_data": 0.0,
    "microstructure": 1.0
  },
  "approach": "time_series_heavy",
  "n_predictions": 2792,
  "timestamp": "2026-04-05T11:54:25.813422+00:00"
}