{
  "snapshot_id": "snap_420_1775382664",
  "cycle": 420,
  "brier_score": 0.06293534801164484,
  "ece": 0.19179441048034934,
  "discrimination": 0.9977981912446607,
  "roi": -0.199,
  "edge_hit_rate": 0.3106,
  "health_score": 72.5,
  "model_weights": {
    "external_data": 0.0,
    "microstructure": 1.0
  },
  "approach": "time_series_heavy",
  "n_predictions": 3435,
  "timestamp": "2026-04-05T09:51:04.391565+00:00"
}