{
  "snapshot_id": "snap_150_1775377457",
  "cycle": 150,
  "brier_score": 0.07018406723883495,
  "ece": 0.21130205825242715,
  "discrimination": 0.997603302787785,
  "roi": -0.3774,
  "edge_hit_rate": 0.2067,
  "health_score": 71.5,
  "model_weights": {
    "external_data": 0.0,
    "microstructure": 1.0
  },
  "approach": "time_series_heavy",
  "n_predictions": 5150,
  "timestamp": "2026-04-05T08:24:17.999308+00:00"
}