{
  "snapshot_id": "snap_649_1775386874",
  "cycle": 649,
  "brier_score": 0.06354676819329247,
  "ece": 0.1895892535160476,
  "discrimination": 0.9978727581789248,
  "roi": -0.1499,
  "edge_hit_rate": 0.3446,
  "health_score": 77.3,
  "model_weights": {
    "external_data": 0.0,
    "microstructure": 1.0
  },
  "approach": "time_series_heavy",
  "n_predictions": 2773,
  "timestamp": "2026-04-05T11:01:14.286845+00:00"
}