{
  "snapshot_id": "snap_887_1775391000",
  "cycle": 887,
  "brier_score": 0.07250204609129383,
  "ece": 0.16701188029020556,
  "discrimination": 0.9756034452070066,
  "roi": -0.1465,
  "edge_hit_rate": 0.3415,
  "health_score": 75.7,
  "model_weights": {
    "external_data": 1.0,
    "microstructure": 0.0
  },
  "approach": "time_series_heavy",
  "n_predictions": 3308,
  "timestamp": "2026-04-05T12:10:00.910724+00:00"
}