{
  "snapshot_id": "snap_342_1775381189",
  "cycle": 342,
  "brier_score": 0.06627606800900276,
  "ece": 0.19273770775623264,
  "discrimination": 0.9968912197811866,
  "roi": -0.2337,
  "edge_hit_rate": 0.2926,
  "health_score": 71.9,
  "model_weights": {
    "external_data": 0.0,
    "microstructure": 1.0
  },
  "approach": "time_series_heavy",
  "n_predictions": 2888,
  "timestamp": "2026-04-05T09:26:29.577640+00:00"
}