{
  "snapshot_id": "snap_808_1775389613",
  "cycle": 808,
  "brier_score": 0.06295815966594046,
  "ece": 0.18686376180101674,
  "discrimination": 0.9978569242874629,
  "roi": -0.1906,
  "edge_hit_rate": 0.3219,
  "health_score": 73.3,
  "model_weights": {
    "external_data": 0.0,
    "microstructure": 1.0
  },
  "approach": "time_series_heavy",
  "n_predictions": 1377,
  "timestamp": "2026-04-05T11:46:53.509791+00:00"
}