{
  "snapshot_id": "snap_420_1775382663",
  "cycle": 420,
  "brier_score": 0.06288813170212766,
  "ece": 0.19167446808510644,
  "discrimination": 0.9977968957253565,
  "roi": -0.1957,
  "edge_hit_rate": 0.3125,
  "health_score": 72.8,
  "model_weights": {
    "external_data": 0.0,
    "microstructure": 1.0
  },
  "approach": "time_series_heavy",
  "n_predictions": 3431,
  "timestamp": "2026-04-05T09:51:03.061301+00:00"
}