{
  "snapshot_id": "snap_186_1775378215",
  "cycle": 186,
  "brier_score": 0.06864427237057918,
  "ece": 0.20419387493593036,
  "discrimination": 0.9975767743046855,
  "roi": -0.3968,
  "edge_hit_rate": 0.1959,
  "health_score": 71.7,
  "model_weights": {
    "external_data": 0.0,
    "microstructure": 1.0
  },
  "approach": "time_series_heavy",
  "n_predictions": 3902,
  "timestamp": "2026-04-05T08:36:55.999699+00:00"
}