{
  "snapshot_id": "snap_860_1775390976",
  "cycle": 860,
  "brier_score": 0.0730853820892803,
  "ece": 0.1667230488915882,
  "discrimination": 0.9749399251898591,
  "roi": -0.1223,
  "edge_hit_rate": 0.3649,
  "health_score": 78.0,
  "model_weights": {
    "external_data": 1.0,
    "microstructure": 0.0
  },
  "approach": "time_series_heavy",
  "n_predictions": 3293,
  "timestamp": "2026-04-05T12:09:36.278994+00:00"
}