{
  "snapshot_id": "snap_457_1775383394",
  "cycle": 457,
  "brier_score": 0.06337216123127697,
  "ece": 0.18699900990099008,
  "discrimination": 0.9971963349582154,
  "roi": -0.1175,
  "edge_hit_rate": 0.3824,
  "health_score": 80.5,
  "model_weights": {
    "external_data": 0.0,
    "microstructure": 1.0
  },
  "approach": "time_series_heavy",
  "n_predictions": 3939,
  "timestamp": "2026-04-05T10:03:14.262269+00:00"
}