{
  "snapshot_id": "snap_383_1775381977",
  "cycle": 383,
  "brier_score": 0.06496153217986676,
  "ece": 0.19345407105847526,
  "discrimination": 0.9973653966293834,
  "roi": -0.3302,
  "edge_hit_rate": 0.2333,
  "health_score": 72.1,
  "model_weights": {
    "external_data": 0.0,
    "microstructure": 1.0
  },
  "approach": "time_series_heavy",
  "n_predictions": 2702,
  "timestamp": "2026-04-05T09:39:37.761248+00:00"
}