{
  "snapshot_id": "snap_619_1775386340",
  "cycle": 619,
  "brier_score": 0.06395899245930749,
  "ece": 0.1891707605800533,
  "discrimination": 0.9974958624035155,
  "roi": -0.0885,
  "edge_hit_rate": 0.4045,
  "health_score": 83.4,
  "model_weights": {
    "external_data": 0.0,
    "microstructure": 1.0
  },
  "approach": "time_series_heavy",
  "n_predictions": 3379,
  "timestamp": "2026-04-05T10:52:20.204440+00:00"
}