{
  "snapshot_id": "snap_226_1775379022",
  "cycle": 226,
  "brier_score": 0.06821387235692308,
  "ece": 0.20142110769230773,
  "discrimination": 0.9977168324940602,
  "roi": -0.3832,
  "edge_hit_rate": 0.2091,
  "health_score": 71.7,
  "model_weights": {
    "external_data": 0.0,
    "microstructure": 1.0
  },
  "approach": "time_series_heavy",
  "n_predictions": 3250,
  "timestamp": "2026-04-05T08:50:22.496496+00:00"
}