{
  "snapshot_id": "snap_793_1775389348",
  "cycle": 793,
  "brier_score": 0.0640353224287447,
  "ece": 0.18787741055184964,
  "discrimination": 0.9974329188069965,
  "roi": -0.0873,
  "edge_hit_rate": 0.4074,
  "health_score": 83.5,
  "model_weights": {
    "external_data": 0.0,
    "microstructure": 1.0
  },
  "approach": "time_series_heavy",
  "n_predictions": 3298,
  "timestamp": "2026-04-05T11:42:28.110319+00:00"
}