{
  "snapshot_id": "snap_849_1775390333",
  "cycle": 849,
  "brier_score": 0.06646638989819376,
  "ece": 0.1792695566502463,
  "discrimination": 0.988760425138764,
  "roi": -0.1278,
  "edge_hit_rate": 0.3606,
  "health_score": 78.8,
  "model_weights": {
    "external_data": 0.8472,
    "microstructure": 0.1528
  },
  "approach": "time_series_heavy",
  "n_predictions": 3045,
  "timestamp": "2026-04-05T11:58:53.742102+00:00"
}