{
  "snapshot_id": "snap_507_1775384339",
  "cycle": 507,
  "brier_score": 0.06256535173607038,
  "ece": 0.18729560117302052,
  "discrimination": 0.9974302343792449,
  "roi": -0.1218,
  "edge_hit_rate": 0.36,
  "health_score": 80.2,
  "model_weights": {
    "external_data": 0.0,
    "microstructure": 1.0
  },
  "approach": "time_series_heavy",
  "n_predictions": 3410,
  "timestamp": "2026-04-05T10:18:59.296744+00:00"
}