{
  "snapshot_id": "snap_771_1775388961",
  "cycle": 771,
  "brier_score": 0.06270035996725606,
  "ece": 0.1863267190569745,
  "discrimination": 0.9977320787103395,
  "roi": -0.1128,
  "edge_hit_rate": 0.3832,
  "health_score": 81.1,
  "model_weights": {
    "external_data": 0.0,
    "microstructure": 1.0
  },
  "approach": "time_series_heavy",
  "n_predictions": 3054,
  "timestamp": "2026-04-05T11:36:01.555190+00:00"
}