{
  "snapshot_id": "snap_680_1775387387",
  "cycle": 680,
  "brier_score": 0.06284062772319828,
  "ece": 0.18886489781283616,
  "discrimination": 0.9978382588195672,
  "roi": -0.1755,
  "edge_hit_rate": 0.3237,
  "health_score": 74.8,
  "model_weights": {
    "external_data": 0.0,
    "microstructure": 1.0
  },
  "approach": "time_series_heavy",
  "n_predictions": 2789,
  "timestamp": "2026-04-05T11:09:47.680945+00:00"
}