{
  "snapshot_id": "snap_466_1775383568",
  "cycle": 466,
  "brier_score": 0.06589452769470407,
  "ece": 0.18758348909657316,
  "discrimination": 0.996560214717847,
  "roi": -0.2515,
  "edge_hit_rate": 0.2783,
  "health_score": 72.0,
  "model_weights": {
    "external_data": 0.0,
    "microstructure": 1.0
  },
  "approach": "time_series_heavy",
  "n_predictions": 1605,
  "timestamp": "2026-04-05T10:06:08.879303+00:00"
}