{
  "snapshot_id": "snap_839_1775390149",
  "cycle": 839,
  "brier_score": 0.06466196423377506,
  "ece": 0.1843658171933401,
  "discrimination": 0.9954326770845128,
  "roi": -0.1167,
  "edge_hit_rate": 0.3707,
  "health_score": 80.4,
  "model_weights": {
    "external_data": 0.0,
    "microstructure": 1.0
  },
  "approach": "time_series_heavy",
  "n_predictions": 2943,
  "timestamp": "2026-04-05T11:55:49.303102+00:00"
}