{
  "snapshot_id": "snap_698_1775387729",
  "cycle": 698,
  "brier_score": 0.06364614895585412,
  "ece": 0.1878242994241843,
  "discrimination": 0.9976164740780953,
  "roi": -0.1553,
  "edge_hit_rate": 0.3495,
  "health_score": 76.7,
  "model_weights": {
    "external_data": 0.0,
    "microstructure": 1.0
  },
  "approach": "time_series_heavy",
  "n_predictions": 2605,
  "timestamp": "2026-04-05T11:15:29.227824+00:00"
}