{
  "snapshot_id": "snap_295_1775380283",
  "cycle": 295,
  "brier_score": 0.06559436244652003,
  "ece": 0.19559722808074723,
  "discrimination": 0.9978960089128445,
  "roi": -0.3271,
  "edge_hit_rate": 0.2436,
  "health_score": 72.0,
  "model_weights": {
    "external_data": 0.0,
    "microstructure": 1.0
  },
  "approach": "time_series_heavy",
  "n_predictions": 3319,
  "timestamp": "2026-04-05T09:11:23.776542+00:00"
}