{
  "snapshot_id": "snap_677_1775387359",
  "cycle": 677,
  "brier_score": 0.06334312785511363,
  "ece": 0.18756015625,
  "discrimination": 0.9974659343127106,
  "roi": -0.1755,
  "edge_hit_rate": 0.3237,
  "health_score": 74.7,
  "model_weights": {
    "external_data": 0.0,
    "microstructure": 1.0
  },
  "approach": "time_series_heavy",
  "n_predictions": 2816,
  "timestamp": "2026-04-05T11:09:19.525551+00:00"
}