{
  "snapshot_id": "snap_772_1775388978",
  "cycle": 772,
  "brier_score": 0.063338223745907,
  "ece": 0.18644702030124427,
  "discrimination": 0.997538937593969,
  "roi": -0.1128,
  "edge_hit_rate": 0.3832,
  "health_score": 81.0,
  "model_weights": {
    "external_data": 0.0,
    "microstructure": 1.0
  },
  "approach": "time_series_heavy",
  "n_predictions": 3054,
  "timestamp": "2026-04-05T11:36:18.999368+00:00"
}