{
  "snapshot_id": "snap_610_1775386197",
  "cycle": 610,
  "brier_score": 0.06322350980958857,
  "ece": 0.1902584495069704,
  "discrimination": 0.9976027216451302,
  "roi": -0.1142,
  "edge_hit_rate": 0.3713,
  "health_score": 80.9,
  "model_weights": {
    "external_data": 0.0,
    "microstructure": 1.0
  },
  "approach": "time_series_heavy",
  "n_predictions": 2941,
  "timestamp": "2026-04-05T10:49:57.917049+00:00"
}