{
  "snapshot_id": "snap_544_1775385027",
  "cycle": 544,
  "brier_score": 0.07221955541420118,
  "ece": 0.19965355029585802,
  "discrimination": 0.9965192465192465,
  "roi": -0.4048,
  "edge_hit_rate": 0.2087,
  "health_score": 71.2,
  "model_weights": {
    "external_data": 0.0,
    "microstructure": 1.0
  },
  "approach": "time_series_heavy",
  "n_predictions": 338,
  "timestamp": "2026-04-05T10:30:27.271785+00:00"
}