{
  "snapshot_id": "snap_673_1775387289",
  "cycle": 673,
  "brier_score": 0.06299453886900742,
  "ece": 0.1870989534098582,
  "discrimination": 0.997524432015743,
  "roi": -0.1774,
  "edge_hit_rate": 0.323,
  "health_score": 74.6,
  "model_weights": {
    "external_data": 0.0,
    "microstructure": 1.0
  },
  "approach": "time_series_heavy",
  "n_predictions": 2962,
  "timestamp": "2026-04-05T11:08:09.028823+00:00"
}