{
  "snapshot_id": "snap_762_1775388806",
  "cycle": 762,
  "brier_score": 0.06301708101645692,
  "ece": 0.18916447241045498,
  "discrimination": 0.9977553958063703,
  "roi": -0.0821,
  "edge_hit_rate": 0.4075,
  "health_score": 84.1,
  "model_weights": {
    "external_data": 0.0,
    "microstructure": 1.0
  },
  "approach": "time_series_heavy",
  "n_predictions": 3099,
  "timestamp": "2026-04-05T11:33:26.450498+00:00"
}