{
  "snapshot_id": "snap_634_1775386600",
  "cycle": 634,
  "brier_score": 0.06240053844114863,
  "ece": 0.18636484695487537,
  "discrimination": 0.9974901981868713,
  "roi": -0.1222,
  "edge_hit_rate": 0.3735,
  "health_score": 80.2,
  "model_weights": {
    "external_data": 0.0,
    "microstructure": 1.0
  },
  "approach": "time_series_heavy",
  "n_predictions": 3169,
  "timestamp": "2026-04-05T10:56:40.506010+00:00"
}