{
  "snapshot_id": "snap_504_1775384250",
  "cycle": 504,
  "brier_score": 0.06268882745243758,
  "ece": 0.18684259809750298,
  "discrimination": 0.9974308677860129,
  "roi": -0.1278,
  "edge_hit_rate": 0.356,
  "health_score": 79.6,
  "model_weights": {
    "external_data": 0.0,
    "microstructure": 1.0
  },
  "approach": "time_series_heavy",
  "n_predictions": 3364,
  "timestamp": "2026-04-05T10:17:30.896379+00:00"
}