{
  "snapshot_id": "snap_856_1775390445",
  "cycle": 856,
  "brier_score": 0.06531282723619732,
  "ece": 0.1781964390721986,
  "discrimination": 0.9914592990427167,
  "roi": -0.0836,
  "edge_hit_rate": 0.404,
  "health_score": 83.5,
  "model_weights": {
    "external_data": 0.0,
    "microstructure": 1.0
  },
  "approach": "time_series_heavy",
  "n_predictions": 3061,
  "timestamp": "2026-04-05T12:00:45.818360+00:00"
}