{
  "snapshot_id": "snap_24_1775375241",
  "cycle": 24,
  "brier_score": 0.06784329183333333,
  "ece": 0.20913083333333332,
  "discrimination": 0.9989810365949067,
  "roi": -0.2595,
  "edge_hit_rate": 0.2787,
  "health_score": 71.8,
  "model_weights": {},
  "approach": "microstructure_focus",
  "n_predictions": 1200,
  "timestamp": "2026-04-05T07:47:21.839650+00:00"
}