{
  "snapshot_id": "snap_49_1775375649",
  "cycle": 49,
  "brier_score": 0.0697024685,
  "ece": 0.23332500000000003,
  "discrimination": 1.0,
  "roi": -0.5865,
  "edge_hit_rate": 0.11,
  "health_score": 71.6,
  "model_weights": {},
  "approach": "time_series_heavy",
  "n_predictions": 100,
  "timestamp": "2026-04-05T07:54:09.360501+00:00"
}