{
  "snapshot_id": "snap_453_1775383314",
  "cycle": 453,
  "brier_score": 0.0636761650555247,
  "ece": 0.1871639367018323,
  "discrimination": 0.9971335631243342,
  "roi": -0.118,
  "edge_hit_rate": 0.382,
  "health_score": 80.4,
  "model_weights": {
    "external_data": 0.0,
    "microstructure": 1.0
  },
  "approach": "time_series_heavy",
  "n_predictions": 3602,
  "timestamp": "2026-04-05T10:01:54.077264+00:00"
}