{
  "snapshot_id": "snap_327_1775380877",
  "cycle": 327,
  "brier_score": 0.06486877537110482,
  "ece": 0.1906250424929179,
  "discrimination": 0.997477691740413,
  "roi": -0.18,
  "edge_hit_rate": 0.3276,
  "health_score": 74.1,
  "model_weights": {
    "external_data": 0.0,
    "microstructure": 1.0
  },
  "approach": "time_series_heavy",
  "n_predictions": 3530,
  "timestamp": "2026-04-05T09:21:17.615486+00:00"
}