{
  "snapshot_id": "snap_402_1775382320",
  "cycle": 402,
  "brier_score": 0.06382451086033118,
  "ece": 0.19372616990640745,
  "discrimination": 0.9977160633074612,
  "roi": -0.2761,
  "edge_hit_rate": 0.2616,
  "health_score": 72.2,
  "model_weights": {
    "external_data": 0.0,
    "microstructure": 1.0
  },
  "approach": "time_series_heavy",
  "n_predictions": 2778,
  "timestamp": "2026-04-05T09:45:20.603809+00:00"
}