{
  "snapshot_id": "snap_397_1775382218",
  "cycle": 397,
  "brier_score": 0.06507731870416518,
  "ece": 0.1961844072623709,
  "discrimination": 0.99759162357,
  "roi": -0.3041,
  "edge_hit_rate": 0.2453,
  "health_score": 72.1,
  "model_weights": {
    "external_data": 0.0,
    "microstructure": 1.0
  },
  "approach": "time_series_heavy",
  "n_predictions": 2809,
  "timestamp": "2026-04-05T09:43:38.675175+00:00"
}