{
  "snapshot_id": "snap_406_1775382397",
  "cycle": 406,
  "brier_score": 0.06286899353439512,
  "ece": 0.1917267366994239,
  "discrimination": 0.9976376102539242,
  "roi": -0.2741,
  "edge_hit_rate": 0.2624,
  "health_score": 72.4,
  "model_weights": {
    "external_data": 0.0,
    "microstructure": 1.0
  },
  "approach": "time_series_heavy",
  "n_predictions": 2951,
  "timestamp": "2026-04-05T09:46:37.724819+00:00"
}