{
  "snapshot_id": "snap_165_1775377828",
  "cycle": 165,
  "brier_score": 0.07048028860227493,
  "ece": 0.21014401388085602,
  "discrimination": 0.9973343996503193,
  "roi": -0.3576,
  "edge_hit_rate": 0.2171,
  "health_score": 71.4,
  "model_weights": {
    "external_data": 0.0,
    "microstructure": 1.0
  },
  "approach": "time_series_heavy",
  "n_predictions": 5187,
  "timestamp": "2026-04-05T08:30:28.740481+00:00"
}