{
  "snapshot_id": "snap_879_1775390854",
  "cycle": 879,
  "brier_score": 0.07329056083666564,
  "ece": 0.1666337742233159,
  "discrimination": 0.9739578775358475,
  "roi": -0.1221,
  "edge_hit_rate": 0.3675,
  "health_score": 78.0,
  "model_weights": {
    "external_data": 1.0,
    "microstructure": 0.0
  },
  "approach": "time_series_heavy",
  "n_predictions": 3251,
  "timestamp": "2026-04-05T12:07:34.315630+00:00"
}