{
  "snapshot_id": "snap_870_1775390695",
  "cycle": 870,
  "brier_score": 0.07016555493963782,
  "ece": 0.1731708584842388,
  "discrimination": 0.9817335038504866,
  "roi": -0.103,
  "edge_hit_rate": 0.3882,
  "health_score": 80.5,
  "model_weights": {
    "external_data": 0.9888,
    "microstructure": 0.0112
  },
  "approach": "time_series_heavy",
  "n_predictions": 2982,
  "timestamp": "2026-04-05T12:04:55.161082+00:00"
}