{
  "snapshot_id": "snap_285_1775380104",
  "cycle": 285,
  "brier_score": 0.06376532673558898,
  "ece": 0.19145983709273187,
  "discrimination": 0.997899426738643,
  "roi": -0.3546,
  "edge_hit_rate": 0.2234,
  "health_score": 72.3,
  "model_weights": {
    "external_data": 0.0,
    "microstructure": 1.0
  },
  "approach": "time_series_heavy",
  "n_predictions": 3192,
  "timestamp": "2026-04-05T09:08:24.173523+00:00"
}