{
  "snapshot_id": "snap_459_1775383436",
  "cycle": 459,
  "brier_score": 0.06359622113357216,
  "ece": 0.1874786335721597,
  "discrimination": 0.9972373820131901,
  "roi": -0.1605,
  "edge_hit_rate": 0.3429,
  "health_score": 76.2,
  "model_weights": {
    "external_data": 0.0,
    "microstructure": 1.0
  },
  "approach": "time_series_heavy",
  "n_predictions": 3908,
  "timestamp": "2026-04-05T10:03:56.495870+00:00"
}