{
  "snapshot_id": "snap_48_1775375632",
  "cycle": 48,
  "brier_score": 0.07447730080000001,
  "ece": 0.238704,
  "discrimination": 1.0,
  "roi": -0.6871,
  "edge_hit_rate": 0.08,
  "health_score": 71.1,
  "model_weights": {},
  "approach": "time_series_heavy",
  "n_predictions": 50,
  "timestamp": "2026-04-05T07:53:52.903220+00:00"
}