{
  "snapshot_id": "snap_531_1775384792",
  "cycle": 531,
  "brier_score": 0.06257245531289507,
  "ece": 0.19150502528445007,
  "discrimination": 0.9978547673125058,
  "roi": -0.1557,
  "edge_hit_rate": 0.3308,
  "health_score": 76.8,
  "model_weights": {
    "external_data": 0.0,
    "microstructure": 1.0
  },
  "approach": "time_series_heavy",
  "n_predictions": 3164,
  "timestamp": "2026-04-05T10:26:32.856210+00:00"
}