{
  "snapshot_id": "snap_360_1775381521",
  "cycle": 360,
  "brier_score": 0.06548922572934375,
  "ece": 0.19312822169330163,
  "discrimination": 0.9974471241887707,
  "roi": -0.2218,
  "edge_hit_rate": 0.2951,
  "health_score": 72.0,
  "model_weights": {
    "external_data": 0.0,
    "microstructure": 1.0
  },
  "approach": "time_series_heavy",
  "n_predictions": 2941,
  "timestamp": "2026-04-05T09:32:01.226371+00:00"
}