{
  "snapshot_id": "snap_524_1775384656",
  "cycle": 524,
  "brier_score": 0.07003358859712229,
  "ece": 0.18573309352517986,
  "discrimination": 0.9946906636670416,
  "roi": -0.3975,
  "edge_hit_rate": 0.2083,
  "health_score": 71.4,
  "model_weights": {
    "external_data": 0.0,
    "microstructure": 1.0
  },
  "approach": "time_series_heavy",
  "n_predictions": 556,
  "timestamp": "2026-04-05T10:24:16.515256+00:00"
}