{
  "snapshot_id": "snap_370_1775381705",
  "cycle": 370,
  "brier_score": 0.06446036076845638,
  "ece": 0.19147862416107383,
  "discrimination": 0.9974350578476315,
  "roi": -0.3215,
  "edge_hit_rate": 0.2409,
  "health_score": 72.2,
  "model_weights": {
    "external_data": 0.0,
    "microstructure": 1.0
  },
  "approach": "time_series_heavy",
  "n_predictions": 2980,
  "timestamp": "2026-04-05T09:35:05.474744+00:00"
}