{
  "snapshot_id": "snap_296_1775380324",
  "cycle": 296,
  "brier_score": 0.06582329351423488,
  "ece": 0.1950535290628707,
  "discrimination": 0.9978102192927439,
  "roi": -0.2617,
  "edge_hit_rate": 0.2825,
  "health_score": 72.0,
  "model_weights": {
    "external_data": 0.0,
    "microstructure": 1.0
  },
  "approach": "time_series_heavy",
  "n_predictions": 3372,
  "timestamp": "2026-04-05T09:12:04.334664+00:00"
}