{
  "snapshot_id": "snap_394_1775382163",
  "cycle": 394,
  "brier_score": 0.06512393010097492,
  "ece": 0.19539446378830083,
  "discrimination": 0.9976299867255082,
  "roi": -0.2679,
  "edge_hit_rate": 0.2661,
  "health_score": 72.1,
  "model_weights": {
    "external_data": 0.0,
    "microstructure": 1.0
  },
  "approach": "time_series_heavy",
  "n_predictions": 2872,
  "timestamp": "2026-04-05T09:42:43.657495+00:00"
}