{
  "snapshot_id": "snap_406_1775382388",
  "cycle": 406,
  "brier_score": 0.06297749913431809,
  "ece": 0.19246987289591208,
  "discrimination": 0.9976540421178449,
  "roi": -0.2741,
  "edge_hit_rate": 0.2624,
  "health_score": 72.3,
  "model_weights": {
    "external_data": 0.0,
    "microstructure": 1.0
  },
  "approach": "time_series_heavy",
  "n_predictions": 2911,
  "timestamp": "2026-04-05T09:46:28.928104+00:00"
}