{
  "snapshot_id": "snap_656_1775386982",
  "cycle": 656,
  "brier_score": 0.0631418710591133,
  "ece": 0.18661952850105556,
  "discrimination": 0.9977755060903619,
  "roi": -0.1349,
  "edge_hit_rate": 0.3579,
  "health_score": 78.8,
  "model_weights": {
    "external_data": 0.0,
    "microstructure": 1.0
  },
  "approach": "time_series_heavy",
  "n_predictions": 2842,
  "timestamp": "2026-04-05T11:03:02.403355+00:00"
}