{
  "snapshot_id": "snap_592_1775385876",
  "cycle": 592,
  "brier_score": 0.06257556478723404,
  "ece": 0.18878609929078016,
  "discrimination": 0.9978853377397825,
  "roi": -0.1251,
  "edge_hit_rate": 0.3672,
  "health_score": 79.9,
  "model_weights": {
    "external_data": 0.0,
    "microstructure": 1.0
  },
  "approach": "time_series_heavy",
  "n_predictions": 2820,
  "timestamp": "2026-04-05T10:44:36.655254+00:00"
}