{
  "snapshot_id": "snap_878_1775390840",
  "cycle": 878,
  "brier_score": 0.07282159464319396,
  "ece": 0.16806576548255264,
  "discrimination": 0.9756639276797606,
  "roi": -0.1221,
  "edge_hit_rate": 0.3681,
  "health_score": 78.1,
  "model_weights": {
    "external_data": 1.0,
    "microstructure": 0.0
  },
  "approach": "time_series_heavy",
  "n_predictions": 3181,
  "timestamp": "2026-04-05T12:07:20.536098+00:00"
}