{
  "snapshot_id": "snap_358_1775381481",
  "cycle": 358,
  "brier_score": 0.06635037196496049,
  "ece": 0.19299117141875644,
  "discrimination": 0.9970263827082009,
  "roi": -0.2289,
  "edge_hit_rate": 0.2932,
  "health_score": 71.9,
  "model_weights": {
    "external_data": 0.0,
    "microstructure": 1.0
  },
  "approach": "time_series_heavy",
  "n_predictions": 2911,
  "timestamp": "2026-04-05T09:31:21.799418+00:00"
}