{
  "snapshot_id": "snap_685_1775387475",
  "cycle": 685,
  "brier_score": 0.06292203039268789,
  "ece": 0.1893977657413676,
  "discrimination": 0.9979749793896123,
  "roi": -0.1462,
  "edge_hit_rate": 0.3478,
  "health_score": 77.7,
  "model_weights": {
    "external_data": 0.0,
    "microstructure": 1.0
  },
  "approach": "time_series_heavy",
  "n_predictions": 2954,
  "timestamp": "2026-04-05T11:11:15.364145+00:00"
}