{
  "snapshot_id": "snap_512_1775384428",
  "cycle": 512,
  "brier_score": 0.0630963769802942,
  "ece": 0.18733893977241184,
  "discrimination": 0.997317675728496,
  "roi": -0.1123,
  "edge_hit_rate": 0.3747,
  "health_score": 81.1,
  "model_weights": {
    "external_data": 0.0,
    "microstructure": 1.0
  },
  "approach": "time_series_heavy",
  "n_predictions": 3603,
  "timestamp": "2026-04-05T10:20:28.086207+00:00"
}