{
  "snapshot_id": "snap_769_1775388926",
  "cycle": 769,
  "brier_score": 0.06312210605834885,
  "ece": 0.1875932960893855,
  "discrimination": 0.9976525403608737,
  "roi": -0.0807,
  "edge_hit_rate": 0.4078,
  "health_score": 84.3,
  "model_weights": {
    "external_data": 0.0,
    "microstructure": 1.0
  },
  "approach": "time_series_heavy",
  "n_predictions": 3222,
  "timestamp": "2026-04-05T11:35:26.361806+00:00"
}