{
  "snapshot_id": "snap_602_1775386062",
  "cycle": 602,
  "brier_score": 0.06293408939885496,
  "ece": 0.18704443384223918,
  "discrimination": 0.9976304666310308,
  "roi": -0.1269,
  "edge_hit_rate": 0.3675,
  "health_score": 79.7,
  "model_weights": {
    "external_data": 0.0,
    "microstructure": 1.0
  },
  "approach": "time_series_heavy",
  "n_predictions": 3144,
  "timestamp": "2026-04-05T10:47:42.591715+00:00"
}