{
  "snapshot_id": "snap_461_1775383482",
  "cycle": 461,
  "brier_score": 0.06346708411915768,
  "ece": 0.1875101694915254,
  "discrimination": 0.9973376703237287,
  "roi": -0.1605,
  "edge_hit_rate": 0.3429,
  "health_score": 76.2,
  "model_weights": {
    "external_data": 0.0,
    "microstructure": 1.0
  },
  "approach": "time_series_heavy",
  "n_predictions": 3894,
  "timestamp": "2026-04-05T10:04:42.093755+00:00"
}