{
  "snapshot_id": "snap_671_1775387238",
  "cycle": 671,
  "brier_score": 0.06322561868020304,
  "ece": 0.18696620739666428,
  "discrimination": 0.997442927556216,
  "roi": -0.1774,
  "edge_hit_rate": 0.323,
  "health_score": 74.6,
  "model_weights": {
    "external_data": 0.0,
    "microstructure": 1.0
  },
  "approach": "time_series_heavy",
  "n_predictions": 2758,
  "timestamp": "2026-04-05T11:07:18.719578+00:00"
}