{
  "snapshot_id": "snap_224_1775378973",
  "cycle": 224,
  "brier_score": 0.06880709379164143,
  "ece": 0.20122513628104174,
  "discrimination": 0.9972350443316902,
  "roi": -0.3945,
  "edge_hit_rate": 0.2015,
  "health_score": 71.6,
  "model_weights": {
    "external_data": 0.0,
    "microstructure": 1.0
  },
  "approach": "time_series_heavy",
  "n_predictions": 3302,
  "timestamp": "2026-04-05T08:49:33.860365+00:00"
}