{
  "snapshot_id": "snap_346_1775381267",
  "cycle": 346,
  "brier_score": 0.06574637231832683,
  "ece": 0.1906396667848281,
  "discrimination": 0.996995227731302,
  "roi": -0.2388,
  "edge_hit_rate": 0.289,
  "health_score": 72.0,
  "model_weights": {
    "external_data": 0.0,
    "microstructure": 1.0
  },
  "approach": "time_series_heavy",
  "n_predictions": 2821,
  "timestamp": "2026-04-05T09:27:47.152502+00:00"
}