{
  "snapshot_id": "snap_428_1775382824",
  "cycle": 428,
  "brier_score": 0.0631976831006544,
  "ece": 0.19171445933312556,
  "discrimination": 0.9977214940441742,
  "roi": -0.2238,
  "edge_hit_rate": 0.2894,
  "health_score": 72.3,
  "model_weights": {
    "external_data": 0.0,
    "microstructure": 1.0
  },
  "approach": "time_series_heavy",
  "n_predictions": 3209,
  "timestamp": "2026-04-05T09:53:44.252769+00:00"
}