{
  "snapshot_id": "snap_264_1775379725",
  "cycle": 264,
  "brier_score": 0.06556225224,
  "ece": 0.19187937777777775,
  "discrimination": 0.997420231632809,
  "roi": -0.2086,
  "edge_hit_rate": 0.3096,
  "health_score": 72.0,
  "model_weights": {
    "external_data": 0.0,
    "microstructure": 1.0
  },
  "approach": "time_series_heavy",
  "n_predictions": 3375,
  "timestamp": "2026-04-05T09:02:05.839491+00:00"
}