{
  "snapshot_id": "snap_618_1775386324",
  "cycle": 618,
  "brier_score": 0.06416963371705543,
  "ece": 0.18952256891850952,
  "discrimination": 0.9975651553150217,
  "roi": -0.0885,
  "edge_hit_rate": 0.4045,
  "health_score": 83.4,
  "model_weights": {
    "external_data": 0.0,
    "microstructure": 1.0
  },
  "approach": "time_series_heavy",
  "n_predictions": 3301,
  "timestamp": "2026-04-05T10:52:04.628473+00:00"
}