{
  "snapshot_id": "snap_535_1775384868",
  "cycle": 535,
  "brier_score": 0.06239466835106384,
  "ece": 0.19196562500000003,
  "discrimination": 0.9978753811668983,
  "roi": -0.157,
  "edge_hit_rate": 0.3291,
  "health_score": 76.7,
  "model_weights": {
    "external_data": 0.0,
    "microstructure": 1.0
  },
  "approach": "time_series_heavy",
  "n_predictions": 3008,
  "timestamp": "2026-04-05T10:27:48.930547+00:00"
}