{
  "snapshot_id": "snap_787_1775389241",
  "cycle": 787,
  "brier_score": 0.06339643277097641,
  "ece": 0.18770495670349358,
  "discrimination": 0.9975423970827292,
  "roi": -0.0952,
  "edge_hit_rate": 0.3964,
  "health_score": 82.8,
  "model_weights": {
    "external_data": 0.0,
    "microstructure": 1.0
  },
  "approach": "time_series_heavy",
  "n_predictions": 3349,
  "timestamp": "2026-04-05T11:40:41.364904+00:00"
}