{
  "snapshot_id": "snap_333_1775381002",
  "cycle": 333,
  "brier_score": 0.0648377401092437,
  "ece": 0.19102971988795517,
  "discrimination": 0.9974049145299145,
  "roi": -0.1841,
  "edge_hit_rate": 0.3207,
  "health_score": 73.7,
  "model_weights": {
    "external_data": 0.0,
    "microstructure": 1.0
  },
  "approach": "time_series_heavy",
  "n_predictions": 3570,
  "timestamp": "2026-04-05T09:23:22.047632+00:00"
}