{
  "snapshot_id": "snap_604_1775386082",
  "cycle": 604,
  "brier_score": 0.06712127777279522,
  "ece": 0.18660822122571,
  "discrimination": 0.9960773723429576,
  "roi": -0.1925,
  "edge_hit_rate": 0.3478,
  "health_score": 72.5,
  "model_weights": {
    "external_data": 0.0,
    "microstructure": 1.0
  },
  "approach": "time_series_heavy",
  "n_predictions": 669,
  "timestamp": "2026-04-05T10:48:02.535469+00:00"
}