{
  "snapshot_id": "snap_743_1775388487",
  "cycle": 743,
  "brier_score": 0.05849304429999999,
  "ece": 0.1957336666666666,
  "discrimination": 0.99959971535314,
  "roi": -0.0957,
  "edge_hit_rate": 0.375,
  "health_score": 83.4,
  "model_weights": {
    "external_data": 0.0,
    "microstructure": 1.0
  },
  "approach": "time_series_heavy",
  "n_predictions": 300,
  "timestamp": "2026-04-05T11:28:07.190428+00:00"
}