{
  "snapshot_id": "snap_249_1775379460",
  "cycle": 249,
  "brier_score": 0.06887733941947566,
  "ece": 0.20899344569288392,
  "discrimination": 0.9978148075737295,
  "roi": -0.5018,
  "edge_hit_rate": 0.1496,
  "health_score": 71.6,
  "model_weights": {
    "external_data": 0.0,
    "microstructure": 1.0
  },
  "approach": "time_series_heavy",
  "n_predictions": 1602,
  "timestamp": "2026-04-05T08:57:40.474049+00:00"
}