{
  "snapshot_id": "snap_179_1775378084",
  "cycle": 179,
  "brier_score": 0.07038130857882474,
  "ece": 0.20711555785658814,
  "discrimination": 0.9973534315724853,
  "roi": -0.361,
  "edge_hit_rate": 0.2128,
  "health_score": 71.4,
  "model_weights": {
    "external_data": 0.0,
    "microstructure": 1.0
  },
  "approach": "time_series_heavy",
  "n_predictions": 3863,
  "timestamp": "2026-04-05T08:34:44.583366+00:00"
}