{
  "snapshot_id": "snap_274_1775379906",
  "cycle": 274,
  "brier_score": 0.06415920227790434,
  "ece": 0.19130335177351124,
  "discrimination": 0.9972145796857591,
  "roi": -0.2521,
  "edge_hit_rate": 0.2786,
  "health_score": 72.2,
  "model_weights": {
    "external_data": 0.0,
    "microstructure": 1.0
  },
  "approach": "time_series_heavy",
  "n_predictions": 3073,
  "timestamp": "2026-04-05T09:05:06.565505+00:00"
}