{
  "snapshot_id": "snap_838_1775390132",
  "cycle": 838,
  "brier_score": 0.06455329755479451,
  "ece": 0.18570431506849314,
  "discrimination": 0.996227889071403,
  "roi": -0.1151,
  "edge_hit_rate": 0.3727,
  "health_score": 80.6,
  "model_weights": {
    "external_data": 0.0,
    "microstructure": 1.0
  },
  "approach": "time_series_heavy",
  "n_predictions": 2920,
  "timestamp": "2026-04-05T11:55:32.537493+00:00"
}