{
  "snapshot_id": "snap_54_1775375722",
  "cycle": 54,
  "brier_score": 0.07178512377142858,
  "ece": 0.23248,
  "discrimination": 0.9994474702028574,
  "roi": -0.5717,
  "edge_hit_rate": 0.1214,
  "health_score": 71.4,
  "model_weights": {
    "external_data": 0.0,
    "microstructure": 1.0
  },
  "approach": "time_series_heavy",
  "n_predictions": 350,
  "timestamp": "2026-04-05T07:55:22.773610+00:00"
}