{
  "snapshot_id": "snap_872_1775390741",
  "cycle": 872,
  "brier_score": 0.07009642242334688,
  "ece": 0.1747903213889915,
  "discrimination": 0.9809489051913294,
  "roi": -0.1082,
  "edge_hit_rate": 0.3837,
  "health_score": 80.0,
  "model_weights": {
    "external_data": 1.0,
    "microstructure": 0.0
  },
  "approach": "time_series_heavy",
  "n_predictions": 2707,
  "timestamp": "2026-04-05T12:05:41.530073+00:00"
}