{
  "snapshot_id": "snap_853_1775390390",
  "cycle": 853,
  "brier_score": 0.06423712781500872,
  "ece": 0.18134788830715534,
  "discrimination": 0.9926151804462635,
  "roi": -0.1171,
  "edge_hit_rate": 0.3692,
  "health_score": 80.3,
  "model_weights": {
    "external_data": 0.9387,
    "microstructure": 0.0613
  },
  "approach": "time_series_heavy",
  "n_predictions": 2865,
  "timestamp": "2026-04-05T11:59:50.230068+00:00"
}