{
  "snapshot_id": "snap_719_1775388071",
  "cycle": 719,
  "brier_score": 0.06342217804051695,
  "ece": 0.18836901851205032,
  "discrimination": 0.9979680545839796,
  "roi": -0.1853,
  "edge_hit_rate": 0.3345,
  "health_score": 73.8,
  "model_weights": {
    "external_data": 0.0,
    "microstructure": 1.0
  },
  "approach": "time_series_heavy",
  "n_predictions": 2863,
  "timestamp": "2026-04-05T11:21:11.024527+00:00"
}