{
  "snapshot_id": "snap_27_1775375283",
  "cycle": 27,
  "brier_score": 0.06695993820740741,
  "ece": 0.20872044444444443,
  "discrimination": 0.9991173902490535,
  "roi": -0.2595,
  "edge_hit_rate": 0.2787,
  "health_score": 71.9,
  "model_weights": {},
  "approach": "aggressive_momentum",
  "n_predictions": 1350,
  "timestamp": "2026-04-05T07:48:03.035767+00:00"
}