{
  "snapshot_id": "snap_694_1775387643",
  "cycle": 694,
  "brier_score": 0.0629592863038793,
  "ece": 0.18709888649425285,
  "discrimination": 0.9978091485110114,
  "roi": -0.1276,
  "edge_hit_rate": 0.369,
  "health_score": 79.6,
  "model_weights": {
    "external_data": 0.0,
    "microstructure": 1.0
  },
  "approach": "time_series_heavy",
  "n_predictions": 2784,
  "timestamp": "2026-04-05T11:14:03.435202+00:00"
}