{
  "snapshot_id": "snap_480_1775383824",
  "cycle": 480,
  "brier_score": 0.06359615217391304,
  "ece": 0.19021069752893338,
  "discrimination": 0.997976737622964,
  "roi": -0.1014,
  "edge_hit_rate": 0.3715,
  "health_score": 82.1,
  "model_weights": {
    "external_data": 0.0,
    "microstructure": 1.0
  },
  "approach": "time_series_heavy",
  "n_predictions": 3197,
  "timestamp": "2026-04-05T10:10:24.043868+00:00"
}