{
  "snapshot_id": "snap_251_1775379487",
  "cycle": 251,
  "brier_score": 0.0651781912176892,
  "ece": 0.19177913422609777,
  "discrimination": 0.9968948439768435,
  "roi": -0.3566,
  "edge_hit_rate": 0.2159,
  "health_score": 72.1,
  "model_weights": {
    "external_data": 0.0,
    "microstructure": 1.0
  },
  "approach": "time_series_heavy",
  "n_predictions": 3211,
  "timestamp": "2026-04-05T08:58:07.480303+00:00"
}