{
  "snapshot_id": "snap_240_1775379281",
  "cycle": 240,
  "brier_score": 0.06751525446843311,
  "ece": 0.19666722276741908,
  "discrimination": 0.9968188077906748,
  "roi": -0.3482,
  "edge_hit_rate": 0.2228,
  "health_score": 71.8,
  "model_weights": {
    "external_data": 0.0,
    "microstructure": 1.0
  },
  "approach": "time_series_heavy",
  "n_predictions": 3057,
  "timestamp": "2026-04-05T08:54:41.217375+00:00"
}