{
  "snapshot_id": "snap_724_1775388150",
  "cycle": 724,
  "brier_score": 0.0629397101001001,
  "ece": 0.18929265932599265,
  "discrimination": 0.9980476265190316,
  "roi": -0.1848,
  "edge_hit_rate": 0.3372,
  "health_score": 73.9,
  "model_weights": {
    "external_data": 0.0,
    "microstructure": 1.0
  },
  "approach": "time_series_heavy",
  "n_predictions": 2997,
  "timestamp": "2026-04-05T11:22:30.207106+00:00"
}