{
  "snapshot_id": "snap_541_1775384976",
  "cycle": 541,
  "brier_score": 0.0623808304509804,
  "ece": 0.18955529411764707,
  "discrimination": 0.9976038754671775,
  "roi": -0.1602,
  "edge_hit_rate": 0.3266,
  "health_score": 76.4,
  "model_weights": {
    "external_data": 0.0,
    "microstructure": 1.0
  },
  "approach": "time_series_heavy",
  "n_predictions": 3060,
  "timestamp": "2026-04-05T10:29:36.364673+00:00"
}