{
  "snapshot_id": "snap_494_1775384079",
  "cycle": 494,
  "brier_score": 0.06383302081030151,
  "ece": 0.18772644472361807,
  "discrimination": 0.9977321670426581,
  "roi": -0.1184,
  "edge_hit_rate": 0.3656,
  "health_score": 80.4,
  "model_weights": {
    "external_data": 0.0,
    "microstructure": 1.0
  },
  "approach": "time_series_heavy",
  "n_predictions": 3184,
  "timestamp": "2026-04-05T10:14:39.527008+00:00"
}