{
  "snapshot_id": "snap_347_1775381283",
  "cycle": 347,
  "brier_score": 0.06559370541451669,
  "ece": 0.19131413828689373,
  "discrimination": 0.9970734808170972,
  "roi": -0.2388,
  "edge_hit_rate": 0.289,
  "health_score": 72.0,
  "model_weights": {
    "external_data": 0.0,
    "microstructure": 1.0
  },
  "approach": "time_series_heavy",
  "n_predictions": 2907,
  "timestamp": "2026-04-05T09:28:03.123002+00:00"
}