{
  "snapshot_id": "snap_687_1775387543",
  "cycle": 687,
  "brier_score": 0.06322220730614972,
  "ece": 0.18948656417112295,
  "discrimination": 0.9977497611330809,
  "roi": -0.1349,
  "edge_hit_rate": 0.357,
  "health_score": 78.8,
  "model_weights": {
    "external_data": 0.0,
    "microstructure": 1.0
  },
  "approach": "time_series_heavy",
  "n_predictions": 2992,
  "timestamp": "2026-04-05T11:12:23.605545+00:00"
}