{
  "snapshot_id": "snap_805_1775389560",
  "cycle": 805,
  "brier_score": 0.062132686695880804,
  "ece": 0.1868209757522641,
  "discrimination": 0.9978224127827398,
  "roi": -0.0836,
  "edge_hit_rate": 0.4112,
  "health_score": 84.1,
  "model_weights": {
    "external_data": 0.0,
    "microstructure": 1.0
  },
  "approach": "time_series_heavy",
  "n_predictions": 3423,
  "timestamp": "2026-04-05T11:46:00.301901+00:00"
}