{
  "snapshot_id": "snap_435_1775382959",
  "cycle": 435,
  "brier_score": 0.06303233165957446,
  "ece": 0.18825045592705172,
  "discrimination": 0.9976128126881901,
  "roi": -0.2241,
  "edge_hit_rate": 0.2929,
  "health_score": 72.3,
  "model_weights": {
    "external_data": 0.0,
    "microstructure": 1.0
  },
  "approach": "time_series_heavy",
  "n_predictions": 3290,
  "timestamp": "2026-04-05T09:55:59.922932+00:00"
}