{
  "snapshot_id": "snap_700_1775387744",
  "cycle": 700,
  "brier_score": 0.06362475798144712,
  "ece": 0.18679576994434133,
  "discrimination": 0.9975566829215358,
  "roi": -0.1553,
  "edge_hit_rate": 0.3495,
  "health_score": 76.7,
  "model_weights": {
    "external_data": 0.0,
    "microstructure": 1.0
  },
  "approach": "time_series_heavy",
  "n_predictions": 2695,
  "timestamp": "2026-04-05T11:15:44.593630+00:00"
}