{
  "snapshot_id": "snap_205_1775378586",
  "cycle": 205,
  "brier_score": 0.06905784017322834,
  "ece": 0.20163018372703417,
  "discrimination": 0.9977155789098061,
  "roi": -0.2772,
  "edge_hit_rate": 0.2666,
  "health_score": 71.6,
  "model_weights": {
    "external_data": 0.0,
    "microstructure": 1.0
  },
  "approach": "time_series_heavy",
  "n_predictions": 3810,
  "timestamp": "2026-04-05T08:43:06.897948+00:00"
}