{
  "snapshot_id": "snap_3_1775374952",
  "cycle": 3,
  "brier_score": 0.06771968046666667,
  "ece": 0.19569400000000003,
  "discrimination": 0.9982065997130559,
  "roi": -0.0231,
  "edge_hit_rate": 0.4533,
  "health_score": 89.5,
  "model_weights": {},
  "approach": "balanced",
  "n_predictions": 150,
  "timestamp": "2026-04-05T07:42:32.526342+00:00"
}