{
  "snapshot_id": "snap_467_1775383599",
  "cycle": 467,
  "brier_score": 0.06444767155799948,
  "ece": 0.18706289604608536,
  "discrimination": 0.9971319267465312,
  "roi": -0.1658,
  "edge_hit_rate": 0.3411,
  "health_score": 75.6,
  "model_weights": {
    "external_data": 0.0,
    "microstructure": 1.0
  },
  "approach": "time_series_heavy",
  "n_predictions": 3819,
  "timestamp": "2026-04-05T10:06:39.157340+00:00"
}