{
  "snapshot_id": "snap_554_1775385208",
  "cycle": 554,
  "brier_score": 0.06279277356991846,
  "ece": 0.18743754152823922,
  "discrimination": 0.9973021495099417,
  "roi": -0.1059,
  "edge_hit_rate": 0.3807,
  "health_score": 81.8,
  "model_weights": {
    "external_data": 0.0,
    "microstructure": 1.0
  },
  "approach": "time_series_heavy",
  "n_predictions": 3311,
  "timestamp": "2026-04-05T10:33:28.816634+00:00"
}