{
  "snapshot_id": "snap_451_1775383277",
  "cycle": 451,
  "brier_score": 0.06325363867683093,
  "ece": 0.18782847808331066,
  "discrimination": 0.9972775533928306,
  "roi": -0.1378,
  "edge_hit_rate": 0.3672,
  "health_score": 78.5,
  "model_weights": {
    "external_data": 0.0,
    "microstructure": 1.0
  },
  "approach": "time_series_heavy",
  "n_predictions": 3673,
  "timestamp": "2026-04-05T10:01:17.445528+00:00"
}