{
  "snapshot_id": "snap_764_1775388840",
  "cycle": 764,
  "brier_score": 0.06329796149125597,
  "ece": 0.18864041335453105,
  "discrimination": 0.9976965286662062,
  "roi": -0.081,
  "edge_hit_rate": 0.408,
  "health_score": 84.2,
  "model_weights": {
    "external_data": 0.0,
    "microstructure": 1.0
  },
  "approach": "time_series_heavy",
  "n_predictions": 3145,
  "timestamp": "2026-04-05T11:34:00.892999+00:00"
}