{
  "snapshot_id": "snap_862_1775390565",
  "cycle": 862,
  "brier_score": 0.06383336211431227,
  "ece": 0.1848115706319703,
  "discrimination": 0.9974138495058485,
  "roi": -0.1182,
  "edge_hit_rate": 0.3708,
  "health_score": 80.4,
  "model_weights": {
    "external_data": 1.0,
    "microstructure": 0.0
  },
  "approach": "time_series_heavy",
  "n_predictions": 2152,
  "timestamp": "2026-04-05T12:02:45.941033+00:00"
}