{
  "snapshot_id": "snap_514_1775384466",
  "cycle": 514,
  "brier_score": 0.0637107572412799,
  "ece": 0.1878514557509368,
  "discrimination": 0.9972146657974408,
  "roi": -0.101,
  "edge_hit_rate": 0.3914,
  "health_score": 82.1,
  "model_weights": {
    "external_data": 0.0,
    "microstructure": 1.0
  },
  "approach": "time_series_heavy",
  "n_predictions": 3469,
  "timestamp": "2026-04-05T10:21:06.417946+00:00"
}