{
  "snapshot_id": "snap_374_1775381781",
  "cycle": 374,
  "brier_score": 0.06512494779411765,
  "ece": 0.22500441176470592,
  "discrimination": 1.0,
  "roi": -0.2424,
  "edge_hit_rate": 0.5,
  "health_score": 72.2,
  "model_weights": {
    "external_data": 0.0,
    "microstructure": 1.0
  },
  "approach": "time_series_heavy",
  "n_predictions": 68,
  "timestamp": "2026-04-05T09:36:21.082592+00:00"
}