{
  "snapshot_id": "snap_522_1775384621",
  "cycle": 522,
  "brier_score": 0.06380072929078015,
  "ece": 0.18933127014829143,
  "discrimination": 0.9976366240823884,
  "roi": -0.1121,
  "edge_hit_rate": 0.3742,
  "health_score": 81.0,
  "model_weights": {
    "external_data": 0.0,
    "microstructure": 1.0
  },
  "approach": "time_series_heavy",
  "n_predictions": 3102,
  "timestamp": "2026-04-05T10:23:41.614784+00:00"
}