{
  "snapshot_id": "snap_376_1775381830",
  "cycle": 376,
  "brier_score": 0.06368321742857143,
  "ece": 0.19398898954703833,
  "discrimination": 0.9979052072198671,
  "roi": -0.3323,
  "edge_hit_rate": 0.2328,
  "health_score": 72.3,
  "model_weights": {
    "external_data": 0.0,
    "microstructure": 1.0
  },
  "approach": "time_series_heavy",
  "n_predictions": 2870,
  "timestamp": "2026-04-05T09:37:10.481179+00:00"
}