{
  "snapshot_id": "snap_797_1775389421",
  "cycle": 797,
  "brier_score": 0.06330519074581431,
  "ece": 0.18752560121765596,
  "discrimination": 0.9976338907940181,
  "roi": -0.0828,
  "edge_hit_rate": 0.4121,
  "health_score": 84.0,
  "model_weights": {
    "external_data": 0.0,
    "microstructure": 1.0
  },
  "approach": "time_series_heavy",
  "n_predictions": 3285,
  "timestamp": "2026-04-05T11:43:41.451986+00:00"
}