{
  "snapshot_id": "snap_273_1775379894",
  "cycle": 273,
  "brier_score": 0.06417372920590082,
  "ece": 0.19085238543628374,
  "discrimination": 0.997256030472953,
  "roi": -0.2473,
  "edge_hit_rate": 0.2809,
  "health_score": 72.2,
  "model_weights": {
    "external_data": 0.0,
    "microstructure": 1.0
  },
  "approach": "time_series_heavy",
  "n_predictions": 3186,
  "timestamp": "2026-04-05T09:04:54.178728+00:00"
}