{
  "snapshot_id": "snap_137_1775377182",
  "cycle": 137,
  "brier_score": 0.07042372809333335,
  "ece": 0.21297773333333336,
  "discrimination": 0.9974127647239933,
  "roi": -0.4616,
  "edge_hit_rate": 0.1656,
  "health_score": 71.4,
  "model_weights": {
    "external_data": 0.0,
    "microstructure": 1.0
  },
  "approach": "time_series_heavy",
  "n_predictions": 4500,
  "timestamp": "2026-04-05T08:19:42.095031+00:00"
}