{
  "snapshot_id": "snap_513_1775384447",
  "cycle": 513,
  "brier_score": 0.06354104848257991,
  "ece": 0.18792335156924847,
  "discrimination": 0.9972730352994966,
  "roi": -0.1073,
  "edge_hit_rate": 0.3868,
  "health_score": 81.5,
  "model_weights": {
    "external_data": 0.0,
    "microstructure": 1.0
  },
  "approach": "time_series_heavy",
  "n_predictions": 3473,
  "timestamp": "2026-04-05T10:20:47.123495+00:00"
}