{
  "snapshot_id": "snap_825_1775389907",
  "cycle": 825,
  "brier_score": 0.06265447925499697,
  "ece": 0.1861142943670503,
  "discrimination": 0.9978629844632939,
  "roi": -0.0813,
  "edge_hit_rate": 0.4163,
  "health_score": 84.3,
  "model_weights": {
    "external_data": 0.0,
    "microstructure": 1.0
  },
  "approach": "time_series_heavy",
  "n_predictions": 3302,
  "timestamp": "2026-04-05T11:51:47.824118+00:00"
}