{
  "snapshot_id": "snap_863_1775390571",
  "cycle": 863,
  "brier_score": 0.0636408052944215,
  "ece": 0.18579354338842974,
  "discrimination": 0.9975839342139485,
  "roi": -0.1144,
  "edge_hit_rate": 0.374,
  "health_score": 80.8,
  "model_weights": {
    "external_data": 1.0,
    "microstructure": 0.0
  },
  "approach": "time_series_heavy",
  "n_predictions": 1936,
  "timestamp": "2026-04-05T12:02:51.193218+00:00"
}