{
  "snapshot_id": "snap_479_1775383812",
  "cycle": 479,
  "brier_score": 0.06354921336118251,
  "ece": 0.19050546272493574,
  "discrimination": 0.9978787424508502,
  "roi": -0.1647,
  "edge_hit_rate": 0.3287,
  "health_score": 75.8,
  "model_weights": {
    "external_data": 0.0,
    "microstructure": 1.0
  },
  "approach": "time_series_heavy",
  "n_predictions": 3112,
  "timestamp": "2026-04-05T10:10:12.286655+00:00"
}