{
  "snapshot_id": "snap_485_1775383913",
  "cycle": 485,
  "brier_score": 0.06434437786601307,
  "ece": 0.1891291176470588,
  "discrimination": 0.9977764616325735,
  "roi": -0.0912,
  "edge_hit_rate": 0.3892,
  "health_score": 83.1,
  "model_weights": {
    "external_data": 0.0,
    "microstructure": 1.0
  },
  "approach": "time_series_heavy",
  "n_predictions": 3060,
  "timestamp": "2026-04-05T10:11:53.660460+00:00"
}