{
  "snapshot_id": "snap_770_1775388950",
  "cycle": 770,
  "brier_score": 0.06248850881892333,
  "ece": 0.1868119738988581,
  "discrimination": 0.9977979861283001,
  "roi": -0.1128,
  "edge_hit_rate": 0.3832,
  "health_score": 81.1,
  "model_weights": {
    "external_data": 0.0,
    "microstructure": 1.0
  },
  "approach": "time_series_heavy",
  "n_predictions": 3065,
  "timestamp": "2026-04-05T11:35:50.691806+00:00"
}