{
  "snapshot_id": "snap_300_1775380391",
  "cycle": 300,
  "brier_score": 0.06515419649421789,
  "ece": 0.19451168594035306,
  "discrimination": 0.9978820423179705,
  "roi": -0.3493,
  "edge_hit_rate": 0.2284,
  "health_score": 72.1,
  "model_weights": {
    "external_data": 0.0,
    "microstructure": 1.0
  },
  "approach": "time_series_heavy",
  "n_predictions": 3286,
  "timestamp": "2026-04-05T09:13:11.508978+00:00"
}