{
  "snapshot_id": "snap_529_1775384750",
  "cycle": 529,
  "brier_score": 0.06328377038449984,
  "ece": 0.19120910183238213,
  "discrimination": 0.9977617797836591,
  "roi": -0.1472,
  "edge_hit_rate": 0.3407,
  "health_score": 77.6,
  "model_weights": {
    "external_data": 0.0,
    "microstructure": 1.0
  },
  "approach": "time_series_heavy",
  "n_predictions": 3329,
  "timestamp": "2026-04-05T10:25:50.989207+00:00"
}