{
  "snapshot_id": "snap_105_1775376546",
  "cycle": 105,
  "brier_score": 0.06925993119655173,
  "ece": 0.21306355172413796,
  "discrimination": 0.9980744755371244,
  "roi": -0.567,
  "edge_hit_rate": 0.1218,
  "health_score": 71.6,
  "model_weights": {
    "external_data": 0.0,
    "microstructure": 1.0
  },
  "approach": "time_series_heavy",
  "n_predictions": 2900,
  "timestamp": "2026-04-05T08:09:06.093394+00:00"
}