{
  "snapshot_id": "snap_694_1775387664",
  "cycle": 694,
  "brier_score": 0.06321152635690486,
  "ece": 0.18785957052943358,
  "discrimination": 0.997779634411869,
  "roi": -0.127,
  "edge_hit_rate": 0.37,
  "health_score": 79.6,
  "model_weights": {
    "external_data": 0.0,
    "microstructure": 1.0
  },
  "approach": "time_series_heavy",
  "n_predictions": 2701,
  "timestamp": "2026-04-05T11:14:24.881414+00:00"
}