{
  "snapshot_id": "snap_816_1775389754",
  "cycle": 816,
  "brier_score": 0.061738694831617036,
  "ece": 0.18635555246312274,
  "discrimination": 0.9979324755306279,
  "roi": -0.1092,
  "edge_hit_rate": 0.3917,
  "health_score": 81.6,
  "model_weights": {
    "external_data": 0.0,
    "microstructure": 1.0
  },
  "approach": "time_series_heavy",
  "n_predictions": 3593,
  "timestamp": "2026-04-05T11:49:14.127623+00:00"
}