{
  "snapshot_id": "snap_785_1775389209",
  "cycle": 785,
  "brier_score": 0.06360036021374045,
  "ece": 0.1883921832061069,
  "discrimination": 0.9975718009858519,
  "roi": -0.108,
  "edge_hit_rate": 0.3846,
  "health_score": 81.5,
  "model_weights": {
    "external_data": 0.0,
    "microstructure": 1.0
  },
  "approach": "time_series_heavy",
  "n_predictions": 3275,
  "timestamp": "2026-04-05T11:40:09.099283+00:00"
}