{
  "snapshot_id": "snap_611_1775386204",
  "cycle": 611,
  "brier_score": 0.06321088549494949,
  "ece": 0.1900009427609428,
  "discrimination": 0.9975991586538462,
  "roi": -0.1212,
  "edge_hit_rate": 0.3689,
  "health_score": 80.2,
  "model_weights": {
    "external_data": 0.0,
    "microstructure": 1.0
  },
  "approach": "time_series_heavy",
  "n_predictions": 2970,
  "timestamp": "2026-04-05T10:50:04.112493+00:00"
}