{
  "snapshot_id": "snap_854_1775390751",
  "cycle": 854,
  "brier_score": 0.07176664325918762,
  "ece": 0.1693300128949065,
  "discrimination": 0.9774383427719973,
  "roi": -0.1029,
  "edge_hit_rate": 0.3845,
  "health_score": 80.2,
  "model_weights": {
    "external_data": 1.0,
    "microstructure": 0.0
  },
  "approach": "time_series_heavy",
  "n_predictions": 3102,
  "timestamp": "2026-04-05T12:05:51.260469+00:00"
}