{
  "snapshot_id": "snap_356_1775381449",
  "cycle": 356,
  "brier_score": 0.0653765933028491,
  "ece": 0.19262595849454803,
  "discrimination": 0.9971596240221634,
  "roi": -0.2158,
  "edge_hit_rate": 0.3002,
  "health_score": 72.0,
  "model_weights": {
    "external_data": 0.0,
    "microstructure": 1.0
  },
  "approach": "time_series_heavy",
  "n_predictions": 2843,
  "timestamp": "2026-04-05T09:30:49.950898+00:00"
}