{
  "snapshot_id": "snap_238_1775379249",
  "cycle": 238,
  "brier_score": 0.0683907723773324,
  "ece": 0.19822432619212163,
  "discrimination": 0.9965989737881311,
  "roi": -0.3482,
  "edge_hit_rate": 0.2228,
  "health_score": 71.7,
  "model_weights": {
    "external_data": 0.0,
    "microstructure": 1.0
  },
  "approach": "time_series_heavy",
  "n_predictions": 2894,
  "timestamp": "2026-04-05T08:54:09.039907+00:00"
}