{
  "snapshot_id": "snap_136_1775377162",
  "cycle": 136,
  "brier_score": 0.07043389709887642,
  "ece": 0.21306591011235954,
  "discrimination": 0.9973855959696195,
  "roi": -0.4616,
  "edge_hit_rate": 0.1656,
  "health_score": 71.4,
  "model_weights": {
    "external_data": 0.0,
    "microstructure": 1.0
  },
  "approach": "time_series_heavy",
  "n_predictions": 4450,
  "timestamp": "2026-04-05T08:19:22.361245+00:00"
}