{
  "snapshot_id": "snap_238_1775379262",
  "cycle": 238,
  "brier_score": 0.06786614077935223,
  "ece": 0.19758073549257762,
  "discrimination": 0.9966961652994787,
  "roi": -0.3482,
  "edge_hit_rate": 0.2228,
  "health_score": 71.7,
  "model_weights": {
    "external_data": 0.0,
    "microstructure": 1.0
  },
  "approach": "time_series_heavy",
  "n_predictions": 2964,
  "timestamp": "2026-04-05T08:54:22.156435+00:00"
}