{
  "snapshot_id": "snap_726_1775388193",
  "cycle": 726,
  "brier_score": 0.0628023053304834,
  "ece": 0.18859352186780665,
  "discrimination": 0.9980943180660466,
  "roi": -0.1868,
  "edge_hit_rate": 0.3357,
  "health_score": 73.7,
  "model_weights": {
    "external_data": 0.0,
    "microstructure": 1.0
  },
  "approach": "time_series_heavy",
  "n_predictions": 3041,
  "timestamp": "2026-04-05T11:23:13.058802+00:00"
}