{
  "snapshot_id": "snap_221_1775378925",
  "cycle": 221,
  "brier_score": 0.06874369792738708,
  "ece": 0.2011728702115495,
  "discrimination": 0.9972751993320618,
  "roi": -0.3713,
  "edge_hit_rate": 0.2124,
  "health_score": 71.6,
  "model_weights": {
    "external_data": 0.0,
    "microstructure": 1.0
  },
  "approach": "time_series_heavy",
  "n_predictions": 3498,
  "timestamp": "2026-04-05T08:48:45.759184+00:00"
}