{
  "snapshot_id": "snap_841_1775390272",
  "cycle": 841,
  "brier_score": 0.06615091023942786,
  "ece": 0.17859120024875622,
  "discrimination": 0.9904003045577987,
  "roi": -0.1315,
  "edge_hit_rate": 0.3602,
  "health_score": 78.5,
  "model_weights": {
    "external_data": 0.8472,
    "microstructure": 0.1528
  },
  "approach": "time_series_heavy",
  "n_predictions": 3216,
  "timestamp": "2026-04-05T11:57:52.415616+00:00"
}