{
  "snapshot_id": "snap_545_1775385046",
  "cycle": 545,
  "brier_score": 0.06222629841180371,
  "ece": 0.18875235411140587,
  "discrimination": 0.9976990377466091,
  "roi": -0.1222,
  "edge_hit_rate": 0.3646,
  "health_score": 80.2,
  "model_weights": {
    "external_data": 0.0,
    "microstructure": 1.0
  },
  "approach": "time_series_heavy",
  "n_predictions": 3016,
  "timestamp": "2026-04-05T10:30:46.840897+00:00"
}