{
  "snapshot_id": "snap_192_1775378327",
  "cycle": 192,
  "brier_score": 0.06855378709162303,
  "ece": 0.20225515706806285,
  "discrimination": 0.9975753687217915,
  "roi": -0.3797,
  "edge_hit_rate": 0.2047,
  "health_score": 71.7,
  "model_weights": {
    "external_data": 0.0,
    "microstructure": 1.0
  },
  "approach": "time_series_heavy",
  "n_predictions": 3820,
  "timestamp": "2026-04-05T08:38:47.855473+00:00"
}