{
  "snapshot_id": "snap_266_1775379762",
  "cycle": 266,
  "brier_score": 0.06506175030293758,
  "ece": 0.19232659118727047,
  "discrimination": 0.997605296489225,
  "roi": -0.1758,
  "edge_hit_rate": 0.3293,
  "health_score": 74.5,
  "model_weights": {
    "external_data": 0.0,
    "microstructure": 1.0
  },
  "approach": "time_series_heavy",
  "n_predictions": 3268,
  "timestamp": "2026-04-05T09:02:42.361462+00:00"
}