{
  "snapshot_id": "snap_436_1775382985",
  "cycle": 436,
  "brier_score": 0.06310927915063629,
  "ece": 0.18807093814738088,
  "discrimination": 0.9975799628311849,
  "roi": -0.2233,
  "edge_hit_rate": 0.2935,
  "health_score": 72.3,
  "model_weights": {
    "external_data": 0.0,
    "microstructure": 1.0
  },
  "approach": "time_series_heavy",
  "n_predictions": 3379,
  "timestamp": "2026-04-05T09:56:25.122426+00:00"
}