{
  "snapshot_id": "snap_164_1775377810",
  "cycle": 164,
  "brier_score": 0.06991743668656716,
  "ece": 0.20925007462686568,
  "discrimination": 0.9974397093363169,
  "roi": -0.3582,
  "edge_hit_rate": 0.2173,
  "health_score": 71.5,
  "model_weights": {
    "external_data": 0.0,
    "microstructure": 1.0
  },
  "approach": "time_series_heavy",
  "n_predictions": 5360,
  "timestamp": "2026-04-05T08:30:10.581743+00:00"
}