{
  "snapshot_id": "snap_729_1775388237",
  "cycle": 729,
  "brier_score": 0.062545581913541,
  "ece": 0.18666509853782579,
  "discrimination": 0.9979916668912182,
  "roi": -0.1843,
  "edge_hit_rate": 0.3313,
  "health_score": 74.0,
  "model_weights": {
    "external_data": 0.0,
    "microstructure": 1.0
  },
  "approach": "time_series_heavy",
  "n_predictions": 3146,
  "timestamp": "2026-04-05T11:23:57.175330+00:00"
}