{
  "snapshot_id": "snap_643_1775386771",
  "cycle": 643,
  "brier_score": 0.06310254310856372,
  "ece": 0.1889614295347269,
  "discrimination": 0.9979044921724323,
  "roi": -0.1187,
  "edge_hit_rate": 0.3666,
  "health_score": 80.5,
  "model_weights": {
    "external_data": 0.0,
    "microstructure": 1.0
  },
  "approach": "time_series_heavy",
  "n_predictions": 2966,
  "timestamp": "2026-04-05T10:59:31.993570+00:00"
}