{
  "snapshot_id": "snap_664_1775387133",
  "cycle": 664,
  "brier_score": 0.06312558615163492,
  "ece": 0.18768171038447717,
  "discrimination": 0.9975905621757136,
  "roi": -0.1654,
  "edge_hit_rate": 0.3327,
  "health_score": 75.8,
  "model_weights": {
    "external_data": 0.0,
    "microstructure": 1.0
  },
  "approach": "time_series_heavy",
  "n_predictions": 2783,
  "timestamp": "2026-04-05T11:05:33.860935+00:00"
}