{
  "snapshot_id": "snap_142_1775377283",
  "cycle": 142,
  "brier_score": 0.07048819584,
  "ece": 0.21268787368421055,
  "discrimination": 0.9974639276238589,
  "roi": -0.4291,
  "edge_hit_rate": 0.1809,
  "health_score": 71.4,
  "model_weights": {
    "external_data": 0.0,
    "microstructure": 1.0
  },
  "approach": "time_series_heavy",
  "n_predictions": 4750,
  "timestamp": "2026-04-05T08:21:23.758439+00:00"
}