{
  "snapshot_id": "snap_378_1775381861",
  "cycle": 378,
  "brier_score": 0.06478867759105662,
  "ece": 0.19491950955643705,
  "discrimination": 0.9975166132824579,
  "roi": -0.3323,
  "edge_hit_rate": 0.2328,
  "health_score": 72.1,
  "model_weights": {
    "external_data": 0.0,
    "microstructure": 1.0
  },
  "approach": "time_series_heavy",
  "n_predictions": 2773,
  "timestamp": "2026-04-05T09:37:41.142681+00:00"
}