{
  "snapshot_id": "snap_612_1775386235",
  "cycle": 612,
  "brier_score": 0.06322198293191293,
  "ece": 0.18845368226030568,
  "discrimination": 0.9977502871228886,
  "roi": -0.1156,
  "edge_hit_rate": 0.3703,
  "health_score": 80.8,
  "model_weights": {
    "external_data": 0.0,
    "microstructure": 1.0
  },
  "approach": "time_series_heavy",
  "n_predictions": 2159,
  "timestamp": "2026-04-05T10:50:35.463337+00:00"
}