{
  "snapshot_id": "snap_886_1775390984",
  "cycle": 886,
  "brier_score": 0.0730677798512447,
  "ece": 0.16648564055859139,
  "discrimination": 0.9748650230310353,
  "roi": -0.1231,
  "edge_hit_rate": 0.3639,
  "health_score": 77.9,
  "model_weights": {
    "external_data": 1.0,
    "microstructure": 0.0
  },
  "approach": "time_series_heavy",
  "n_predictions": 3294,
  "timestamp": "2026-04-05T12:09:44.040555+00:00"
}