{
  "snapshot_id": "snap_7_1775375008",
  "cycle": 7,
  "brier_score": 0.06448321134285714,
  "ece": 0.18940371428571426,
  "discrimination": 0.9982180185737295,
  "roi": -0.0968,
  "edge_hit_rate": 0.3914,
  "health_score": 82.5,
  "model_weights": {},
  "approach": "balanced",
  "n_predictions": 350,
  "timestamp": "2026-04-05T07:43:28.260149+00:00"
}