{
  "snapshot_id": "snap_19_1775375170",
  "cycle": 19,
  "brier_score": 0.06975552166315789,
  "ece": 0.2090004210526316,
  "discrimination": 0.9986747474747475,
  "roi": -0.2414,
  "edge_hit_rate": 0.2895,
  "health_score": 71.6,
  "model_weights": {},
  "approach": "aggressive_momentum",
  "n_predictions": 950,
  "timestamp": "2026-04-05T07:46:10.368956+00:00"
}