{
  "snapshot_id": "snap_399_1775382252",
  "cycle": 399,
  "brier_score": 0.06453285546533186,
  "ece": 0.19376377456433075,
  "discrimination": 0.9975524960081945,
  "roi": -0.2798,
  "edge_hit_rate": 0.2589,
  "health_score": 72.2,
  "model_weights": {
    "external_data": 0.0,
    "microstructure": 1.0
  },
  "approach": "time_series_heavy",
  "n_predictions": 2697,
  "timestamp": "2026-04-05T09:44:12.283798+00:00"
}