{
  "snapshot_id": "snap_326_1775380891",
  "cycle": 326,
  "brier_score": 0.06507310876211575,
  "ece": 0.19065067848241482,
  "discrimination": 0.9974753342106208,
  "roi": -0.1803,
  "edge_hit_rate": 0.3288,
  "health_score": 74.1,
  "model_weights": {
    "external_data": 0.0,
    "microstructure": 1.0
  },
  "approach": "time_series_heavy",
  "n_predictions": 3611,
  "timestamp": "2026-04-05T09:21:31.898461+00:00"
}