{
  "snapshot_id": "snap_708_1775387875",
  "cycle": 708,
  "brier_score": 0.06364765253424658,
  "ece": 0.19700342465753423,
  "discrimination": 0.9994283536585366,
  "roi": 0.0203,
  "edge_hit_rate": 0.4694,
  "health_score": 94.4,
  "model_weights": {
    "external_data": 0.0,
    "microstructure": 1.0
  },
  "approach": "time_series_heavy",
  "n_predictions": 146,
  "timestamp": "2026-04-05T11:17:55.448749+00:00"
}