{
  "snapshot_id": "snap_516_1775384521",
  "cycle": 516,
  "brier_score": 0.06343997910792629,
  "ece": 0.18990017548990934,
  "discrimination": 0.997456732455396,
  "roi": -0.1243,
  "edge_hit_rate": 0.3748,
  "health_score": 79.9,
  "model_weights": {
    "external_data": 0.0,
    "microstructure": 1.0
  },
  "approach": "time_series_heavy",
  "n_predictions": 3419,
  "timestamp": "2026-04-05T10:22:01.127888+00:00"
}