{
  "snapshot_id": "snap_287_1775380145",
  "cycle": 287,
  "brier_score": 0.06372589339622642,
  "ece": 0.19306002558362648,
  "discrimination": 0.9979810896690692,
  "roi": -0.3731,
  "edge_hit_rate": 0.2129,
  "health_score": 72.3,
  "model_weights": {
    "external_data": 0.0,
    "microstructure": 1.0
  },
  "approach": "time_series_heavy",
  "n_predictions": 3127,
  "timestamp": "2026-04-05T09:09:05.377230+00:00"
}