{
  "snapshot_id": "snap_867_1775390653",
  "cycle": 867,
  "brier_score": 0.07057911675370729,
  "ece": 0.17203355899419728,
  "discrimination": 0.9795418379679968,
  "roi": -0.1055,
  "edge_hit_rate": 0.3836,
  "health_score": 80.2,
  "model_weights": {
    "external_data": 0.9888,
    "microstructure": 0.0112
  },
  "approach": "time_series_heavy",
  "n_predictions": 3102,
  "timestamp": "2026-04-05T12:04:13.973072+00:00"
}