{
  "snapshot_id": "snap_80_1775376150",
  "cycle": 80,
  "brier_score": 0.06774052346666666,
  "ece": 0.21195236363636366,
  "discrimination": 0.9984075961123609,
  "roi": -0.5295,
  "edge_hit_rate": 0.1364,
  "health_score": 71.8,
  "model_weights": {
    "external_data": 0.0,
    "microstructure": 1.0
  },
  "approach": "time_series_heavy",
  "n_predictions": 1650,
  "timestamp": "2026-04-05T08:02:30.725325+00:00"
}