{
  "snapshot_id": "snap_208_1775378647",
  "cycle": 208,
  "brier_score": 0.06899094837391548,
  "ece": 0.20118091239854466,
  "discrimination": 0.9975557297034847,
  "roi": -0.2619,
  "edge_hit_rate": 0.2759,
  "health_score": 71.6,
  "model_weights": {
    "external_data": 0.0,
    "microstructure": 1.0
  },
  "approach": "time_series_heavy",
  "n_predictions": 3573,
  "timestamp": "2026-04-05T08:44:07.626337+00:00"
}