{
  "snapshot_id": "snap_801_1775389494",
  "cycle": 801,
  "brier_score": 0.06273780920169338,
  "ece": 0.1876606894466284,
  "discrimination": 0.9977680816771682,
  "roi": -0.083,
  "edge_hit_rate": 0.4119,
  "health_score": 84.1,
  "model_weights": {
    "external_data": 0.0,
    "microstructure": 1.0
  },
  "approach": "time_series_heavy",
  "n_predictions": 3307,
  "timestamp": "2026-04-05T11:44:54.542083+00:00"
}