{
  "snapshot_id": "snap_668_1775387203",
  "cycle": 668,
  "brier_score": 0.06298187828667792,
  "ece": 0.18753827993254635,
  "discrimination": 0.9975560645736387,
  "roi": -0.1644,
  "edge_hit_rate": 0.3333,
  "health_score": 75.9,
  "model_weights": {
    "external_data": 0.0,
    "microstructure": 1.0
  },
  "approach": "time_series_heavy",
  "n_predictions": 2965,
  "timestamp": "2026-04-05T11:06:43.876346+00:00"
}