{
  "snapshot_id": "snap_351_1775381344",
  "cycle": 351,
  "brier_score": 0.06571235921843004,
  "ece": 0.19116085324232082,
  "discrimination": 0.9968673299895007,
  "roi": -0.2388,
  "edge_hit_rate": 0.289,
  "health_score": 72.0,
  "model_weights": {
    "external_data": 0.0,
    "microstructure": 1.0
  },
  "approach": "time_series_heavy",
  "n_predictions": 2930,
  "timestamp": "2026-04-05T09:29:04.434306+00:00"
}