{
  "snapshot_id": "snap_421_1775382688",
  "cycle": 421,
  "brier_score": 0.06503205828025477,
  "ece": 0.1942160145586897,
  "discrimination": 0.9974765831253842,
  "roi": -0.2919,
  "edge_hit_rate": 0.2506,
  "health_score": 72.1,
  "model_weights": {
    "external_data": 0.0,
    "microstructure": 1.0
  },
  "approach": "time_series_heavy",
  "n_predictions": 2198,
  "timestamp": "2026-04-05T09:51:28.047891+00:00"
}