{
  "snapshot_id": "snap_739_1775388419",
  "cycle": 739,
  "brier_score": 0.06309647985878489,
  "ece": 0.18689612479474552,
  "discrimination": 0.9976052950910094,
  "roi": -0.1656,
  "edge_hit_rate": 0.3424,
  "health_score": 75.8,
  "model_weights": {
    "external_data": 0.0,
    "microstructure": 1.0
  },
  "approach": "time_series_heavy",
  "n_predictions": 3045,
  "timestamp": "2026-04-05T11:26:59.753350+00:00"
}