{
  "snapshot_id": "snap_796_1775389407",
  "cycle": 796,
  "brier_score": 0.06318895071272954,
  "ece": 0.18744537815126047,
  "discrimination": 0.9976521563321855,
  "roi": -0.0828,
  "edge_hit_rate": 0.4121,
  "health_score": 84.0,
  "model_weights": {
    "external_data": 0.0,
    "microstructure": 1.0
  },
  "approach": "time_series_heavy",
  "n_predictions": 3213,
  "timestamp": "2026-04-05T11:43:27.829556+00:00"
}