{
  "snapshot_id": "snap_727_1775388209",
  "cycle": 727,
  "brier_score": 0.06214074146653543,
  "ece": 0.1872550853018373,
  "discrimination": 0.9981286883168604,
  "roi": -0.1843,
  "edge_hit_rate": 0.3313,
  "health_score": 74.0,
  "model_weights": {
    "external_data": 0.0,
    "microstructure": 1.0
  },
  "approach": "time_series_heavy",
  "n_predictions": 3048,
  "timestamp": "2026-04-05T11:23:29.243941+00:00"
}