{
  "snapshot_id": "snap_56_1775375763",
  "cycle": 56,
  "brier_score": 0.0705716270888889,
  "ece": 0.2240717777777778,
  "discrimination": 0.9992207046470613,
  "roi": -0.5717,
  "edge_hit_rate": 0.1214,
  "health_score": 71.5,
  "model_weights": {
    "external_data": 0.0,
    "microstructure": 1.0
  },
  "approach": "time_series_heavy",
  "n_predictions": 450,
  "timestamp": "2026-04-05T07:56:03.182535+00:00"
}