{
  "snapshot_id": "snap_121_1775376854",
  "cycle": 121,
  "brier_score": 0.07015139693783785,
  "ece": 0.21349921621621623,
  "discrimination": 0.9977839843022673,
  "roi": -0.4635,
  "edge_hit_rate": 0.164,
  "health_score": 71.5,
  "model_weights": {
    "external_data": 0.0,
    "microstructure": 1.0
  },
  "approach": "time_series_heavy",
  "n_predictions": 3700,
  "timestamp": "2026-04-05T08:14:14.556187+00:00"
}