{
  "snapshot_id": "snap_363_1775381585",
  "cycle": 363,
  "brier_score": 0.07120713825,
  "ece": 0.23790250000000002,
  "discrimination": 1.0,
  "roi": -1.0,
  "edge_hit_rate": 0.0,
  "health_score": 71.5,
  "model_weights": {
    "external_data": 0.0,
    "microstructure": 1.0
  },
  "approach": "time_series_heavy",
  "n_predictions": 40,
  "timestamp": "2026-04-05T09:33:05.132184+00:00"
}