{
  "snapshot_id": "snap_835_1775390081",
  "cycle": 835,
  "brier_score": 0.06370609849544626,
  "ece": 0.18527770491803275,
  "discrimination": 0.9975879610377323,
  "roi": -0.1091,
  "edge_hit_rate": 0.3788,
  "health_score": 81.3,
  "model_weights": {
    "external_data": 0.0,
    "microstructure": 1.0
  },
  "approach": "time_series_heavy",
  "n_predictions": 2745,
  "timestamp": "2026-04-05T11:54:41.389620+00:00"
}