{
  "snapshot_id": "snap_628_1775386496",
  "cycle": 628,
  "brier_score": 0.06314746925925925,
  "ece": 0.18848976034858392,
  "discrimination": 0.9974494711600222,
  "roi": -0.1198,
  "edge_hit_rate": 0.3745,
  "health_score": 80.3,
  "model_weights": {
    "external_data": 0.0,
    "microstructure": 1.0
  },
  "approach": "time_series_heavy",
  "n_predictions": 2754,
  "timestamp": "2026-04-05T10:54:56.957197+00:00"
}