{
  "snapshot_id": "snap_562_1775385344",
  "cycle": 562,
  "brier_score": 0.06286206221476509,
  "ece": 0.18667436880792582,
  "discrimination": 0.9970176015176161,
  "roi": -0.1414,
  "edge_hit_rate": 0.3491,
  "health_score": 78.2,
  "model_weights": {
    "external_data": 0.0,
    "microstructure": 1.0
  },
  "approach": "time_series_heavy",
  "n_predictions": 3129,
  "timestamp": "2026-04-05T10:35:44.229894+00:00"
}