{
  "snapshot_id": "snap_38_1775375452",
  "cycle": 38,
  "brier_score": 0.06790407143157896,
  "ece": 0.2073331578947368,
  "discrimination": 0.9979946959980871,
  "roi": -0.2936,
  "edge_hit_rate": 0.256,
  "health_score": 71.8,
  "model_weights": {},
  "approach": "external_data_driven",
  "n_predictions": 1900,
  "timestamp": "2026-04-05T07:50:52.096020+00:00"
}