{
  "snapshot_id": "snap_347_1775381269",
  "cycle": 347,
  "brier_score": 0.06573530923755737,
  "ece": 0.1907316978468055,
  "discrimination": 0.997002754058835,
  "roi": -0.2388,
  "edge_hit_rate": 0.289,
  "health_score": 72.0,
  "model_weights": {
    "external_data": 0.0,
    "microstructure": 1.0
  },
  "approach": "time_series_heavy",
  "n_predictions": 2833,
  "timestamp": "2026-04-05T09:27:49.562565+00:00"
}