{
  "snapshot_id": "snap_628_1775386508",
  "cycle": 628,
  "brier_score": 0.0631358174074074,
  "ece": 0.18913212250712255,
  "discrimination": 0.9975067257542748,
  "roi": -0.1198,
  "edge_hit_rate": 0.3745,
  "health_score": 80.3,
  "model_weights": {
    "external_data": 0.0,
    "microstructure": 1.0
  },
  "approach": "time_series_heavy",
  "n_predictions": 2808,
  "timestamp": "2026-04-05T10:55:08.582375+00:00"
}