{
  "snapshot_id": "snap_112_1775376682",
  "cycle": 112,
  "brier_score": 0.06955442013538461,
  "ece": 0.21248301538461542,
  "discrimination": 0.9975911185588605,
  "roi": -0.5385,
  "edge_hit_rate": 0.1327,
  "health_score": 71.6,
  "model_weights": {
    "external_data": 0.0,
    "microstructure": 1.0
  },
  "approach": "time_series_heavy",
  "n_predictions": 3250,
  "timestamp": "2026-04-05T08:11:22.935177+00:00"
}