{
  "snapshot_id": "snap_226_1775379021",
  "cycle": 226,
  "brier_score": 0.06827523159679408,
  "ece": 0.20149901356350186,
  "discrimination": 0.9977035926922764,
  "roi": -0.3878,
  "edge_hit_rate": 0.2063,
  "health_score": 71.7,
  "model_weights": {
    "external_data": 0.0,
    "microstructure": 1.0
  },
  "approach": "time_series_heavy",
  "n_predictions": 3244,
  "timestamp": "2026-04-05T08:50:21.296055+00:00"
}