{
  "snapshot_id": "snap_559_1775385296",
  "cycle": 559,
  "brier_score": 0.06376490661764705,
  "ece": 0.2074441176470589,
  "discrimination": 1.0,
  "roi": -0.1222,
  "edge_hit_rate": 0.3333,
  "health_score": 80.1,
  "model_weights": {
    "external_data": 0.0,
    "microstructure": 1.0
  },
  "approach": "time_series_heavy",
  "n_predictions": 136,
  "timestamp": "2026-04-05T10:34:56.197950+00:00"
}