{
  "snapshot_id": "snap_768_1775388910",
  "cycle": 768,
  "brier_score": 0.06308173718740057,
  "ece": 0.18707585109767738,
  "discrimination": 0.9976112857144044,
  "roi": -0.0803,
  "edge_hit_rate": 0.4086,
  "health_score": 84.3,
  "model_weights": {
    "external_data": 0.0,
    "microstructure": 1.0
  },
  "approach": "time_series_heavy",
  "n_predictions": 3143,
  "timestamp": "2026-04-05T11:35:10.016177+00:00"
}