{
  "snapshot_id": "snap_509_1775384359",
  "cycle": 509,
  "brier_score": 0.0626150331090753,
  "ece": 0.1875283423990839,
  "discrimination": 0.9973934428892879,
  "roi": -0.1218,
  "edge_hit_rate": 0.36,
  "health_score": 80.2,
  "model_weights": {
    "external_data": 0.0,
    "microstructure": 1.0
  },
  "approach": "time_series_heavy",
  "n_predictions": 3493,
  "timestamp": "2026-04-05T10:19:19.406222+00:00"
}