{
  "snapshot_id": "snap_799_1775389458",
  "cycle": 799,
  "brier_score": 0.06445040145962733,
  "ece": 0.1929767080745342,
  "discrimination": 0.9981389993439638,
  "roi": -0.193,
  "edge_hit_rate": 0.3249,
  "health_score": 72.9,
  "model_weights": {
    "external_data": 0.0,
    "microstructure": 1.0
  },
  "approach": "time_series_heavy",
  "n_predictions": 966,
  "timestamp": "2026-04-05T11:44:18.822680+00:00"
}