{
  "snapshot_id": "snap_407_1775382408",
  "cycle": 407,
  "brier_score": 0.0627757671748579,
  "ece": 0.19156656636576397,
  "discrimination": 0.9976699873611772,
  "roi": -0.2741,
  "edge_hit_rate": 0.2624,
  "health_score": 72.4,
  "model_weights": {
    "external_data": 0.0,
    "microstructure": 1.0
  },
  "approach": "time_series_heavy",
  "n_predictions": 2991,
  "timestamp": "2026-04-05T09:46:48.286968+00:00"
}