{
  "snapshot_id": "snap_807_1775389595",
  "cycle": 807,
  "brier_score": 0.06188764870152761,
  "ece": 0.1867385428907168,
  "discrimination": 0.9978839852791508,
  "roi": -0.0966,
  "edge_hit_rate": 0.4055,
  "health_score": 82.8,
  "model_weights": {
    "external_data": 0.0,
    "microstructure": 1.0
  },
  "approach": "time_series_heavy",
  "n_predictions": 3404,
  "timestamp": "2026-04-05T11:46:35.868011+00:00"
}