{
  "snapshot_id": "snap_331_1775380981",
  "cycle": 331,
  "brier_score": 0.06469613411049724,
  "ece": 0.1906402762430939,
  "discrimination": 0.9974855259852116,
  "roi": -0.1784,
  "edge_hit_rate": 0.3254,
  "health_score": 74.3,
  "model_weights": {
    "external_data": 0.0,
    "microstructure": 1.0
  },
  "approach": "time_series_heavy",
  "n_predictions": 3620,
  "timestamp": "2026-04-05T09:23:01.730479+00:00"
}