{
  "snapshot_id": "snap_455_1775383352",
  "cycle": 455,
  "brier_score": 0.06352349457021952,
  "ece": 0.18687566781274795,
  "discrimination": 0.9971573448515785,
  "roi": -0.1175,
  "edge_hit_rate": 0.3824,
  "health_score": 80.5,
  "model_weights": {
    "external_data": 0.0,
    "microstructure": 1.0
  },
  "approach": "time_series_heavy",
  "n_predictions": 3781,
  "timestamp": "2026-04-05T10:02:32.452583+00:00"
}