{
  "snapshot_id": "snap_780_1775389120",
  "cycle": 780,
  "brier_score": 0.06412840699101333,
  "ece": 0.18663811589711807,
  "discrimination": 0.9972464537452416,
  "roi": -0.1189,
  "edge_hit_rate": 0.3768,
  "health_score": 80.3,
  "model_weights": {
    "external_data": 0.0,
    "microstructure": 1.0
  },
  "approach": "time_series_heavy",
  "n_predictions": 3227,
  "timestamp": "2026-04-05T11:38:40.879408+00:00"
}