{
  "snapshot_id": "snap_581_1775385688",
  "cycle": 581,
  "brier_score": 0.06354351092442645,
  "ece": 0.19195485829959516,
  "discrimination": 0.9978055384495078,
  "roi": -0.0783,
  "edge_hit_rate": 0.4086,
  "health_score": 84.5,
  "model_weights": {
    "external_data": 0.0,
    "microstructure": 1.0
  },
  "approach": "time_series_heavy",
  "n_predictions": 2964,
  "timestamp": "2026-04-05T10:41:28.860987+00:00"
}