{
  "snapshot_id": "snap_379_1775381879",
  "cycle": 379,
  "brier_score": 0.06445015074583636,
  "ece": 0.19433816075307747,
  "discrimination": 0.9975557825708428,
  "roi": -0.3323,
  "edge_hit_rate": 0.2328,
  "health_score": 72.2,
  "model_weights": {
    "external_data": 0.0,
    "microstructure": 1.0
  },
  "approach": "time_series_heavy",
  "n_predictions": 2762,
  "timestamp": "2026-04-05T09:37:59.723883+00:00"
}