{
  "snapshot_id": "snap_878_1775390837",
  "cycle": 878,
  "brier_score": 0.07276321294823232,
  "ece": 0.16767601010101008,
  "discrimination": 0.9756011829285419,
  "roi": -0.1221,
  "edge_hit_rate": 0.3681,
  "health_score": 78.1,
  "model_weights": {
    "external_data": 1.0,
    "microstructure": 0.0
  },
  "approach": "time_series_heavy",
  "n_predictions": 3168,
  "timestamp": "2026-04-05T12:07:17.781831+00:00"
}