{
  "snapshot_id": "snap_866_1775390638",
  "cycle": 866,
  "brier_score": 0.07007659915782492,
  "ece": 0.17356836870026524,
  "discrimination": 0.9806645490431243,
  "roi": -0.104,
  "edge_hit_rate": 0.3849,
  "health_score": 80.4,
  "model_weights": {
    "external_data": 0.9888,
    "microstructure": 0.0112
  },
  "approach": "time_series_heavy",
  "n_predictions": 3016,
  "timestamp": "2026-04-05T12:03:58.130621+00:00"
}