{
  "snapshot_id": "snap_368_1775381671",
  "cycle": 368,
  "brier_score": 0.06459452309554552,
  "ece": 0.19217692059393154,
  "discrimination": 0.9975463296487239,
  "roi": -0.3033,
  "edge_hit_rate": 0.2468,
  "health_score": 72.2,
  "model_weights": {
    "external_data": 0.0,
    "microstructure": 1.0
  },
  "approach": "time_series_heavy",
  "n_predictions": 3098,
  "timestamp": "2026-04-05T09:34:31.392832+00:00"
}