{
  "snapshot_id": "snap_852_1775390388",
  "cycle": 852,
  "brier_score": 0.06430268559019264,
  "ece": 0.18129870402802103,
  "discrimination": 0.9925689843628008,
  "roi": -0.1171,
  "edge_hit_rate": 0.3692,
  "health_score": 80.3,
  "model_weights": {
    "external_data": 0.9387,
    "microstructure": 0.0613
  },
  "approach": "time_series_heavy",
  "n_predictions": 2855,
  "timestamp": "2026-04-05T11:59:48.459764+00:00"
}