{
  "snapshot_id": "snap_616_1775386304",
  "cycle": 616,
  "brier_score": 0.06440735495673672,
  "ece": 0.18965012360939432,
  "discrimination": 0.9974952356399408,
  "roi": -0.0874,
  "edge_hit_rate": 0.406,
  "health_score": 83.4,
  "model_weights": {
    "external_data": 0.0,
    "microstructure": 1.0
  },
  "approach": "time_series_heavy",
  "n_predictions": 3236,
  "timestamp": "2026-04-05T10:51:44.972287+00:00"
}