{
  "snapshot_id": "snap_1_1775374878",
  "cycle": 1,
  "brier_score": 0.06361860300000001,
  "ece": 0.22000599999999998,
  "discrimination": 1.0,
  "roi": -0.0554,
  "edge_hit_rate": 0.38,
  "health_score": 86.8,
  "model_weights": {},
  "approach": "balanced",
  "n_predictions": 50,
  "timestamp": "2026-04-05T07:41:18.873484+00:00"
}