{
  "snapshot_id": "snap_740_1775388430",
  "cycle": 740,
  "brier_score": 0.06290550626517886,
  "ece": 0.18739642271086318,
  "discrimination": 0.9976537276421267,
  "roi": -0.1424,
  "edge_hit_rate": 0.3597,
  "health_score": 78.1,
  "model_weights": {
    "external_data": 0.0,
    "microstructure": 1.0
  },
  "approach": "time_series_heavy",
  "n_predictions": 3047,
  "timestamp": "2026-04-05T11:27:10.807663+00:00"
}