{
  "snapshot_id": "snap_722_1775388124",
  "cycle": 722,
  "brier_score": 0.06256800511560695,
  "ece": 0.19562052023121393,
  "discrimination": 0.9990247781684246,
  "roi": -0.0823,
  "edge_hit_rate": 0.3793,
  "health_score": 84.2,
  "model_weights": {
    "external_data": 0.0,
    "microstructure": 1.0
  },
  "approach": "time_series_heavy",
  "n_predictions": 692,
  "timestamp": "2026-04-05T11:22:04.422841+00:00"
}