{
  "snapshot_id": "snap_585_1775385754",
  "cycle": 585,
  "brier_score": 0.0626728572765631,
  "ece": 0.1898681242807825,
  "discrimination": 0.9978581496476233,
  "roi": -0.1196,
  "edge_hit_rate": 0.375,
  "health_score": 80.4,
  "model_weights": {
    "external_data": 0.0,
    "microstructure": 1.0
  },
  "approach": "time_series_heavy",
  "n_predictions": 2607,
  "timestamp": "2026-04-05T10:42:34.091598+00:00"
}