{
  "snapshot_id": "snap_339_1775381133",
  "cycle": 339,
  "brier_score": 0.06635400058289703,
  "ece": 0.19396513089005235,
  "discrimination": 0.9970328954869536,
  "roi": -0.2365,
  "edge_hit_rate": 0.2885,
  "health_score": 71.9,
  "model_weights": {
    "external_data": 0.0,
    "microstructure": 1.0
  },
  "approach": "time_series_heavy",
  "n_predictions": 2865,
  "timestamp": "2026-04-05T09:25:33.106454+00:00"
}