{
  "snapshot_id": "snap_810_1775389646",
  "cycle": 810,
  "brier_score": 0.06195662437878788,
  "ece": 0.187558393939394,
  "discrimination": 0.998032793960504,
  "roi": -0.0946,
  "edge_hit_rate": 0.4066,
  "health_score": 83.0,
  "model_weights": {
    "external_data": 0.0,
    "microstructure": 1.0
  },
  "approach": "time_series_heavy",
  "n_predictions": 3300,
  "timestamp": "2026-04-05T11:47:26.965212+00:00"
}