{
  "snapshot_id": "snap_833_1775390050",
  "cycle": 833,
  "brier_score": 0.06298837926120449,
  "ece": 0.18566257002801118,
  "discrimination": 0.9977719674746721,
  "roi": -0.0942,
  "edge_hit_rate": 0.3996,
  "health_score": 82.9,
  "model_weights": {
    "external_data": 0.0,
    "microstructure": 1.0
  },
  "approach": "time_series_heavy",
  "n_predictions": 2856,
  "timestamp": "2026-04-05T11:54:10.601635+00:00"
}