{
  "snapshot_id": "snap_733_1775388310",
  "cycle": 733,
  "brier_score": 0.0623293042762564,
  "ece": 0.18557806199217575,
  "discrimination": 0.9979951486988144,
  "roi": -0.1843,
  "edge_hit_rate": 0.3313,
  "health_score": 74.0,
  "model_weights": {
    "external_data": 0.0,
    "microstructure": 1.0
  },
  "approach": "time_series_heavy",
  "n_predictions": 3323,
  "timestamp": "2026-04-05T11:25:10.038113+00:00"
}