{
  "snapshot_id": "snap_395_1775382195",
  "cycle": 395,
  "brier_score": 0.0653127288387319,
  "ece": 0.19501209510682288,
  "discrimination": 0.9975421137980371,
  "roi": -0.2701,
  "edge_hit_rate": 0.265,
  "health_score": 72.1,
  "model_weights": {
    "external_data": 0.0,
    "microstructure": 1.0
  },
  "approach": "time_series_heavy",
  "n_predictions": 2902,
  "timestamp": "2026-04-05T09:43:15.831980+00:00"
}