{
  "snapshot_id": "snap_475_1775383736",
  "cycle": 475,
  "brier_score": 0.06627079454923716,
  "ece": 0.19158030513176144,
  "discrimination": 0.9969678879894732,
  "roi": -0.2216,
  "edge_hit_rate": 0.2941,
  "health_score": 71.9,
  "model_weights": {
    "external_data": 0.0,
    "microstructure": 1.0
  },
  "approach": "time_series_heavy",
  "n_predictions": 1442,
  "timestamp": "2026-04-05T10:08:56.617954+00:00"
}