{
  "snapshot_id": "snap_731_1775388275",
  "cycle": 731,
  "brier_score": 0.06300133661461586,
  "ece": 0.18574703310430982,
  "discrimination": 0.9978627671541057,
  "roi": -0.1843,
  "edge_hit_rate": 0.3313,
  "health_score": 73.9,
  "model_weights": {
    "external_data": 0.0,
    "microstructure": 1.0
  },
  "approach": "time_series_heavy",
  "n_predictions": 3202,
  "timestamp": "2026-04-05T11:24:35.258791+00:00"
}