{
  "snapshot_id": "snap_502_1775384213",
  "cycle": 502,
  "brier_score": 0.06292455052553883,
  "ece": 0.18720457632122828,
  "discrimination": 0.9975043625353553,
  "roi": -0.1373,
  "edge_hit_rate": 0.3487,
  "health_score": 78.6,
  "model_weights": {
    "external_data": 0.0,
    "microstructure": 1.0
  },
  "approach": "time_series_heavy",
  "n_predictions": 3387,
  "timestamp": "2026-04-05T10:16:53.975292+00:00"
}