{
  "snapshot_id": "snap_220_1775378893",
  "cycle": 220,
  "brier_score": 0.06872888480572596,
  "ece": 0.2011995617879054,
  "discrimination": 0.9972732965330443,
  "roi": -0.3715,
  "edge_hit_rate": 0.2122,
  "health_score": 71.6,
  "model_weights": {
    "external_data": 0.0,
    "microstructure": 1.0
  },
  "approach": "time_series_heavy",
  "n_predictions": 3423,
  "timestamp": "2026-04-05T08:48:13.249863+00:00"
}