{
  "snapshot_id": "snap_637_1775386662",
  "cycle": 637,
  "brier_score": 0.0628859534202547,
  "ece": 0.1872171012734991,
  "discrimination": 0.9975766212256874,
  "roi": -0.1222,
  "edge_hit_rate": 0.3735,
  "health_score": 80.1,
  "model_weights": {
    "external_data": 0.0,
    "microstructure": 1.0
  },
  "approach": "time_series_heavy",
  "n_predictions": 3298,
  "timestamp": "2026-04-05T10:57:42.642559+00:00"
}