{
  "snapshot_id": "snap_230_1775379089",
  "cycle": 230,
  "brier_score": 0.06780231167119977,
  "ece": 0.19900574191598672,
  "discrimination": 0.9974905192595088,
  "roi": -0.2905,
  "edge_hit_rate": 0.254,
  "health_score": 71.8,
  "model_weights": {
    "external_data": 0.0,
    "microstructure": 1.0
  },
  "approach": "time_series_heavy",
  "n_predictions": 3309,
  "timestamp": "2026-04-05T08:51:29.548197+00:00"
}