{
  "snapshot_id": "snap_580_1775385669",
  "cycle": 580,
  "brier_score": 0.06370669534859522,
  "ece": 0.1915020117932709,
  "discrimination": 0.9977324000893364,
  "roi": -0.0834,
  "edge_hit_rate": 0.407,
  "health_score": 83.9,
  "model_weights": {
    "external_data": 0.0,
    "microstructure": 1.0
  },
  "approach": "time_series_heavy",
  "n_predictions": 2883,
  "timestamp": "2026-04-05T10:41:09.488588+00:00"
}