{
  "snapshot_id": "snap_397_1775382232",
  "cycle": 397,
  "brier_score": 0.06483190854174262,
  "ece": 0.1945262486328837,
  "discrimination": 0.9975272156962857,
  "roi": -0.2984,
  "edge_hit_rate": 0.2486,
  "health_score": 72.1,
  "model_weights": {
    "external_data": 0.0,
    "microstructure": 1.0
  },
  "approach": "time_series_heavy",
  "n_predictions": 2743,
  "timestamp": "2026-04-05T09:43:52.667336+00:00"
}