{
  "snapshot_id": "snap_752_1775388640",
  "cycle": 752,
  "brier_score": 0.06280062200680273,
  "ece": 0.18532736549165119,
  "discrimination": 0.9975760419110172,
  "roi": -0.0937,
  "edge_hit_rate": 0.4024,
  "health_score": 83.0,
  "model_weights": {
    "external_data": 0.0,
    "microstructure": 1.0
  },
  "approach": "time_series_heavy",
  "n_predictions": 3234,
  "timestamp": "2026-04-05T11:30:40.100981+00:00"
}