{
  "snapshot_id": "snap_572_1775385534",
  "cycle": 572,
  "brier_score": 0.063080931762358,
  "ece": 0.18876895916487565,
  "discrimination": 0.9972930160162734,
  "roi": -0.1361,
  "edge_hit_rate": 0.3576,
  "health_score": 78.7,
  "model_weights": {
    "external_data": 0.0,
    "microstructure": 1.0
  },
  "approach": "time_series_heavy",
  "n_predictions": 3257,
  "timestamp": "2026-04-05T10:38:54.554204+00:00"
}