{
  "snapshot_id": "snap_695_1775387660",
  "cycle": 695,
  "brier_score": 0.06317455114754099,
  "ece": 0.18755879284649776,
  "discrimination": 0.997759473736987,
  "roi": -0.127,
  "edge_hit_rate": 0.37,
  "health_score": 79.6,
  "model_weights": {
    "external_data": 0.0,
    "microstructure": 1.0
  },
  "approach": "time_series_heavy",
  "n_predictions": 2684,
  "timestamp": "2026-04-05T11:14:20.770867+00:00"
}