{
  "snapshot_id": "snap_516_1775384500",
  "cycle": 516,
  "brier_score": 0.06348889246247114,
  "ece": 0.1899053983833718,
  "discrimination": 0.997472536302352,
  "roi": -0.1252,
  "edge_hit_rate": 0.3733,
  "health_score": 79.8,
  "model_weights": {
    "external_data": 0.0,
    "microstructure": 1.0
  },
  "approach": "time_series_heavy",
  "n_predictions": 3464,
  "timestamp": "2026-04-05T10:21:40.786549+00:00"
}