{
  "snapshot_id": "snap_786_1775389222",
  "cycle": 786,
  "brier_score": 0.06291844534562212,
  "ece": 0.18851465437788018,
  "discrimination": 0.9979621299132211,
  "roi": -0.1192,
  "edge_hit_rate": 0.3762,
  "health_score": 80.4,
  "model_weights": {
    "external_data": 0.0,
    "microstructure": 1.0
  },
  "approach": "time_series_heavy",
  "n_predictions": 2170,
  "timestamp": "2026-04-05T11:40:22.160185+00:00"
}