{
  "snapshot_id": "snap_213_1775378745",
  "cycle": 213,
  "brier_score": 0.06849907128448275,
  "ece": 0.20044008620689652,
  "discrimination": 0.9973004669173453,
  "roi": -0.3255,
  "edge_hit_rate": 0.2366,
  "health_score": 71.7,
  "model_weights": {
    "external_data": 0.0,
    "microstructure": 1.0
  },
  "approach": "time_series_heavy",
  "n_predictions": 3480,
  "timestamp": "2026-04-05T08:45:45.395804+00:00"
}