{
  "snapshot_id": "snap_535_1775384867",
  "cycle": 535,
  "brier_score": 0.062429647238507656,
  "ece": 0.19196892071952035,
  "discrimination": 0.9978689497716895,
  "roi": -0.157,
  "edge_hit_rate": 0.3291,
  "health_score": 76.7,
  "model_weights": {
    "external_data": 0.0,
    "microstructure": 1.0
  },
  "approach": "time_series_heavy",
  "n_predictions": 3002,
  "timestamp": "2026-04-05T10:27:47.003416+00:00"
}