{
  "snapshot_id": "snap_738_1775388403",
  "cycle": 738,
  "brier_score": 0.06500581769942196,
  "ece": 0.19491179190751445,
  "discrimination": 0.998273768874725,
  "roi": -0.159,
  "edge_hit_rate": 0.3558,
  "health_score": 76.2,
  "model_weights": {
    "external_data": 0.0,
    "microstructure": 1.0
  },
  "approach": "time_series_heavy",
  "n_predictions": 865,
  "timestamp": "2026-04-05T11:26:43.890862+00:00"
}