{
  "snapshot_id": "snap_434_1775382942",
  "cycle": 434,
  "brier_score": 0.06345567995832094,
  "ece": 0.1891472462042275,
  "discrimination": 0.9975151191586434,
  "roi": -0.2208,
  "edge_hit_rate": 0.2938,
  "health_score": 72.3,
  "model_weights": {
    "external_data": 0.0,
    "microstructure": 1.0
  },
  "approach": "time_series_heavy",
  "n_predictions": 3359,
  "timestamp": "2026-04-05T09:55:42.038581+00:00"
}