{
  "snapshot_id": "snap_654_1775386947",
  "cycle": 654,
  "brier_score": 0.06366831761451726,
  "ece": 0.18814175475687106,
  "discrimination": 0.9978105494062046,
  "roi": -0.1349,
  "edge_hit_rate": 0.3579,
  "health_score": 78.8,
  "model_weights": {
    "external_data": 0.0,
    "microstructure": 1.0
  },
  "approach": "time_series_heavy",
  "n_predictions": 2838,
  "timestamp": "2026-04-05T11:02:27.265014+00:00"
}