{
  "snapshot_id": "snap_445_1775383156",
  "cycle": 445,
  "brier_score": 0.06336766807925151,
  "ece": 0.18773659878921298,
  "discrimination": 0.9968678873483271,
  "roi": -0.2504,
  "edge_hit_rate": 0.2771,
  "health_score": 72.3,
  "model_weights": {
    "external_data": 0.0,
    "microstructure": 1.0
  },
  "approach": "time_series_heavy",
  "n_predictions": 3634,
  "timestamp": "2026-04-05T09:59:16.793925+00:00"
}