{
  "snapshot_id": "snap_803_1775389525",
  "cycle": 803,
  "brier_score": 0.06243068795936932,
  "ece": 0.18666152213462708,
  "discrimination": 0.9977277878534515,
  "roi": -0.083,
  "edge_hit_rate": 0.4119,
  "health_score": 84.1,
  "model_weights": {
    "external_data": 0.0,
    "microstructure": 1.0
  },
  "approach": "time_series_heavy",
  "n_predictions": 3298,
  "timestamp": "2026-04-05T11:45:25.591380+00:00"
}