{
  "snapshot_id": "snap_405_1775382364",
  "cycle": 405,
  "brier_score": 0.06274932516574586,
  "ece": 0.19272562154696135,
  "discrimination": 0.9977242251254741,
  "roi": -0.2741,
  "edge_hit_rate": 0.2624,
  "health_score": 72.4,
  "model_weights": {
    "external_data": 0.0,
    "microstructure": 1.0
  },
  "approach": "time_series_heavy",
  "n_predictions": 2896,
  "timestamp": "2026-04-05T09:46:04.599349+00:00"
}