{
  "snapshot_id": "snap_25_1775375256",
  "cycle": 25,
  "brier_score": 0.06711199041600001,
  "ece": 0.20776464000000003,
  "discrimination": 0.99903900848287,
  "roi": -0.2595,
  "edge_hit_rate": 0.2787,
  "health_score": 71.9,
  "model_weights": {},
  "approach": "balanced",
  "n_predictions": 1250,
  "timestamp": "2026-04-05T07:47:36.023574+00:00"
}