{
  "snapshot_id": "snap_447_1775383200",
  "cycle": 447,
  "brier_score": 0.06401760350777935,
  "ece": 0.18917604903347482,
  "discrimination": 0.9970969872587037,
  "roi": -0.303,
  "edge_hit_rate": 0.2435,
  "health_score": 72.2,
  "model_weights": {
    "external_data": 0.0,
    "microstructure": 1.0
  },
  "approach": "time_series_heavy",
  "n_predictions": 2121,
  "timestamp": "2026-04-05T10:00:00.502065+00:00"
}