{
  "snapshot_id": "snap_797_1775389425",
  "cycle": 797,
  "brier_score": 0.06253135036955323,
  "ece": 0.1885553226696084,
  "discrimination": 0.99807297343668,
  "roi": -0.1392,
  "edge_hit_rate": 0.358,
  "health_score": 78.5,
  "model_weights": {
    "external_data": 0.0,
    "microstructure": 1.0
  },
  "approach": "time_series_heavy",
  "n_predictions": 1813,
  "timestamp": "2026-04-05T11:43:45.124861+00:00"
}