{
  "snapshot_id": "snap_114_1775376714",
  "cycle": 114,
  "brier_score": 0.06924943555522388,
  "ece": 0.21179871641791045,
  "discrimination": 0.9977909138864651,
  "roi": -0.4703,
  "edge_hit_rate": 0.1612,
  "health_score": 71.6,
  "model_weights": {
    "external_data": 0.0,
    "microstructure": 1.0
  },
  "approach": "time_series_heavy",
  "n_predictions": 3350,
  "timestamp": "2026-04-05T08:11:54.761071+00:00"
}