{
  "snapshot_id": "snap_715_1775387991",
  "cycle": 715,
  "brier_score": 0.06305638071473552,
  "ece": 0.18662603904282116,
  "discrimination": 0.9977834224896477,
  "roi": -0.1633,
  "edge_hit_rate": 0.3429,
  "health_score": 76.0,
  "model_weights": {
    "external_data": 0.0,
    "microstructure": 1.0
  },
  "approach": "time_series_heavy",
  "n_predictions": 3176,
  "timestamp": "2026-04-05T11:19:51.225916+00:00"
}