{
  "snapshot_id": "snap_752_1775388643",
  "cycle": 752,
  "brier_score": 0.06278594711473393,
  "ece": 0.18539713934174099,
  "discrimination": 0.9975892437854608,
  "roi": -0.0928,
  "edge_hit_rate": 0.4044,
  "health_score": 83.1,
  "model_weights": {
    "external_data": 0.0,
    "microstructure": 1.0
  },
  "approach": "time_series_heavy",
  "n_predictions": 3251,
  "timestamp": "2026-04-05T11:30:43.075149+00:00"
}