{
  "snapshot_id": "snap_681_1775387410",
  "cycle": 681,
  "brier_score": 0.06259880758142758,
  "ece": 0.18852577962577965,
  "discrimination": 0.9978983039159912,
  "roi": -0.173,
  "edge_hit_rate": 0.3254,
  "health_score": 75.1,
  "model_weights": {
    "external_data": 0.0,
    "microstructure": 1.0
  },
  "approach": "time_series_heavy",
  "n_predictions": 2886,
  "timestamp": "2026-04-05T11:10:10.496902+00:00"
}