{
  "snapshot_id": "snap_723_1775388133",
  "cycle": 723,
  "brier_score": 0.06278514876671124,
  "ece": 0.18846380347593586,
  "discrimination": 0.9980272636852917,
  "roi": -0.1604,
  "edge_hit_rate": 0.3554,
  "health_score": 76.3,
  "model_weights": {
    "external_data": 0.0,
    "microstructure": 1.0
  },
  "approach": "time_series_heavy",
  "n_predictions": 2992,
  "timestamp": "2026-04-05T11:22:13.853247+00:00"
}