{
  "snapshot_id": "snap_204_1775378572",
  "cycle": 204,
  "brier_score": 0.06882464861282532,
  "ece": 0.20059806815132813,
  "discrimination": 0.9976878763933333,
  "roi": -0.2663,
  "edge_hit_rate": 0.2733,
  "health_score": 71.6,
  "model_weights": {
    "external_data": 0.0,
    "microstructure": 1.0
  },
  "approach": "time_series_heavy",
  "n_predictions": 3727,
  "timestamp": "2026-04-05T08:42:52.152177+00:00"
}