{
  "snapshot_id": "snap_352_1775381360",
  "cycle": 352,
  "brier_score": 0.06560700738944365,
  "ece": 0.19146733238231098,
  "discrimination": 0.9970677329804525,
  "roi": -0.2623,
  "edge_hit_rate": 0.2744,
  "health_score": 72.0,
  "model_weights": {
    "external_data": 0.0,
    "microstructure": 1.0
  },
  "approach": "time_series_heavy",
  "n_predictions": 2804,
  "timestamp": "2026-04-05T09:29:20.580438+00:00"
}