{
  "snapshot_id": "snap_520_1775384585",
  "cycle": 520,
  "brier_score": 0.06362984691914349,
  "ece": 0.19017229146692233,
  "discrimination": 0.9977300520042145,
  "roi": -0.1321,
  "edge_hit_rate": 0.3608,
  "health_score": 79.1,
  "model_weights": {
    "external_data": 0.0,
    "microstructure": 1.0
  },
  "approach": "time_series_heavy",
  "n_predictions": 3129,
  "timestamp": "2026-04-05T10:23:05.018314+00:00"
}