{
  "snapshot_id": "snap_284_1775380088",
  "cycle": 284,
  "brier_score": 0.06412783753925025,
  "ece": 0.19207856456264016,
  "discrimination": 0.997860845684663,
  "roi": -0.3546,
  "edge_hit_rate": 0.2234,
  "health_score": 72.2,
  "model_weights": {
    "external_data": 0.0,
    "microstructure": 1.0
  },
  "approach": "time_series_heavy",
  "n_predictions": 3121,
  "timestamp": "2026-04-05T09:08:08.506701+00:00"
}