{
  "snapshot_id": "snap_650_1775386890",
  "cycle": 650,
  "brier_score": 0.06332042310369068,
  "ece": 0.18895947275922673,
  "discrimination": 0.9978660742549631,
  "roi": -0.1237,
  "edge_hit_rate": 0.3669,
  "health_score": 79.9,
  "model_weights": {
    "external_data": 0.0,
    "microstructure": 1.0
  },
  "approach": "time_series_heavy",
  "n_predictions": 2845,
  "timestamp": "2026-04-05T11:01:30.949299+00:00"
}