{
  "snapshot_id": "snap_462_1775383491",
  "cycle": 462,
  "brier_score": 0.0638165135874068,
  "ece": 0.1869085335542668,
  "discrimination": 0.9972349281168076,
  "roi": -0.1578,
  "edge_hit_rate": 0.3476,
  "health_score": 76.5,
  "model_weights": {
    "external_data": 0.0,
    "microstructure": 1.0
  },
  "approach": "time_series_heavy",
  "n_predictions": 3621,
  "timestamp": "2026-04-05T10:04:51.836716+00:00"
}