{
  "snapshot_id": "snap_337_1775381098",
  "cycle": 337,
  "brier_score": 0.06573601466490592,
  "ece": 0.19210637173984815,
  "discrimination": 0.9970403461095373,
  "roi": -0.2365,
  "edge_hit_rate": 0.2885,
  "health_score": 72.0,
  "model_weights": {
    "external_data": 0.0,
    "microstructure": 1.0
  },
  "approach": "time_series_heavy",
  "n_predictions": 3029,
  "timestamp": "2026-04-05T09:24:58.813627+00:00"
}