{
  "snapshot_id": "snap_558_1775385273",
  "cycle": 558,
  "brier_score": 0.06275058652564473,
  "ece": 0.18649243697478993,
  "discrimination": 0.9971680678508666,
  "roi": -0.1183,
  "edge_hit_rate": 0.3714,
  "health_score": 80.5,
  "model_weights": {
    "external_data": 0.0,
    "microstructure": 1.0
  },
  "approach": "time_series_heavy",
  "n_predictions": 3451,
  "timestamp": "2026-04-05T10:34:33.436933+00:00"
}