{
  "snapshot_id": "snap_677_1775387340",
  "cycle": 677,
  "brier_score": 0.06292311014376462,
  "ece": 0.18591942494149113,
  "discrimination": 0.9975047777474428,
  "roi": -0.1774,
  "edge_hit_rate": 0.323,
  "health_score": 74.6,
  "model_weights": {
    "external_data": 0.0,
    "microstructure": 1.0
  },
  "approach": "time_series_heavy",
  "n_predictions": 2991,
  "timestamp": "2026-04-05T11:09:00.007460+00:00"
}