{
  "snapshot_id": "snap_312_1775380593",
  "cycle": 312,
  "brier_score": 0.06499970241318423,
  "ece": 0.19408652148322542,
  "discrimination": 0.9977117058391366,
  "roi": -0.3234,
  "edge_hit_rate": 0.2448,
  "health_score": 72.1,
  "model_weights": {
    "external_data": 0.0,
    "microstructure": 1.0
  },
  "approach": "time_series_heavy",
  "n_predictions": 3398,
  "timestamp": "2026-04-05T09:16:33.148191+00:00"
}