{
  "snapshot_id": "snap_819_1775389807",
  "cycle": 819,
  "brier_score": 0.0620959216380789,
  "ece": 0.1866783590623213,
  "discrimination": 0.9979863639721069,
  "roi": -0.1082,
  "edge_hit_rate": 0.3946,
  "health_score": 81.6,
  "model_weights": {
    "external_data": 0.0,
    "microstructure": 1.0
  },
  "approach": "time_series_heavy",
  "n_predictions": 3498,
  "timestamp": "2026-04-05T11:50:07.182230+00:00"
}