{
  "snapshot_id": "snap_877_1775390821",
  "cycle": 877,
  "brier_score": 0.07251740746708464,
  "ece": 0.16759498432601883,
  "discrimination": 0.9758135380601134,
  "roi": -0.1221,
  "edge_hit_rate": 0.3681,
  "health_score": 78.1,
  "model_weights": {
    "external_data": 1.0,
    "microstructure": 0.0
  },
  "approach": "time_series_heavy",
  "n_predictions": 3190,
  "timestamp": "2026-04-05T12:07:01.636710+00:00"
}