{
  "snapshot_id": "snap_422_1775382706",
  "cycle": 422,
  "brier_score": 0.06261052872334533,
  "ece": 0.1912989199667682,
  "discrimination": 0.9978727964073606,
  "roi": -0.1816,
  "edge_hit_rate": 0.3224,
  "health_score": 74.2,
  "model_weights": {
    "external_data": 0.0,
    "microstructure": 1.0
  },
  "approach": "time_series_heavy",
  "n_predictions": 3611,
  "timestamp": "2026-04-05T09:51:46.414482+00:00"
}