{
  "snapshot_id": "snap_892_1775391073",
  "cycle": 892,
  "brier_score": 0.07264459731886184,
  "ece": 0.17298480492813145,
  "discrimination": 0.975834922313051,
  "roi": -0.2919,
  "edge_hit_rate": 0.2456,
  "health_score": 70.3,
  "model_weights": {
    "external_data": 1.0,
    "microstructure": 0.0
  },
  "approach": "time_series_heavy",
  "n_predictions": 3409,
  "timestamp": "2026-04-05T12:11:13.396708+00:00"
}