{
  "snapshot_id": "snap_775_1775389034",
  "cycle": 775,
  "brier_score": 0.06359709779778831,
  "ece": 0.18667567140600316,
  "discrimination": 0.9973293435189347,
  "roi": -0.1189,
  "edge_hit_rate": 0.3768,
  "health_score": 80.4,
  "model_weights": {
    "external_data": 0.0,
    "microstructure": 1.0
  },
  "approach": "time_series_heavy",
  "n_predictions": 3165,
  "timestamp": "2026-04-05T11:37:14.903761+00:00"
}