{
  "snapshot_id": "snap_318_1775380703",
  "cycle": 318,
  "brier_score": 0.06458268093138606,
  "ece": 0.19196357123174426,
  "discrimination": 0.9975479185119575,
  "roi": -0.3144,
  "edge_hit_rate": 0.2485,
  "health_score": 72.2,
  "model_weights": {
    "external_data": 0.0,
    "microstructure": 1.0
  },
  "approach": "time_series_heavy",
  "n_predictions": 3629,
  "timestamp": "2026-04-05T09:18:23.293378+00:00"
}