{
  "snapshot_id": "snap_212_1775378722",
  "cycle": 212,
  "brier_score": 0.06860966531776529,
  "ece": 0.200527253916642,
  "discrimination": 0.9975678950323591,
  "roi": -0.3255,
  "edge_hit_rate": 0.2366,
  "health_score": 71.7,
  "model_weights": {
    "external_data": 0.0,
    "microstructure": 1.0
  },
  "approach": "time_series_heavy",
  "n_predictions": 3383,
  "timestamp": "2026-04-05T08:45:22.043231+00:00"
}