{
  "snapshot_id": "snap_209_1775378666",
  "cycle": 209,
  "brier_score": 0.06896934138765295,
  "ece": 0.20085141824249172,
  "discrimination": 0.9975131049717848,
  "roi": -0.2669,
  "edge_hit_rate": 0.2729,
  "health_score": 71.6,
  "model_weights": {
    "external_data": 0.0,
    "microstructure": 1.0
  },
  "approach": "time_series_heavy",
  "n_predictions": 3596,
  "timestamp": "2026-04-05T08:44:26.046661+00:00"
}