{
  "snapshot_id": "snap_678_1775387375",
  "cycle": 678,
  "brier_score": 0.06330200969707897,
  "ece": 0.18897421565091957,
  "discrimination": 0.9975370397442335,
  "roi": -0.1755,
  "edge_hit_rate": 0.3237,
  "health_score": 74.8,
  "model_weights": {
    "external_data": 0.0,
    "microstructure": 1.0
  },
  "approach": "time_series_heavy",
  "n_predictions": 2773,
  "timestamp": "2026-04-05T11:09:35.010453+00:00"
}