{
  "snapshot_id": "snap_388_1775382066",
  "cycle": 388,
  "brier_score": 0.06585915598461001,
  "ece": 0.19376502273522211,
  "discrimination": 0.9973159534494094,
  "roi": -0.2926,
  "edge_hit_rate": 0.2507,
  "health_score": 72.0,
  "model_weights": {
    "external_data": 0.0,
    "microstructure": 1.0
  },
  "approach": "time_series_heavy",
  "n_predictions": 2859,
  "timestamp": "2026-04-05T09:41:06.443484+00:00"
}