{
  "snapshot_id": "snap_254_1775379539",
  "cycle": 254,
  "brier_score": 0.06539760272033089,
  "ece": 0.1929824689786828,
  "discrimination": 0.996853101678961,
  "roi": -0.3833,
  "edge_hit_rate": 0.2027,
  "health_score": 72.0,
  "model_weights": {
    "external_data": 0.0,
    "microstructure": 1.0
  },
  "approach": "time_series_heavy",
  "n_predictions": 3143,
  "timestamp": "2026-04-05T08:58:59.580779+00:00"
}