{
  "snapshot_id": "snap_16_1775375128",
  "cycle": 16,
  "brier_score": 0.0687092982875,
  "ece": 0.20785712499999998,
  "discrimination": 0.9989163636363636,
  "roi": -0.2075,
  "edge_hit_rate": 0.3125,
  "health_score": 71.7,
  "model_weights": {
    "external_data": 0.0,
    "microstructure": 1.0
  },
  "approach": "time_series_heavy",
  "n_predictions": 800,
  "timestamp": "2026-04-05T07:45:28.978846+00:00"
}