{
  "snapshot_id": "snap_651_1775386899",
  "cycle": 651,
  "brier_score": 0.06340806665393961,
  "ece": 0.18855650815688996,
  "discrimination": 0.9977911905805499,
  "roi": -0.112,
  "edge_hit_rate": 0.3768,
  "health_score": 81.1,
  "model_weights": {
    "external_data": 0.0,
    "microstructure": 1.0
  },
  "approach": "time_series_heavy",
  "n_predictions": 2881,
  "timestamp": "2026-04-05T11:01:39.894850+00:00"
}