{
  "snapshot_id": "snap_857_1775390473",
  "cycle": 857,
  "brier_score": 0.06632322388959391,
  "ece": 0.17804130710659896,
  "discrimination": 0.9907063151077073,
  "roi": -0.0753,
  "edge_hit_rate": 0.4122,
  "health_score": 84.1,
  "model_weights": {
    "external_data": 0.0,
    "microstructure": 1.0
  },
  "approach": "time_series_heavy",
  "n_predictions": 3152,
  "timestamp": "2026-04-05T12:01:13.654539+00:00"
}