{
  "snapshot_id": "snap_241_1775379304",
  "cycle": 241,
  "brier_score": 0.06820442491290438,
  "ece": 0.19804671169569857,
  "discrimination": 0.9965550868046391,
  "roi": -0.3369,
  "edge_hit_rate": 0.2287,
  "health_score": 71.7,
  "model_weights": {
    "external_data": 0.0,
    "microstructure": 1.0
  },
  "approach": "time_series_heavy",
  "n_predictions": 2813,
  "timestamp": "2026-04-05T08:55:04.799557+00:00"
}