{
  "snapshot_id": "snap_465_1775383544",
  "cycle": 465,
  "brier_score": 0.06403124064550265,
  "ece": 0.18670126984126983,
  "discrimination": 0.9972379248532068,
  "roi": -0.1462,
  "edge_hit_rate": 0.3588,
  "health_score": 77.6,
  "model_weights": {
    "external_data": 0.0,
    "microstructure": 1.0
  },
  "approach": "time_series_heavy",
  "n_predictions": 3780,
  "timestamp": "2026-04-05T10:05:44.845148+00:00"
}