{
  "snapshot_id": "snap_827_1775389952",
  "cycle": 827,
  "brier_score": 0.06275099745420087,
  "ece": 0.1860432090966519,
  "discrimination": 0.9975932641118113,
  "roi": -0.0851,
  "edge_hit_rate": 0.4103,
  "health_score": 83.9,
  "model_weights": {
    "external_data": 0.0,
    "microstructure": 1.0
  },
  "approach": "time_series_heavy",
  "n_predictions": 3166,
  "timestamp": "2026-04-05T11:52:32.333138+00:00"
}