{
  "snapshot_id": "snap_540_1775384958",
  "cycle": 540,
  "brier_score": 0.0622296366789668,
  "ece": 0.18921288158336128,
  "discrimination": 0.997650416362592,
  "roi": -0.158,
  "edge_hit_rate": 0.3283,
  "health_score": 76.6,
  "model_weights": {
    "external_data": 0.0,
    "microstructure": 1.0
  },
  "approach": "time_series_heavy",
  "n_predictions": 2981,
  "timestamp": "2026-04-05T10:29:18.626279+00:00"
}