{
  "snapshot_id": "snap_639_1775386700",
  "cycle": 639,
  "brier_score": 0.0643806552012384,
  "ece": 0.1831390092879257,
  "discrimination": 0.995525956284153,
  "roi": -0.1334,
  "edge_hit_rate": 0.4118,
  "health_score": 78.8,
  "model_weights": {
    "external_data": 0.0,
    "microstructure": 1.0
  },
  "approach": "time_series_heavy",
  "n_predictions": 646,
  "timestamp": "2026-04-05T10:58:20.280099+00:00"
}