{
  "snapshot_id": "snap_391_1775382109",
  "cycle": 391,
  "brier_score": 0.06551604176552203,
  "ece": 0.19500953867499135,
  "discrimination": 0.9974728603425091,
  "roi": -0.2569,
  "edge_hit_rate": 0.2729,
  "health_score": 72.0,
  "model_weights": {
    "external_data": 0.0,
    "microstructure": 1.0
  },
  "approach": "time_series_heavy",
  "n_predictions": 2883,
  "timestamp": "2026-04-05T09:41:49.277054+00:00"
}