{
  "snapshot_id": "snap_185_1775378193",
  "cycle": 185,
  "brier_score": 0.0688170359415834,
  "ece": 0.20464114783499873,
  "discrimination": 0.9975155552711975,
  "roi": -0.3958,
  "edge_hit_rate": 0.1966,
  "health_score": 71.6,
  "model_weights": {
    "external_data": 0.0,
    "microstructure": 1.0
  },
  "approach": "time_series_heavy",
  "n_predictions": 3903,
  "timestamp": "2026-04-05T08:36:33.545820+00:00"
}