{
  "snapshot_id": "snap_398_1775382234",
  "cycle": 398,
  "brier_score": 0.06554591308872305,
  "ece": 0.1950009535655058,
  "discrimination": 0.9973232517706911,
  "roi": -0.2979,
  "edge_hit_rate": 0.2491,
  "health_score": 72.0,
  "model_weights": {
    "external_data": 0.0,
    "microstructure": 1.0
  },
  "approach": "time_series_heavy",
  "n_predictions": 2412,
  "timestamp": "2026-04-05T09:43:54.603207+00:00"
}