{
  "snapshot_id": "snap_756_1775388712",
  "cycle": 756,
  "brier_score": 0.06337382150820688,
  "ece": 0.18800634871477237,
  "discrimination": 0.997523351204451,
  "roi": -0.0755,
  "edge_hit_rate": 0.4164,
  "health_score": 84.7,
  "model_weights": {
    "external_data": 0.0,
    "microstructure": 1.0
  },
  "approach": "time_series_heavy",
  "n_predictions": 3229,
  "timestamp": "2026-04-05T11:31:52.301884+00:00"
}