{
  "snapshot_id": "snap_880_1775390874",
  "cycle": 880,
  "brier_score": 0.07328624236627379,
  "ece": 0.16622777274100936,
  "discrimination": 0.9737391880906983,
  "roi": -0.1227,
  "edge_hit_rate": 0.367,
  "health_score": 77.9,
  "model_weights": {
    "external_data": 1.0,
    "microstructure": 0.0
  },
  "approach": "time_series_heavy",
  "n_predictions": 3309,
  "timestamp": "2026-04-05T12:07:54.740289+00:00"
}