{
  "snapshot_id": "snap_57_1775375783",
  "cycle": 57,
  "brier_score": 0.06838199201999999,
  "ece": 0.22065260000000003,
  "discrimination": 0.9993338408831367,
  "roi": -0.5717,
  "edge_hit_rate": 0.1214,
  "health_score": 71.8,
  "model_weights": {
    "external_data": 0.0,
    "microstructure": 1.0
  },
  "approach": "time_series_heavy",
  "n_predictions": 500,
  "timestamp": "2026-04-05T07:56:23.898472+00:00"
}