{
  "snapshot_id": "snap_842_1775390198",
  "cycle": 842,
  "brier_score": 0.06546963271829916,
  "ece": 0.18705626423690205,
  "discrimination": 0.9972588006925135,
  "roi": -0.1956,
  "edge_hit_rate": 0.3143,
  "health_score": 72.5,
  "model_weights": {
    "external_data": 0.0,
    "microstructure": 1.0
  },
  "approach": "time_series_heavy",
  "n_predictions": 1317,
  "timestamp": "2026-04-05T11:56:38.578379+00:00"
}