{
  "snapshot_id": "snap_418_1775382626",
  "cycle": 418,
  "brier_score": 0.06279891473979894,
  "ece": 0.1911527202838557,
  "discrimination": 0.9977586097202987,
  "roi": -0.2335,
  "edge_hit_rate": 0.2873,
  "health_score": 72.4,
  "model_weights": {
    "external_data": 0.0,
    "microstructure": 1.0
  },
  "approach": "time_series_heavy",
  "n_predictions": 3382,
  "timestamp": "2026-04-05T09:50:26.393063+00:00"
}