{
  "snapshot_id": "snap_853_1775390717",
  "cycle": 853,
  "brier_score": 0.06959879457847384,
  "ece": 0.1738573475508164,
  "discrimination": 0.9820576879400409,
  "roi": -0.0966,
  "edge_hit_rate": 0.391,
  "health_score": 81.3,
  "model_weights": {
    "external_data": 1.0,
    "microstructure": 0.0
  },
  "approach": "time_series_heavy",
  "n_predictions": 3001,
  "timestamp": "2026-04-05T12:05:17.959293+00:00"
}