{
  "snapshot_id": "snap_314_1775380628",
  "cycle": 314,
  "brier_score": 0.06502757539490049,
  "ece": 0.1943788868159204,
  "discrimination": 0.9977754329576061,
  "roi": -0.3234,
  "edge_hit_rate": 0.2448,
  "health_score": 72.1,
  "model_weights": {
    "external_data": 0.0,
    "microstructure": 1.0
  },
  "approach": "time_series_heavy",
  "n_predictions": 3216,
  "timestamp": "2026-04-05T09:17:08.754699+00:00"
}