{
  "snapshot_id": "snap_82_1775376181",
  "cycle": 82,
  "brier_score": 0.06851400548571428,
  "ece": 0.21133565714285718,
  "discrimination": 0.9982001105022213,
  "roi": -0.5047,
  "edge_hit_rate": 0.1471,
  "health_score": 71.7,
  "model_weights": {
    "external_data": 0.0,
    "microstructure": 1.0
  },
  "approach": "time_series_heavy",
  "n_predictions": 1750,
  "timestamp": "2026-04-05T08:03:01.532620+00:00"
}