{
  "snapshot_id": "snap_533_1775384833",
  "cycle": 533,
  "brier_score": 0.062464255744466804,
  "ece": 0.19230492957746484,
  "discrimination": 0.9978976969943042,
  "roi": -0.1557,
  "edge_hit_rate": 0.3308,
  "health_score": 76.9,
  "model_weights": {
    "external_data": 0.0,
    "microstructure": 1.0
  },
  "approach": "time_series_heavy",
  "n_predictions": 2982,
  "timestamp": "2026-04-05T10:27:13.309679+00:00"
}