{
  "snapshot_id": "snap_508_1775384339",
  "cycle": 508,
  "brier_score": 0.06253014344079719,
  "ece": 0.18721512309495897,
  "discrimination": 0.9974338924085984,
  "roi": -0.1218,
  "edge_hit_rate": 0.36,
  "health_score": 80.2,
  "model_weights": {
    "external_data": 0.0,
    "microstructure": 1.0
  },
  "approach": "time_series_heavy",
  "n_predictions": 3412,
  "timestamp": "2026-04-05T10:18:59.794943+00:00"
}