{
  "snapshot_id": "snap_168_1775377881",
  "cycle": 168,
  "brier_score": 0.06981676991831177,
  "ece": 0.20769559791241204,
  "discrimination": 0.9974377007783308,
  "roi": -0.3255,
  "edge_hit_rate": 0.2347,
  "health_score": 71.5,
  "model_weights": {
    "external_data": 0.0,
    "microstructure": 1.0
  },
  "approach": "time_series_heavy",
  "n_predictions": 4407,
  "timestamp": "2026-04-05T08:31:21.033737+00:00"
}