{
  "snapshot_id": "snap_342_1775381174",
  "cycle": 342,
  "brier_score": 0.06673175728301886,
  "ece": 0.19308555746140654,
  "discrimination": 0.9969003259746111,
  "roi": -0.2354,
  "edge_hit_rate": 0.2895,
  "health_score": 71.9,
  "model_weights": {
    "external_data": 0.0,
    "microstructure": 1.0
  },
  "approach": "time_series_heavy",
  "n_predictions": 2915,
  "timestamp": "2026-04-05T09:26:14.417929+00:00"
}