{
  "snapshot_id": "snap_470_1775383641",
  "cycle": 470,
  "brier_score": 0.06470388835820896,
  "ece": 0.18944991708126038,
  "discrimination": 0.997381027630924,
  "roi": -0.1658,
  "edge_hit_rate": 0.3411,
  "health_score": 75.6,
  "model_weights": {
    "external_data": 0.0,
    "microstructure": 1.0
  },
  "approach": "time_series_heavy",
  "n_predictions": 3618,
  "timestamp": "2026-04-05T10:07:21.423503+00:00"
}