{
  "snapshot_id": "snap_206_1775378608",
  "cycle": 206,
  "brier_score": 0.06927433482739875,
  "ece": 0.20271141614569177,
  "discrimination": 0.9976658642256582,
  "roi": -0.2809,
  "edge_hit_rate": 0.2642,
  "health_score": 71.6,
  "model_weights": {
    "external_data": 0.0,
    "microstructure": 1.0
  },
  "approach": "time_series_heavy",
  "n_predictions": 3679,
  "timestamp": "2026-04-05T08:43:28.332490+00:00"
}