{
  "snapshot_id": "snap_371_1775381729",
  "cycle": 371,
  "brier_score": 0.0644654830874958,
  "ece": 0.19168806570566543,
  "discrimination": 0.9975279531642801,
  "roi": -0.3209,
  "edge_hit_rate": 0.2414,
  "health_score": 72.2,
  "model_weights": {
    "external_data": 0.0,
    "microstructure": 1.0
  },
  "approach": "time_series_heavy",
  "n_predictions": 2983,
  "timestamp": "2026-04-05T09:35:29.286129+00:00"
}