{
  "snapshot_id": "snap_766_1775388876",
  "cycle": 766,
  "brier_score": 0.06299425292038216,
  "ece": 0.1872399681528663,
  "discrimination": 0.9976597129208942,
  "roi": -0.081,
  "edge_hit_rate": 0.408,
  "health_score": 84.2,
  "model_weights": {
    "external_data": 0.0,
    "microstructure": 1.0
  },
  "approach": "time_series_heavy",
  "n_predictions": 3140,
  "timestamp": "2026-04-05T11:34:36.487347+00:00"
}