{
  "snapshot_id": "snap_100_1775376465",
  "cycle": 100,
  "brier_score": 0.06965362864528302,
  "ece": 0.21352411320754722,
  "discrimination": 0.9979723413171723,
  "roi": -0.567,
  "edge_hit_rate": 0.1218,
  "health_score": 71.6,
  "model_weights": {
    "external_data": 0.0,
    "microstructure": 1.0
  },
  "approach": "time_series_heavy",
  "n_predictions": 2650,
  "timestamp": "2026-04-05T08:07:45.399447+00:00"
}