{
  "snapshot_id": "snap_665_1775387151",
  "cycle": 665,
  "brier_score": 0.06338336736392264,
  "ece": 0.189189248762933,
  "discrimination": 0.9979860244197147,
  "roi": -0.1654,
  "edge_hit_rate": 0.3327,
  "health_score": 75.8,
  "model_weights": {
    "external_data": 0.0,
    "microstructure": 1.0
  },
  "approach": "time_series_heavy",
  "n_predictions": 2223,
  "timestamp": "2026-04-05T11:05:51.551720+00:00"
}