{
  "snapshot_id": "snap_779_1775389092",
  "cycle": 779,
  "brier_score": 0.06250175787315213,
  "ece": 0.1884716261325704,
  "discrimination": 0.9979799345168364,
  "roi": -0.129,
  "edge_hit_rate": 0.3688,
  "health_score": 79.5,
  "model_weights": {
    "external_data": 0.0,
    "microstructure": 1.0
  },
  "approach": "time_series_heavy",
  "n_predictions": 2097,
  "timestamp": "2026-04-05T11:38:12.658579+00:00"
}