{
  "snapshot_id": "snap_63_1775375873",
  "cycle": 63,
  "brier_score": 0.0645736950375,
  "ece": 0.20710312499999997,
  "discrimination": 0.9990345682214441,
  "roi": -0.5717,
  "edge_hit_rate": 0.1214,
  "health_score": 72.2,
  "model_weights": {
    "external_data": 0.0,
    "microstructure": 1.0
  },
  "approach": "time_series_heavy",
  "n_predictions": 800,
  "timestamp": "2026-04-05T07:57:53.693875+00:00"
}