{
  "snapshot_id": "snap_159_1775377674",
  "cycle": 159,
  "brier_score": 0.07045710227857142,
  "ece": 0.21111975,
  "discrimination": 0.9975072187457646,
  "roi": -0.3638,
  "edge_hit_rate": 0.2145,
  "health_score": 71.4,
  "model_weights": {
    "external_data": 0.0,
    "microstructure": 1.0
  },
  "approach": "time_series_heavy",
  "n_predictions": 5600,
  "timestamp": "2026-04-05T08:27:54.025153+00:00"
}