{
  "snapshot_id": "snap_224_1775378977",
  "cycle": 224,
  "brier_score": 0.06885740368072289,
  "ece": 0.2012892168674699,
  "discrimination": 0.9972618030673343,
  "roi": -0.3945,
  "edge_hit_rate": 0.2015,
  "health_score": 71.6,
  "model_weights": {
    "external_data": 0.0,
    "microstructure": 1.0
  },
  "approach": "time_series_heavy",
  "n_predictions": 3320,
  "timestamp": "2026-04-05T08:49:37.057492+00:00"
}