{
  "snapshot_id": "snap_417_1775382607",
  "cycle": 417,
  "brier_score": 0.0625802274536615,
  "ece": 0.1909283196596779,
  "discrimination": 0.9977579184178151,
  "roi": -0.2581,
  "edge_hit_rate": 0.2725,
  "health_score": 72.4,
  "model_weights": {
    "external_data": 0.0,
    "microstructure": 1.0
  },
  "approach": "time_series_heavy",
  "n_predictions": 3291,
  "timestamp": "2026-04-05T09:50:07.456118+00:00"
}