{
  "snapshot_id": "snap_538_1775384918",
  "cycle": 538,
  "brier_score": 0.061929358403159336,
  "ece": 0.1882696771978022,
  "discrimination": 0.9976703356883964,
  "roi": -0.158,
  "edge_hit_rate": 0.3283,
  "health_score": 76.7,
  "model_weights": {
    "external_data": 0.0,
    "microstructure": 1.0
  },
  "approach": "time_series_heavy",
  "n_predictions": 2912,
  "timestamp": "2026-04-05T10:28:38.982333+00:00"
}