{
  "snapshot_id": "snap_587_1775385806",
  "cycle": 587,
  "brier_score": 0.0627083124021697,
  "ece": 0.1883447888415343,
  "discrimination": 0.997772899483857,
  "roi": -0.1251,
  "edge_hit_rate": 0.3672,
  "health_score": 79.9,
  "model_weights": {
    "external_data": 0.0,
    "microstructure": 1.0
  },
  "approach": "time_series_heavy",
  "n_predictions": 2581,
  "timestamp": "2026-04-05T10:43:26.846057+00:00"
}