{
  "snapshot_id": "snap_572_1775385527",
  "cycle": 572,
  "brier_score": 0.06311466448682171,
  "ece": 0.18894663565891473,
  "discrimination": 0.9972830168097649,
  "roi": -0.1361,
  "edge_hit_rate": 0.3576,
  "health_score": 78.7,
  "model_weights": {
    "external_data": 0.0,
    "microstructure": 1.0
  },
  "approach": "time_series_heavy",
  "n_predictions": 3225,
  "timestamp": "2026-04-05T10:38:47.912653+00:00"
}