{
  "snapshot_id": "snap_231_1775379118",
  "cycle": 231,
  "brier_score": 0.06801762866449511,
  "ece": 0.19744403908794786,
  "discrimination": 0.996866431315838,
  "roi": -0.3038,
  "edge_hit_rate": 0.2438,
  "health_score": 71.7,
  "model_weights": {
    "external_data": 0.0,
    "microstructure": 1.0
  },
  "approach": "time_series_heavy",
  "n_predictions": 3070,
  "timestamp": "2026-04-05T08:51:58.240807+00:00"
}