{
  "snapshot_id": "snap_147_1775377396",
  "cycle": 147,
  "brier_score": 0.07036911846800001,
  "ece": 0.21214572,
  "discrimination": 0.9975206527002761,
  "roi": -0.403,
  "edge_hit_rate": 0.1936,
  "health_score": 71.5,
  "model_weights": {
    "external_data": 0.0,
    "microstructure": 1.0
  },
  "approach": "time_series_heavy",
  "n_predictions": 5000,
  "timestamp": "2026-04-05T08:23:16.650737+00:00"
}