{
  "snapshot_id": "snap_312_1775380618",
  "cycle": 312,
  "brier_score": 0.06496882117681846,
  "ece": 0.19388971023063276,
  "discrimination": 0.9976211297101404,
  "roi": -0.3234,
  "edge_hit_rate": 0.2448,
  "health_score": 72.1,
  "model_weights": {
    "external_data": 0.0,
    "microstructure": 1.0
  },
  "approach": "time_series_heavy",
  "n_predictions": 3382,
  "timestamp": "2026-04-05T09:16:58.259865+00:00"
}