{
  "snapshot_id": "snap_576_1775385598",
  "cycle": 576,
  "brier_score": 0.06270054349381914,
  "ece": 0.19080800260247235,
  "discrimination": 0.9978317982456141,
  "roi": -0.139,
  "edge_hit_rate": 0.3501,
  "health_score": 78.5,
  "model_weights": {
    "external_data": 0.0,
    "microstructure": 1.0
  },
  "approach": "time_series_heavy",
  "n_predictions": 3074,
  "timestamp": "2026-04-05T10:39:58.243219+00:00"
}