{
  "snapshot_id": "snap_782_1775389148",
  "cycle": 782,
  "brier_score": 0.06407745702635659,
  "ece": 0.18714359689922483,
  "discrimination": 0.9973861358060778,
  "roi": -0.1189,
  "edge_hit_rate": 0.3768,
  "health_score": 80.3,
  "model_weights": {
    "external_data": 0.0,
    "microstructure": 1.0
  },
  "approach": "time_series_heavy",
  "n_predictions": 3225,
  "timestamp": "2026-04-05T11:39:08.502292+00:00"
}