{
  "snapshot_id": "snap_249_1775379448",
  "cycle": 249,
  "brier_score": 0.06508493587641481,
  "ece": 0.19216310798409297,
  "discrimination": 0.9969454805232488,
  "roi": -0.3552,
  "edge_hit_rate": 0.2167,
  "health_score": 72.1,
  "model_weights": {
    "external_data": 0.0,
    "microstructure": 1.0
  },
  "approach": "time_series_heavy",
  "n_predictions": 3269,
  "timestamp": "2026-04-05T08:57:28.791417+00:00"
}