{
  "snapshot_id": "snap_360_1775381520",
  "cycle": 360,
  "brier_score": 0.06549900583191562,
  "ece": 0.19310956107519564,
  "discrimination": 0.9974442637515651,
  "roi": -0.2218,
  "edge_hit_rate": 0.2951,
  "health_score": 72.0,
  "model_weights": {
    "external_data": 0.0,
    "microstructure": 1.0
  },
  "approach": "time_series_heavy",
  "n_predictions": 2939,
  "timestamp": "2026-04-05T09:32:00.741161+00:00"
}