{
  "snapshot_id": "snap_276_1775379948",
  "cycle": 276,
  "brier_score": 0.06391750916692865,
  "ece": 0.19191216598553915,
  "discrimination": 0.9973548070516366,
  "roi": -0.2948,
  "edge_hit_rate": 0.2531,
  "health_score": 72.2,
  "model_weights": {
    "external_data": 0.0,
    "microstructure": 1.0
  },
  "approach": "time_series_heavy",
  "n_predictions": 3181,
  "timestamp": "2026-04-05T09:05:48.906567+00:00"
}