{
  "snapshot_id": "snap_301_1775380411",
  "cycle": 301,
  "brier_score": 0.06499124298681386,
  "ece": 0.1945763262802821,
  "discrimination": 0.9979011181178441,
  "roi": -0.3405,
  "edge_hit_rate": 0.2345,
  "health_score": 72.1,
  "model_weights": {
    "external_data": 0.0,
    "microstructure": 1.0
  },
  "approach": "time_series_heavy",
  "n_predictions": 3261,
  "timestamp": "2026-04-05T09:13:31.419887+00:00"
}