{
  "snapshot_id": "snap_127_1775376973",
  "cycle": 127,
  "brier_score": 0.071019936505,
  "ece": 0.21435255,
  "discrimination": 0.9975941134029369,
  "roi": -0.4574,
  "edge_hit_rate": 0.1675,
  "health_score": 71.4,
  "model_weights": {
    "external_data": 0.0,
    "microstructure": 1.0
  },
  "approach": "time_series_heavy",
  "n_predictions": 4000,
  "timestamp": "2026-04-05T08:16:13.941428+00:00"
}