{
  "snapshot_id": "snap_561_1775385332",
  "cycle": 561,
  "brier_score": 0.06304854114993647,
  "ece": 0.18616556543837356,
  "discrimination": 0.9969603237731571,
  "roi": -0.1401,
  "edge_hit_rate": 0.3539,
  "health_score": 78.3,
  "model_weights": {
    "external_data": 0.0,
    "microstructure": 1.0
  },
  "approach": "time_series_heavy",
  "n_predictions": 3148,
  "timestamp": "2026-04-05T10:35:32.686440+00:00"
}