{
  "snapshot_id": "snap_189_1775378280",
  "cycle": 189,
  "brier_score": 0.06845927779515246,
  "ece": 0.2023957258274694,
  "discrimination": 0.9975427582598897,
  "roi": -0.3865,
  "edge_hit_rate": 0.2012,
  "health_score": 71.7,
  "model_weights": {
    "external_data": 0.0,
    "microstructure": 1.0
  },
  "approach": "time_series_heavy",
  "n_predictions": 3837,
  "timestamp": "2026-04-05T08:38:00.242446+00:00"
}