{
  "snapshot_id": "snap_8_1775375021",
  "cycle": 8,
  "brier_score": 0.06471438994999999,
  "ece": 0.19340799999999997,
  "discrimination": 0.9986009925034315,
  "roi": -0.113,
  "edge_hit_rate": 0.385,
  "health_score": 80.9,
  "model_weights": {},
  "approach": "conservative",
  "n_predictions": 400,
  "timestamp": "2026-04-05T07:43:41.716779+00:00"
}