{
  "snapshot_id": "snap_823_1775389877",
  "cycle": 823,
  "brier_score": 0.06265434394563918,
  "ece": 0.18631347072879334,
  "discrimination": 0.997952868813796,
  "roi": -0.0996,
  "edge_hit_rate": 0.3988,
  "health_score": 82.4,
  "model_weights": {
    "external_data": 0.0,
    "microstructure": 1.0
  },
  "approach": "time_series_heavy",
  "n_predictions": 3348,
  "timestamp": "2026-04-05T11:51:17.906363+00:00"
}