{
  "snapshot_id": "snap_302_1775380408",
  "cycle": 302,
  "brier_score": 0.06495248498769231,
  "ece": 0.19432353846153846,
  "discrimination": 0.997889452164231,
  "roi": -0.3407,
  "edge_hit_rate": 0.2342,
  "health_score": 72.1,
  "model_weights": {
    "external_data": 0.0,
    "microstructure": 1.0
  },
  "approach": "time_series_heavy",
  "n_predictions": 3250,
  "timestamp": "2026-04-05T09:13:28.068092+00:00"
}