{
  "snapshot_id": "snap_776_1775389055",
  "cycle": 776,
  "brier_score": 0.06367097371629901,
  "ece": 0.18708440563725487,
  "discrimination": 0.9973622137357674,
  "roi": -0.1189,
  "edge_hit_rate": 0.3768,
  "health_score": 80.4,
  "model_weights": {
    "external_data": 0.0,
    "microstructure": 1.0
  },
  "approach": "time_series_heavy",
  "n_predictions": 3264,
  "timestamp": "2026-04-05T11:37:35.004986+00:00"
}