{
  "snapshot_id": "snap_745_1775388513",
  "cycle": 745,
  "brier_score": 0.0639031207912512,
  "ece": 0.18529855258925704,
  "discrimination": 0.9973930127704592,
  "roi": -0.1475,
  "edge_hit_rate": 0.3577,
  "health_score": 77.5,
  "model_weights": {
    "external_data": 0.0,
    "microstructure": 1.0
  },
  "approach": "time_series_heavy",
  "n_predictions": 3109,
  "timestamp": "2026-04-05T11:28:33.620390+00:00"
}