{
  "snapshot_id": "snap_665_1775387133",
  "cycle": 665,
  "brier_score": 0.06314737823867721,
  "ece": 0.18773120057512577,
  "discrimination": 0.9975885150747584,
  "roi": -0.1654,
  "edge_hit_rate": 0.3327,
  "health_score": 75.8,
  "model_weights": {
    "external_data": 0.0,
    "microstructure": 1.0
  },
  "approach": "time_series_heavy",
  "n_predictions": 2782,
  "timestamp": "2026-04-05T11:05:33.391488+00:00"
}