{
  "snapshot_id": "snap_858_1775390490",
  "cycle": 858,
  "brier_score": 0.06729889446478436,
  "ece": 0.17658945082221536,
  "discrimination": 0.9881661100338701,
  "roi": -0.0737,
  "edge_hit_rate": 0.4153,
  "health_score": 84.1,
  "model_weights": {
    "external_data": 0.0,
    "microstructure": 1.0
  },
  "approach": "time_series_heavy",
  "n_predictions": 3223,
  "timestamp": "2026-04-05T12:01:30.389068+00:00"
}