{
  "snapshot_id": "snap_120_1775376832",
  "cycle": 120,
  "brier_score": 0.07003578588767123,
  "ece": 0.21378895890410954,
  "discrimination": 0.9978842838621437,
  "roi": -0.4694,
  "edge_hit_rate": 0.1615,
  "health_score": 71.5,
  "model_weights": {
    "external_data": 0.0,
    "microstructure": 1.0
  },
  "approach": "time_series_heavy",
  "n_predictions": 3650,
  "timestamp": "2026-04-05T08:13:52.422544+00:00"
}