{
  "snapshot_id": "snap_151_1775377488",
  "cycle": 151,
  "brier_score": 0.07029113159807691,
  "ece": 0.21164513461538462,
  "discrimination": 0.9976078708319486,
  "roi": -0.3789,
  "edge_hit_rate": 0.2059,
  "health_score": 71.5,
  "model_weights": {
    "external_data": 0.0,
    "microstructure": 1.0
  },
  "approach": "time_series_heavy",
  "n_predictions": 5200,
  "timestamp": "2026-04-05T08:24:48.096537+00:00"
}