{
  "snapshot_id": "snap_850_1775390350",
  "cycle": 850,
  "brier_score": 0.06632162433387889,
  "ece": 0.1791322422258592,
  "discrimination": 0.9888579510376072,
  "roi": -0.1265,
  "edge_hit_rate": 0.3617,
  "health_score": 78.9,
  "model_weights": {
    "external_data": 0.9369,
    "microstructure": 0.0631
  },
  "approach": "time_series_heavy",
  "n_predictions": 3055,
  "timestamp": "2026-04-05T11:59:10.648436+00:00"
}