{
  "snapshot_id": "snap_324_1775380853",
  "cycle": 324,
  "brier_score": 0.06130268946808512,
  "ece": 0.22319680851063833,
  "discrimination": 1.0,
  "roi": -0.3709,
  "edge_hit_rate": 0.1892,
  "health_score": 72.6,
  "model_weights": {
    "external_data": 0.0,
    "microstructure": 1.0
  },
  "approach": "time_series_heavy",
  "n_predictions": 94,
  "timestamp": "2026-04-05T09:20:53.367424+00:00"
}