{
  "snapshot_id": "snap_521_1775384608",
  "cycle": 521,
  "brier_score": 0.0637418976168532,
  "ece": 0.1886204081632653,
  "discrimination": 0.9975816054290216,
  "roi": -0.1121,
  "edge_hit_rate": 0.3742,
  "health_score": 81.0,
  "model_weights": {
    "external_data": 0.0,
    "microstructure": 1.0
  },
  "approach": "time_series_heavy",
  "n_predictions": 3038,
  "timestamp": "2026-04-05T10:23:28.533457+00:00"
}