{
  "snapshot_id": "snap_175_1775378011",
  "cycle": 175,
  "brier_score": 0.07036881548537405,
  "ece": 0.208228009319182,
  "discrimination": 0.9975468348885539,
  "roi": -0.3389,
  "edge_hit_rate": 0.2259,
  "health_score": 71.5,
  "model_weights": {
    "external_data": 0.0,
    "microstructure": 1.0
  },
  "approach": "time_series_heavy",
  "n_predictions": 3863,
  "timestamp": "2026-04-05T08:33:31.570920+00:00"
}