{
  "snapshot_id": "snap_367_1775381655",
  "cycle": 367,
  "brier_score": 0.06482070093439363,
  "ece": 0.19228376408217362,
  "discrimination": 0.9975052608971504,
  "roi": -0.3033,
  "edge_hit_rate": 0.2468,
  "health_score": 72.1,
  "model_weights": {
    "external_data": 0.0,
    "microstructure": 1.0
  },
  "approach": "time_series_heavy",
  "n_predictions": 3018,
  "timestamp": "2026-04-05T09:34:15.327820+00:00"
}