{
  "snapshot_id": "snap_577_1775385613",
  "cycle": 577,
  "brier_score": 0.06297391796718017,
  "ece": 0.19071316141995986,
  "discrimination": 0.9977567354665958,
  "roi": -0.1398,
  "edge_hit_rate": 0.3551,
  "health_score": 78.4,
  "model_weights": {
    "external_data": 0.0,
    "microstructure": 1.0
  },
  "approach": "time_series_heavy",
  "n_predictions": 2986,
  "timestamp": "2026-04-05T10:40:13.885532+00:00"
}