{
  "snapshot_id": "snap_245_1775379375",
  "cycle": 245,
  "brier_score": 0.06676615979816514,
  "ece": 0.19384495412844036,
  "discrimination": 0.996589081786712,
  "roi": -0.336,
  "edge_hit_rate": 0.2292,
  "health_score": 71.9,
  "model_weights": {
    "external_data": 0.0,
    "microstructure": 1.0
  },
  "approach": "time_series_heavy",
  "n_predictions": 3270,
  "timestamp": "2026-04-05T08:56:15.241741+00:00"
}