{
  "snapshot_id": "snap_870_1775390703",
  "cycle": 870,
  "brier_score": 0.06968080729194631,
  "ece": 0.17381647651006712,
  "discrimination": 0.9819304420560194,
  "roi": -0.1035,
  "edge_hit_rate": 0.3854,
  "health_score": 80.6,
  "model_weights": {
    "external_data": 1.0,
    "microstructure": 0.0
  },
  "approach": "time_series_heavy",
  "n_predictions": 2980,
  "timestamp": "2026-04-05T12:05:03.893882+00:00"
}