{
  "snapshot_id": "snap_133_1775377096",
  "cycle": 133,
  "brier_score": 0.0705869432883721,
  "ece": 0.2136981860465116,
  "discrimination": 0.997623908045977,
  "roi": -0.4616,
  "edge_hit_rate": 0.1656,
  "health_score": 71.4,
  "model_weights": {
    "external_data": 0.0,
    "microstructure": 1.0
  },
  "approach": "time_series_heavy",
  "n_predictions": 4300,
  "timestamp": "2026-04-05T08:18:16.170653+00:00"
}