{
  "snapshot_id": "snap_209_1775378667",
  "cycle": 209,
  "brier_score": 0.06897028496666667,
  "ece": 0.20090433333333332,
  "discrimination": 0.9975184760660807,
  "roi": -0.2669,
  "edge_hit_rate": 0.2729,
  "health_score": 71.6,
  "model_weights": {
    "external_data": 0.0,
    "microstructure": 1.0
  },
  "approach": "time_series_heavy",
  "n_predictions": 3600,
  "timestamp": "2026-04-05T08:44:27.762842+00:00"
}