{
  "snapshot_id": "snap_97_1775376413",
  "cycle": 97,
  "brier_score": 0.070294974116,
  "ece": 0.2149654,
  "discrimination": 0.9979211317418214,
  "roi": -0.567,
  "edge_hit_rate": 0.1218,
  "health_score": 71.5,
  "model_weights": {
    "external_data": 0.0,
    "microstructure": 1.0
  },
  "approach": "time_series_heavy",
  "n_predictions": 2500,
  "timestamp": "2026-04-05T08:06:53.472362+00:00"
}