{
  "snapshot_id": "snap_320_1775380767",
  "cycle": 320,
  "brier_score": 0.06474307073134769,
  "ece": 0.19165712179298144,
  "discrimination": 0.9975336974555847,
  "roi": -0.3085,
  "edge_hit_rate": 0.2496,
  "health_score": 72.1,
  "model_weights": {
    "external_data": 0.0,
    "microstructure": 1.0
  },
  "approach": "time_series_heavy",
  "n_predictions": 3391,
  "timestamp": "2026-04-05T09:19:27.264051+00:00"
}