{
  "snapshot_id": "snap_843_1775390214",
  "cycle": 843,
  "brier_score": 0.06508828033517736,
  "ece": 0.18135955092743247,
  "discrimination": 0.9927896481670967,
  "roi": -0.1265,
  "edge_hit_rate": 0.3634,
  "health_score": 79.3,
  "model_weights": {
    "external_data": 0.0,
    "microstructure": 1.0
  },
  "approach": "time_series_heavy",
  "n_predictions": 3073,
  "timestamp": "2026-04-05T11:56:54.623034+00:00"
}