{
  "snapshot_id": "snap_634_1775386609",
  "cycle": 634,
  "brier_score": 0.062297833726283044,
  "ece": 0.18664923794712288,
  "discrimination": 0.9975349287312756,
  "roi": -0.1222,
  "edge_hit_rate": 0.3735,
  "health_score": 80.2,
  "model_weights": {
    "external_data": 0.0,
    "microstructure": 1.0
  },
  "approach": "time_series_heavy",
  "n_predictions": 3215,
  "timestamp": "2026-04-05T10:56:49.666885+00:00"
}