{
  "snapshot_id": "snap_234_1775379170",
  "cycle": 234,
  "brier_score": 0.0683595324105231,
  "ece": 0.19786176200672986,
  "discrimination": 0.9968203536820176,
  "roi": -0.277,
  "edge_hit_rate": 0.2581,
  "health_score": 71.7,
  "model_weights": {
    "external_data": 0.0,
    "microstructure": 1.0
  },
  "approach": "time_series_heavy",
  "n_predictions": 3269,
  "timestamp": "2026-04-05T08:52:50.140988+00:00"
}