{
  "snapshot_id": "snap_864_1775390599",
  "cycle": 864,
  "brier_score": 0.0682742827930029,
  "ece": 0.1759192419825073,
  "discrimination": 0.9845074062487248,
  "roi": -0.0907,
  "edge_hit_rate": 0.3996,
  "health_score": 82.1,
  "model_weights": {
    "external_data": 1.0,
    "microstructure": 0.0
  },
  "approach": "time_series_heavy",
  "n_predictions": 3430,
  "timestamp": "2026-04-05T12:03:19.109168+00:00"
}