{
  "snapshot_id": "snap_478_1775383795",
  "cycle": 478,
  "brier_score": 0.06372285865515115,
  "ece": 0.1907885872917952,
  "discrimination": 0.9978818911562048,
  "roi": -0.1647,
  "edge_hit_rate": 0.3287,
  "health_score": 75.8,
  "model_weights": {
    "external_data": 0.0,
    "microstructure": 1.0
  },
  "approach": "time_series_heavy",
  "n_predictions": 3242,
  "timestamp": "2026-04-05T10:09:55.589133+00:00"
}