{
  "snapshot_id": "snap_104_1775376530",
  "cycle": 104,
  "brier_score": 0.06938654154035087,
  "ece": 0.21349968421052634,
  "discrimination": 0.9980609105535013,
  "roi": -0.567,
  "edge_hit_rate": 0.1218,
  "health_score": 71.6,
  "model_weights": {
    "external_data": 0.0,
    "microstructure": 1.0
  },
  "approach": "time_series_heavy",
  "n_predictions": 2850,
  "timestamp": "2026-04-05T08:08:50.564315+00:00"
}