{
  "snapshot_id": "snap_691_1775387616",
  "cycle": 691,
  "brier_score": 0.0635476567668907,
  "ece": 0.18908164131588256,
  "discrimination": 0.997826813089532,
  "roi": -0.1282,
  "edge_hit_rate": 0.3689,
  "health_score": 79.5,
  "model_weights": {
    "external_data": 0.0,
    "microstructure": 1.0
  },
  "approach": "time_series_heavy",
  "n_predictions": 2827,
  "timestamp": "2026-04-05T11:13:36.264298+00:00"
}