{
  "snapshot_id": "snap_269_1775379813",
  "cycle": 269,
  "brier_score": 0.06561971454420522,
  "ece": 0.19289322033898304,
  "discrimination": 0.9973157256040039,
  "roi": -0.4382,
  "edge_hit_rate": 0.1791,
  "health_score": 72.0,
  "model_weights": {
    "external_data": 0.0,
    "microstructure": 1.0
  },
  "approach": "time_series_heavy",
  "n_predictions": 2183,
  "timestamp": "2026-04-05T09:03:33.331138+00:00"
}