{
  "snapshot_id": "snap_660_1775387060",
  "cycle": 660,
  "brier_score": 0.06420119255610097,
  "ece": 0.18824386395511922,
  "discrimination": 0.9974046844794467,
  "roi": -0.164,
  "edge_hit_rate": 0.3327,
  "health_score": 75.8,
  "model_weights": {
    "external_data": 0.0,
    "microstructure": 1.0
  },
  "approach": "time_series_heavy",
  "n_predictions": 2852,
  "timestamp": "2026-04-05T11:04:20.839356+00:00"
}