{
  "snapshot_id": "snap_327_1775380908",
  "cycle": 327,
  "brier_score": 0.06513619752308528,
  "ece": 0.19080439978272673,
  "discrimination": 0.9974920119331937,
  "roi": -0.188,
  "edge_hit_rate": 0.3224,
  "health_score": 73.3,
  "model_weights": {
    "external_data": 0.0,
    "microstructure": 1.0
  },
  "approach": "time_series_heavy",
  "n_predictions": 3682,
  "timestamp": "2026-04-05T09:21:48.240217+00:00"
}