{
  "snapshot_id": "snap_609_1775386181",
  "cycle": 609,
  "brier_score": 0.06322107613274636,
  "ece": 0.19031310531662712,
  "discrimination": 0.9976333642917993,
  "roi": -0.117,
  "edge_hit_rate": 0.3686,
  "health_score": 80.6,
  "model_weights": {
    "external_data": 0.0,
    "microstructure": 1.0
  },
  "approach": "time_series_heavy",
  "n_predictions": 2953,
  "timestamp": "2026-04-05T10:49:41.609105+00:00"
}