{
  "snapshot_id": "snap_579_1775385665",
  "cycle": 579,
  "brier_score": 0.06359989383623693,
  "ece": 0.191101637630662,
  "discrimination": 0.9977219549660042,
  "roi": -0.0779,
  "edge_hit_rate": 0.4111,
  "health_score": 84.5,
  "model_weights": {
    "external_data": 0.0,
    "microstructure": 1.0
  },
  "approach": "time_series_heavy",
  "n_predictions": 2870,
  "timestamp": "2026-04-05T10:41:05.906380+00:00"
}