{
  "snapshot_id": "snap_552_1775385165",
  "cycle": 552,
  "brier_score": 0.06292669838600798,
  "ece": 0.18779435409634856,
  "discrimination": 0.9972754601363886,
  "roi": -0.1089,
  "edge_hit_rate": 0.3803,
  "health_score": 81.4,
  "model_weights": {
    "external_data": 0.0,
    "microstructure": 1.0
  },
  "approach": "time_series_heavy",
  "n_predictions": 3259,
  "timestamp": "2026-04-05T10:32:45.300920+00:00"
}