{
  "snapshot_id": "snap_440_1775383054",
  "cycle": 440,
  "brier_score": 0.06335184437482198,
  "ece": 0.18751933921959557,
  "discrimination": 0.9969755859107939,
  "roi": -0.2233,
  "edge_hit_rate": 0.2935,
  "health_score": 72.3,
  "model_weights": {
    "external_data": 0.0,
    "microstructure": 1.0
  },
  "approach": "time_series_heavy",
  "n_predictions": 3511,
  "timestamp": "2026-04-05T09:57:34.931521+00:00"
}