{
  "snapshot_id": "snap_462_1775383499",
  "cycle": 462,
  "brier_score": 0.06375272232202447,
  "ece": 0.18684068409343715,
  "discrimination": 0.9972297033567525,
  "roi": -0.1578,
  "edge_hit_rate": 0.3476,
  "health_score": 76.5,
  "model_weights": {
    "external_data": 0.0,
    "microstructure": 1.0
  },
  "approach": "time_series_heavy",
  "n_predictions": 3596,
  "timestamp": "2026-04-05T10:04:59.730847+00:00"
}