{
  "snapshot_id": "snap_170_1775377915",
  "cycle": 170,
  "brier_score": 0.07015650413191077,
  "ece": 0.20837803103782737,
  "discrimination": 0.9976704866150621,
  "roi": -0.3195,
  "edge_hit_rate": 0.2382,
  "health_score": 71.5,
  "model_weights": {
    "external_data": 0.0,
    "microstructure": 1.0
  },
  "approach": "time_series_heavy",
  "n_predictions": 4124,
  "timestamp": "2026-04-05T08:31:55.792705+00:00"
}