{
  "snapshot_id": "snap_545_1775385044",
  "cycle": 545,
  "brier_score": 0.062167822843853825,
  "ece": 0.18893242524916942,
  "discrimination": 0.9977037476775973,
  "roi": -0.1197,
  "edge_hit_rate": 0.3667,
  "health_score": 80.5,
  "model_weights": {
    "external_data": 0.0,
    "microstructure": 1.0
  },
  "approach": "time_series_heavy",
  "n_predictions": 3010,
  "timestamp": "2026-04-05T10:30:44.899492+00:00"
}