{
  "snapshot_id": "snap_498_1775384143",
  "cycle": 498,
  "brier_score": 0.0639121372085386,
  "ece": 0.18649878489326766,
  "discrimination": 0.9976248655479184,
  "roi": -0.1174,
  "edge_hit_rate": 0.3663,
  "health_score": 80.5,
  "model_weights": {
    "external_data": 0.0,
    "microstructure": 1.0
  },
  "approach": "time_series_heavy",
  "n_predictions": 3045,
  "timestamp": "2026-04-05T10:15:43.876476+00:00"
}