{
  "snapshot_id": "snap_215_1775378786",
  "cycle": 215,
  "brier_score": 0.06843093158091405,
  "ece": 0.20105682667433172,
  "discrimination": 0.9973474158049265,
  "roi": -0.3417,
  "edge_hit_rate": 0.2278,
  "health_score": 71.7,
  "model_weights": {
    "external_data": 0.0,
    "microstructure": 1.0
  },
  "approach": "time_series_heavy",
  "n_predictions": 3479,
  "timestamp": "2026-04-05T08:46:26.147828+00:00"
}