{
  "snapshot_id": "snap_315_1775380668",
  "cycle": 315,
  "brier_score": 0.06491189977024699,
  "ece": 0.19289454336588166,
  "discrimination": 0.997498120785792,
  "roi": -0.3144,
  "edge_hit_rate": 0.2485,
  "health_score": 72.1,
  "model_weights": {
    "external_data": 0.0,
    "microstructure": 1.0
  },
  "approach": "time_series_heavy",
  "n_predictions": 3482,
  "timestamp": "2026-04-05T09:17:48.393923+00:00"
}