{
  "snapshot_id": "snap_882_1775390910",
  "cycle": 882,
  "brier_score": 0.07343035892201144,
  "ece": 0.1655421258657031,
  "discrimination": 0.9725777673191088,
  "roi": -0.1218,
  "edge_hit_rate": 0.3681,
  "health_score": 77.9,
  "model_weights": {
    "external_data": 1.0,
    "microstructure": 0.0
  },
  "approach": "time_series_heavy",
  "n_predictions": 3321,
  "timestamp": "2026-04-05T12:08:30.241026+00:00"
}