{
  "snapshot_id": "snap_606_1775386115",
  "cycle": 606,
  "brier_score": 0.09811485773820983,
  "ece": 0.12615460378569135,
  "discrimination": 0.9354740989482146,
  "roi": -0.1168,
  "edge_hit_rate": 0.3693,
  "health_score": 74.0,
  "model_weights": {
    "external_data": 0.0,
    "microstructure": 1.0
  },
  "approach": "time_series_heavy",
  "n_predictions": 3117,
  "timestamp": "2026-04-05T10:48:35.622515+00:00"
}