{
  "snapshot_id": "snap_790_1775389298",
  "cycle": 790,
  "brier_score": 0.06336528499144324,
  "ece": 0.18738665145464922,
  "discrimination": 0.9976214395313852,
  "roi": -0.0799,
  "edge_hit_rate": 0.4112,
  "health_score": 84.3,
  "model_weights": {
    "external_data": 0.0,
    "microstructure": 1.0
  },
  "approach": "time_series_heavy",
  "n_predictions": 3506,
  "timestamp": "2026-04-05T11:41:38.718134+00:00"
}