{
  "snapshot_id": "snap_622_1775386406",
  "cycle": 622,
  "brier_score": 0.06368795949630625,
  "ece": 0.18983089321692415,
  "discrimination": 0.9975835360315374,
  "roi": -0.117,
  "edge_hit_rate": 0.3826,
  "health_score": 80.6,
  "model_weights": {
    "external_data": 0.0,
    "microstructure": 1.0
  },
  "approach": "time_series_heavy",
  "n_predictions": 2978,
  "timestamp": "2026-04-05T10:53:26.337805+00:00"
}