{
  "snapshot_id": "snap_792_1775389337",
  "cycle": 792,
  "brier_score": 0.06374817719132028,
  "ece": 0.1874229523227384,
  "discrimination": 0.9974970369193736,
  "roi": -0.0873,
  "edge_hit_rate": 0.4074,
  "health_score": 83.5,
  "model_weights": {
    "external_data": 0.0,
    "microstructure": 1.0
  },
  "approach": "time_series_heavy",
  "n_predictions": 3272,
  "timestamp": "2026-04-05T11:42:17.702616+00:00"
}