{
  "snapshot_id": "snap_794_1775389366",
  "cycle": 794,
  "brier_score": 0.06364617130475016,
  "ece": 0.1882488895743368,
  "discrimination": 0.9974798010897149,
  "roi": -0.0829,
  "edge_hit_rate": 0.4122,
  "health_score": 84.0,
  "model_weights": {
    "external_data": 0.0,
    "microstructure": 1.0
  },
  "approach": "time_series_heavy",
  "n_predictions": 3242,
  "timestamp": "2026-04-05T11:42:46.086872+00:00"
}