{
  "snapshot_id": "snap_629_1775386512",
  "cycle": 629,
  "brier_score": 0.06304201737177219,
  "ece": 0.1886840113194199,
  "discrimination": 0.9975209559479222,
  "roi": -0.1198,
  "edge_hit_rate": 0.3745,
  "health_score": 80.4,
  "model_weights": {
    "external_data": 0.0,
    "microstructure": 1.0
  },
  "approach": "time_series_heavy",
  "n_predictions": 2827,
  "timestamp": "2026-04-05T10:55:12.828678+00:00"
}