{
  "snapshot_id": "snap_288_1775380161",
  "cycle": 288,
  "brier_score": 0.06385652584659453,
  "ece": 0.1934594844048377,
  "discrimination": 0.9979939799000254,
  "roi": -0.3995,
  "edge_hit_rate": 0.2007,
  "health_score": 72.3,
  "model_weights": {
    "external_data": 0.0,
    "microstructure": 1.0
  },
  "approach": "time_series_heavy",
  "n_predictions": 3142,
  "timestamp": "2026-04-05T09:09:21.728464+00:00"
}