{
  "snapshot_id": "snap_285_1775380096",
  "cycle": 285,
  "brier_score": 0.06387828781042654,
  "ece": 0.19188714060031595,
  "discrimination": 0.9979002328900909,
  "roi": -0.3546,
  "edge_hit_rate": 0.2234,
  "health_score": 72.3,
  "model_weights": {
    "external_data": 0.0,
    "microstructure": 1.0
  },
  "approach": "time_series_heavy",
  "n_predictions": 3165,
  "timestamp": "2026-04-05T09:08:16.388092+00:00"
}