{
  "snapshot_id": "snap_592_1775385892",
  "cycle": 592,
  "brier_score": 0.0625049352260274,
  "ece": 0.18924780821917808,
  "discrimination": 0.9979637964355356,
  "roi": -0.1251,
  "edge_hit_rate": 0.3672,
  "health_score": 79.9,
  "model_weights": {
    "external_data": 0.0,
    "microstructure": 1.0
  },
  "approach": "time_series_heavy",
  "n_predictions": 2920,
  "timestamp": "2026-04-05T10:44:52.314259+00:00"
}