{
  "snapshot_id": "snap_587_1775385792",
  "cycle": 587,
  "brier_score": 0.06259984629852997,
  "ece": 0.1883769694685262,
  "discrimination": 0.9977802718978124,
  "roi": -0.1288,
  "edge_hit_rate": 0.3628,
  "health_score": 79.5,
  "model_weights": {
    "external_data": 0.0,
    "microstructure": 1.0
  },
  "approach": "time_series_heavy",
  "n_predictions": 2653,
  "timestamp": "2026-04-05T10:43:12.752882+00:00"
}