{
  "snapshot_id": "snap_822_1775389861",
  "cycle": 822,
  "brier_score": 0.062422067537646404,
  "ece": 0.18585496374790852,
  "discrimination": 0.9978424381567577,
  "roi": -0.0915,
  "edge_hit_rate": 0.4063,
  "health_score": 83.3,
  "model_weights": {
    "external_data": 0.0,
    "microstructure": 1.0
  },
  "approach": "time_series_heavy",
  "n_predictions": 3586,
  "timestamp": "2026-04-05T11:51:01.803026+00:00"
}