{
  "snapshot_id": "snap_791_1775389315",
  "cycle": 791,
  "brier_score": 0.06310133250248262,
  "ece": 0.18789096325719962,
  "discrimination": 0.997900602240108,
  "roi": -0.1194,
  "edge_hit_rate": 0.3767,
  "health_score": 80.4,
  "model_weights": {
    "external_data": 0.0,
    "microstructure": 1.0
  },
  "approach": "time_series_heavy",
  "n_predictions": 2014,
  "timestamp": "2026-04-05T11:41:55.403576+00:00"
}