{
  "snapshot_id": "snap_171_1775377951",
  "cycle": 171,
  "brier_score": 0.07014797393442622,
  "ece": 0.20888636481915174,
  "discrimination": 0.9976805047870011,
  "roi": -0.3487,
  "edge_hit_rate": 0.2216,
  "health_score": 71.5,
  "model_weights": {
    "external_data": 0.0,
    "microstructure": 1.0
  },
  "approach": "time_series_heavy",
  "n_predictions": 3843,
  "timestamp": "2026-04-05T08:32:31.280898+00:00"
}