{
  "snapshot_id": "snap_438_1775383019",
  "cycle": 438,
  "brier_score": 0.06307481721051111,
  "ece": 0.1879067860236789,
  "discrimination": 0.9973781280879708,
  "roi": -0.2233,
  "edge_hit_rate": 0.2935,
  "health_score": 72.3,
  "model_weights": {
    "external_data": 0.0,
    "microstructure": 1.0
  },
  "approach": "time_series_heavy",
  "n_predictions": 3463,
  "timestamp": "2026-04-05T09:56:59.332229+00:00"
}