{
  "snapshot_id": "snap_708_1775387887",
  "cycle": 708,
  "brier_score": 0.06337005031292517,
  "ece": 0.18800789115646263,
  "discrimination": 0.9977912156855989,
  "roi": -0.1545,
  "edge_hit_rate": 0.3497,
  "health_score": 76.9,
  "model_weights": {
    "external_data": 0.0,
    "microstructure": 1.0
  },
  "approach": "time_series_heavy",
  "n_predictions": 2940,
  "timestamp": "2026-04-05T11:18:07.197480+00:00"
}