{
  "snapshot_id": "snap_235_1775379187",
  "cycle": 235,
  "brier_score": 0.06836828083566325,
  "ece": 0.19822948120534326,
  "discrimination": 0.9967511520501738,
  "roi": -0.2961,
  "edge_hit_rate": 0.2492,
  "health_score": 71.7,
  "model_weights": {
    "external_data": 0.0,
    "microstructure": 1.0
  },
  "approach": "time_series_heavy",
  "n_predictions": 3219,
  "timestamp": "2026-04-05T08:53:07.057109+00:00"
}