{
  "snapshot_id": "snap_630_1775386529",
  "cycle": 630,
  "brier_score": 0.062989516882494,
  "ece": 0.18867721822541966,
  "discrimination": 0.9975514131226972,
  "roi": -0.1198,
  "edge_hit_rate": 0.3745,
  "health_score": 80.4,
  "model_weights": {
    "external_data": 0.0,
    "microstructure": 1.0
  },
  "approach": "time_series_heavy",
  "n_predictions": 2919,
  "timestamp": "2026-04-05T10:55:29.989371+00:00"
}