{
  "snapshot_id": "snap_570_1775385491",
  "cycle": 570,
  "brier_score": 0.06310141637541428,
  "ece": 0.1886566134377825,
  "discrimination": 0.99731934212335,
  "roi": -0.1361,
  "edge_hit_rate": 0.3576,
  "health_score": 78.7,
  "model_weights": {
    "external_data": 0.0,
    "microstructure": 1.0
  },
  "approach": "time_series_heavy",
  "n_predictions": 3319,
  "timestamp": "2026-04-05T10:38:11.491071+00:00"
}