{
  "snapshot_id": "snap_292_1775380246",
  "cycle": 292,
  "brier_score": 0.06493006316242038,
  "ece": 0.19522716560509554,
  "discrimination": 0.9979463652760933,
  "roi": -0.3455,
  "edge_hit_rate": 0.2304,
  "health_score": 72.1,
  "model_weights": {
    "external_data": 0.0,
    "microstructure": 1.0
  },
  "approach": "time_series_heavy",
  "n_predictions": 3140,
  "timestamp": "2026-04-05T09:10:46.242576+00:00"
}