{
  "snapshot_id": "snap_338_1775381115",
  "cycle": 338,
  "brier_score": 0.0669214167100651,
  "ece": 0.19309879819729592,
  "discrimination": 0.9969702674811034,
  "roi": -0.3624,
  "edge_hit_rate": 0.2162,
  "health_score": 71.8,
  "model_weights": {
    "external_data": 0.0,
    "microstructure": 1.0
  },
  "approach": "time_series_heavy",
  "n_predictions": 1997,
  "timestamp": "2026-04-05T09:25:15.232232+00:00"
}