{
  "snapshot_id": "snap_162_1775377748",
  "cycle": 162,
  "brier_score": 0.07001580954782609,
  "ece": 0.20978626086956523,
  "discrimination": 0.9974714198276767,
  "roi": -0.3638,
  "edge_hit_rate": 0.2145,
  "health_score": 71.5,
  "model_weights": {
    "external_data": 0.0,
    "microstructure": 1.0
  },
  "approach": "time_series_heavy",
  "n_predictions": 5750,
  "timestamp": "2026-04-05T08:29:08.134839+00:00"
}