{
  "snapshot_id": "snap_512_1775384447",
  "cycle": 512,
  "brier_score": 0.06350542878020714,
  "ece": 0.18788009205983888,
  "discrimination": 0.9972781160325281,
  "roi": -0.105,
  "edge_hit_rate": 0.3884,
  "health_score": 81.8,
  "model_weights": {
    "external_data": 0.0,
    "microstructure": 1.0
  },
  "approach": "time_series_heavy",
  "n_predictions": 3476,
  "timestamp": "2026-04-05T10:20:47.691945+00:00"
}