{
  "snapshot_id": "snap_573_1775385545",
  "cycle": 573,
  "brier_score": 0.06288993766306028,
  "ece": 0.1892602163833076,
  "discrimination": 0.9975475109413287,
  "roi": -0.139,
  "edge_hit_rate": 0.3501,
  "health_score": 78.5,
  "model_weights": {
    "external_data": 0.0,
    "microstructure": 1.0
  },
  "approach": "time_series_heavy",
  "n_predictions": 3235,
  "timestamp": "2026-04-05T10:39:05.685059+00:00"
}