{
  "snapshot_id": "snap_565_1775385396",
  "cycle": 565,
  "brier_score": 0.06282497450031625,
  "ece": 0.18608719165085388,
  "discrimination": 0.9970193403929705,
  "roi": -0.1428,
  "edge_hit_rate": 0.3485,
  "health_score": 78.1,
  "model_weights": {
    "external_data": 0.0,
    "microstructure": 1.0
  },
  "approach": "time_series_heavy",
  "n_predictions": 3162,
  "timestamp": "2026-04-05T10:36:36.710988+00:00"
}