{
  "snapshot_id": "snap_13_1775375090",
  "cycle": 13,
  "brier_score": 0.06772635181538461,
  "ece": 0.20207138461538462,
  "discrimination": 0.9987158876047765,
  "roi": -0.1342,
  "edge_hit_rate": 0.3738,
  "health_score": 78.4,
  "model_weights": {},
  "approach": "conservative",
  "n_predictions": 650,
  "timestamp": "2026-04-05T07:44:50.282034+00:00"
}