{
  "snapshot_id": "snap_724_1775388156",
  "cycle": 724,
  "brier_score": 0.06273538323310811,
  "ece": 0.18850233108108108,
  "discrimination": 0.9980395032194127,
  "roi": -0.1868,
  "edge_hit_rate": 0.3357,
  "health_score": 73.7,
  "model_weights": {
    "external_data": 0.0,
    "microstructure": 1.0
  },
  "approach": "time_series_heavy",
  "n_predictions": 2960,
  "timestamp": "2026-04-05T11:22:36.122606+00:00"
}