{
  "snapshot_id": "snap_788_1775389264",
  "cycle": 788,
  "brier_score": 0.06315848800117925,
  "ece": 0.18795147405660376,
  "discrimination": 0.9976034932649621,
  "roi": -0.0758,
  "edge_hit_rate": 0.4157,
  "health_score": 84.7,
  "model_weights": {
    "external_data": 0.0,
    "microstructure": 1.0
  },
  "approach": "time_series_heavy",
  "n_predictions": 3392,
  "timestamp": "2026-04-05T11:41:04.019730+00:00"
}