{
  "snapshot_id": "snap_849_1775390566",
  "cycle": 849,
  "brier_score": 0.06348654854879919,
  "ece": 0.18595130301481863,
  "discrimination": 0.9976376930731623,
  "roi": -0.1054,
  "edge_hit_rate": 0.382,
  "health_score": 81.7,
  "model_weights": {
    "external_data": 1.0,
    "microstructure": 0.0
  },
  "approach": "time_series_heavy",
  "n_predictions": 1957,
  "timestamp": "2026-04-05T12:02:46.635939+00:00"
}