{
  "snapshot_id": "snap_442_1775383100",
  "cycle": 442,
  "brier_score": 0.06385437261407367,
  "ece": 0.1869289994502474,
  "discrimination": 0.9966765374582585,
  "roi": -0.2233,
  "edge_hit_rate": 0.2935,
  "health_score": 72.2,
  "model_weights": {
    "external_data": 0.0,
    "microstructure": 1.0
  },
  "approach": "time_series_heavy",
  "n_predictions": 3638,
  "timestamp": "2026-04-05T09:58:20.563425+00:00"
}