{
  "snapshot_id": "snap_680_1775387406",
  "cycle": 680,
  "brier_score": 0.0625241998677801,
  "ece": 0.1886797494780794,
  "discrimination": 0.997905549103155,
  "roi": -0.1712,
  "edge_hit_rate": 0.3252,
  "health_score": 75.3,
  "model_weights": {
    "external_data": 0.0,
    "microstructure": 1.0
  },
  "approach": "time_series_heavy",
  "n_predictions": 2874,
  "timestamp": "2026-04-05T11:10:06.878099+00:00"
}