{
  "snapshot_id": "snap_460_1775383456",
  "cycle": 460,
  "brier_score": 0.06353118838658983,
  "ece": 0.18759146149816666,
  "discrimination": 0.9972876141271387,
  "roi": -0.1605,
  "edge_hit_rate": 0.3429,
  "health_score": 76.2,
  "model_weights": {
    "external_data": 0.0,
    "microstructure": 1.0
  },
  "approach": "time_series_heavy",
  "n_predictions": 3818,
  "timestamp": "2026-04-05T10:04:16.575917+00:00"
}