{
  "snapshot_id": "snap_257_1775379595",
  "cycle": 257,
  "brier_score": 0.0646625018719532,
  "ece": 0.19314598635034122,
  "discrimination": 0.9975228679440682,
  "roi": -0.4022,
  "edge_hit_rate": 0.1944,
  "health_score": 72.1,
  "model_weights": {
    "external_data": 0.0,
    "microstructure": 1.0
  },
  "approach": "time_series_heavy",
  "n_predictions": 3077,
  "timestamp": "2026-04-05T08:59:55.122979+00:00"
}