{
  "snapshot_id": "snap_705_1775387827",
  "cycle": 705,
  "brier_score": 0.0635721647767253,
  "ece": 0.18752171853856564,
  "discrimination": 0.9977202754142409,
  "roi": -0.1544,
  "edge_hit_rate": 0.3496,
  "health_score": 76.8,
  "model_weights": {
    "external_data": 0.1859,
    "microstructure": 0.8141
  },
  "approach": "time_series_heavy",
  "n_predictions": 2956,
  "timestamp": "2026-04-05T11:17:07.593313+00:00"
}