{
  "snapshot_id": "snap_172_1775377968",
  "cycle": 172,
  "brier_score": 0.0701464879872286,
  "ece": 0.2087476117496807,
  "discrimination": 0.9975988508193233,
  "roi": -0.3512,
  "edge_hit_rate": 0.2194,
  "health_score": 71.5,
  "model_weights": {
    "external_data": 0.0,
    "microstructure": 1.0
  },
  "approach": "time_series_heavy",
  "n_predictions": 3915,
  "timestamp": "2026-04-05T08:32:48.703134+00:00"
}