{
  "snapshot_id": "snap_92_1775376336",
  "cycle": 92,
  "brier_score": 0.07027708712000001,
  "ece": 0.2152275555555556,
  "discrimination": 0.9982351592085905,
  "roi": -0.567,
  "edge_hit_rate": 0.1218,
  "health_score": 71.5,
  "model_weights": {
    "external_data": 0.0,
    "microstructure": 1.0
  },
  "approach": "time_series_heavy",
  "n_predictions": 2250,
  "timestamp": "2026-04-05T08:05:36.417404+00:00"
}