{
  "snapshot_id": "snap_806_1775389579",
  "cycle": 806,
  "brier_score": 0.061881097013969724,
  "ece": 0.18711763678696158,
  "discrimination": 0.997917530870405,
  "roi": -0.083,
  "edge_hit_rate": 0.4117,
  "health_score": 84.2,
  "model_weights": {
    "external_data": 0.0,
    "microstructure": 1.0
  },
  "approach": "time_series_heavy",
  "n_predictions": 3436,
  "timestamp": "2026-04-05T11:46:19.275254+00:00"
}