{
  "snapshot_id": "snap_186_1775378225",
  "cycle": 186,
  "brier_score": 0.06857463557004957,
  "ece": 0.2044591181841899,
  "discrimination": 0.9976206373218096,
  "roi": -0.3961,
  "edge_hit_rate": 0.1961,
  "health_score": 71.7,
  "model_weights": {
    "external_data": 0.0,
    "microstructure": 1.0
  },
  "approach": "time_series_heavy",
  "n_predictions": 3833,
  "timestamp": "2026-04-05T08:37:05.676125+00:00"
}