{
  "snapshot_id": "snap_228_1775379057",
  "cycle": 228,
  "brier_score": 0.06936508962510188,
  "ece": 0.20357220863895678,
  "discrimination": 0.9971964498142768,
  "roi": -0.4237,
  "edge_hit_rate": 0.1864,
  "health_score": 71.6,
  "model_weights": {
    "external_data": 0.0,
    "microstructure": 1.0
  },
  "approach": "time_series_heavy",
  "n_predictions": 2454,
  "timestamp": "2026-04-05T08:50:57.525487+00:00"
}