{
  "snapshot_id": "snap_728_1775388229",
  "cycle": 728,
  "brier_score": 0.0624665120464816,
  "ece": 0.18601704325371207,
  "discrimination": 0.9979579823456988,
  "roi": -0.1843,
  "edge_hit_rate": 0.3313,
  "health_score": 74.0,
  "model_weights": {
    "external_data": 0.0,
    "microstructure": 1.0
  },
  "approach": "time_series_heavy",
  "n_predictions": 3098,
  "timestamp": "2026-04-05T11:23:49.049579+00:00"
}