{
  "snapshot_id": "snap_411_1775382491",
  "cycle": 411,
  "brier_score": 0.06216354931599229,
  "ece": 0.19195764290301862,
  "discrimination": 0.9979754669361108,
  "roi": -0.3168,
  "edge_hit_rate": 0.2374,
  "health_score": 72.5,
  "model_weights": {
    "external_data": 0.0,
    "microstructure": 1.0
  },
  "approach": "time_series_heavy",
  "n_predictions": 3114,
  "timestamp": "2026-04-05T09:48:11.817807+00:00"
}