{
  "snapshot_id": "snap_78_1775376121",
  "cycle": 78,
  "brier_score": 0.06721573962580644,
  "ece": 0.21219200000000002,
  "discrimination": 0.9986487030108872,
  "roi": -0.5103,
  "edge_hit_rate": 0.1448,
  "health_score": 71.9,
  "model_weights": {
    "external_data": 0.0,
    "microstructure": 1.0
  },
  "approach": "time_series_heavy",
  "n_predictions": 1550,
  "timestamp": "2026-04-05T08:02:01.352731+00:00"
}