{
  "snapshot_id": "snap_370_1775381703",
  "cycle": 370,
  "brier_score": 0.06443666836693548,
  "ece": 0.19135598118279568,
  "discrimination": 0.9974303196196752,
  "roi": -0.3215,
  "edge_hit_rate": 0.2409,
  "health_score": 72.2,
  "model_weights": {
    "external_data": 0.0,
    "microstructure": 1.0
  },
  "approach": "time_series_heavy",
  "n_predictions": 2976,
  "timestamp": "2026-04-05T09:35:03.906682+00:00"
}