{
  "snapshot_id": "snap_446_1775383179",
  "cycle": 446,
  "brier_score": 0.06300441648648648,
  "ece": 0.18781395477109764,
  "discrimination": 0.9971780320006992,
  "roi": -0.2504,
  "edge_hit_rate": 0.2771,
  "health_score": 72.3,
  "model_weights": {
    "external_data": 0.0,
    "microstructure": 1.0
  },
  "approach": "time_series_heavy",
  "n_predictions": 3626,
  "timestamp": "2026-04-05T09:59:39.833405+00:00"
}