{
  "snapshot_id": "snap_650_1775386881",
  "cycle": 650,
  "brier_score": 0.060301223260869556,
  "ece": 0.18749184782608694,
  "discrimination": 0.9975527558584409,
  "roi": -0.0583,
  "edge_hit_rate": 0.3873,
  "health_score": 86.8,
  "model_weights": {
    "external_data": 0.0,
    "microstructure": 1.0
  },
  "approach": "time_series_heavy",
  "n_predictions": 736,
  "timestamp": "2026-04-05T11:01:21.228671+00:00"
}