{
  "snapshot_id": "snap_88_1775376274",
  "cycle": 88,
  "brier_score": 0.06994186989268292,
  "ece": 0.21443404878048777,
  "discrimination": 0.9981820580703211,
  "roi": -0.5455,
  "edge_hit_rate": 0.13,
  "health_score": 71.5,
  "model_weights": {
    "external_data": 0.0,
    "microstructure": 1.0
  },
  "approach": "time_series_heavy",
  "n_predictions": 2050,
  "timestamp": "2026-04-05T08:04:34.448052+00:00"
}