{
  "snapshot_id": "snap_276_1775379954",
  "cycle": 276,
  "brier_score": 0.06366611323548386,
  "ece": 0.19243764516129033,
  "discrimination": 0.997553235053235,
  "roi": -0.2959,
  "edge_hit_rate": 0.2522,
  "health_score": 72.3,
  "model_weights": {
    "external_data": 0.0,
    "microstructure": 1.0
  },
  "approach": "time_series_heavy",
  "n_predictions": 3100,
  "timestamp": "2026-04-05T09:05:54.639997+00:00"
}