{
  "snapshot_id": "snap_396_1775382201",
  "cycle": 396,
  "brier_score": 0.06484615173239436,
  "ece": 0.19468514084507046,
  "discrimination": 0.9975646922833181,
  "roi": -0.312,
  "edge_hit_rate": 0.2391,
  "health_score": 72.1,
  "model_weights": {
    "external_data": 0.0,
    "microstructure": 1.0
  },
  "approach": "time_series_heavy",
  "n_predictions": 2840,
  "timestamp": "2026-04-05T09:43:21.884848+00:00"
}