{
  "snapshot_id": "snap_663_1775387099",
  "cycle": 663,
  "brier_score": 0.06395928789473684,
  "ece": 0.18648626699198323,
  "discrimination": 0.9971748783336285,
  "roi": -0.1619,
  "edge_hit_rate": 0.334,
  "health_score": 76.0,
  "model_weights": {
    "external_data": 0.0,
    "microstructure": 1.0
  },
  "approach": "time_series_heavy",
  "n_predictions": 2869,
  "timestamp": "2026-04-05T11:04:59.667076+00:00"
}