{
  "snapshot_id": "snap_632_1775386577",
  "cycle": 632,
  "brier_score": 0.06260791027550017,
  "ece": 0.18702233519186623,
  "discrimination": 0.9975492158914563,
  "roi": -0.1222,
  "edge_hit_rate": 0.3735,
  "health_score": 80.2,
  "model_weights": {
    "external_data": 0.0,
    "microstructure": 1.0
  },
  "approach": "time_series_heavy",
  "n_predictions": 3049,
  "timestamp": "2026-04-05T10:56:17.460812+00:00"
}