{
  "snapshot_id": "snap_567_1775385435",
  "cycle": 567,
  "brier_score": 0.06261356706745784,
  "ece": 0.1879233291692692,
  "discrimination": 0.9972789224373023,
  "roi": -0.1424,
  "edge_hit_rate": 0.3499,
  "health_score": 78.1,
  "model_weights": {
    "external_data": 0.0,
    "microstructure": 1.0
  },
  "approach": "time_series_heavy",
  "n_predictions": 3202,
  "timestamp": "2026-04-05T10:37:15.012851+00:00"
}