{
  "snapshot_id": "snap_608_1775386164",
  "cycle": 608,
  "brier_score": 0.06290085671565278,
  "ece": 0.18886079972658917,
  "discrimination": 0.9974890135417143,
  "roi": -0.1168,
  "edge_hit_rate": 0.3693,
  "health_score": 80.7,
  "model_weights": {
    "external_data": 0.0,
    "microstructure": 1.0
  },
  "approach": "time_series_heavy",
  "n_predictions": 2926,
  "timestamp": "2026-04-05T10:49:24.936272+00:00"
}