{
  "snapshot_id": "snap_776_1775389044",
  "cycle": 776,
  "brier_score": 0.06378274410168434,
  "ece": 0.18671437928883344,
  "discrimination": 0.997296785162792,
  "roi": -0.1189,
  "edge_hit_rate": 0.3768,
  "health_score": 80.3,
  "model_weights": {
    "external_data": 0.0,
    "microstructure": 1.0
  },
  "approach": "time_series_heavy",
  "n_predictions": 3206,
  "timestamp": "2026-04-05T11:37:24.261777+00:00"
}