{
  "snapshot_id": "snap_843_1775390226",
  "cycle": 843,
  "brier_score": 0.06681560503367003,
  "ece": 0.19445606060606055,
  "discrimination": 0.9976638805409467,
  "roi": -0.1774,
  "edge_hit_rate": 0.3279,
  "health_score": 74.1,
  "model_weights": {
    "external_data": 0.0,
    "microstructure": 1.0
  },
  "approach": "time_series_heavy",
  "n_predictions": 594,
  "timestamp": "2026-04-05T11:57:06.918070+00:00"
}