{
  "snapshot_id": "snap_252_1775379504",
  "cycle": 252,
  "brier_score": 0.0651726550363857,
  "ece": 0.1914280473013948,
  "discrimination": 0.9967795660360441,
  "roi": -0.3566,
  "edge_hit_rate": 0.2159,
  "health_score": 72.1,
  "model_weights": {
    "external_data": 0.0,
    "microstructure": 1.0
  },
  "approach": "time_series_heavy",
  "n_predictions": 3298,
  "timestamp": "2026-04-05T08:58:24.963329+00:00"
}