{
  "snapshot_id": "snap_345_1775381233",
  "cycle": 345,
  "brier_score": 0.06548109856514382,
  "ece": 0.19189333333333336,
  "discrimination": 0.9970940423255041,
  "roi": -0.2337,
  "edge_hit_rate": 0.2926,
  "health_score": 72.0,
  "model_weights": {
    "external_data": 0.0,
    "microstructure": 1.0
  },
  "approach": "time_series_heavy",
  "n_predictions": 2955,
  "timestamp": "2026-04-05T09:27:13.046583+00:00"
}