{
  "snapshot_id": "snap_828_1775389959",
  "cycle": 828,
  "brier_score": 0.06248664586077139,
  "ece": 0.1856955471934776,
  "discrimination": 0.9976249536680638,
  "roi": -0.0847,
  "edge_hit_rate": 0.4107,
  "health_score": 83.9,
  "model_weights": {
    "external_data": 0.0,
    "microstructure": 1.0
  },
  "approach": "time_series_heavy",
  "n_predictions": 3189,
  "timestamp": "2026-04-05T11:52:39.318877+00:00"
}