{
  "snapshot_id": "snap_777_1775389059",
  "cycle": 777,
  "brier_score": 0.063670993558189,
  "ece": 0.18725955636584626,
  "discrimination": 0.9973451310719952,
  "roi": -0.1189,
  "edge_hit_rate": 0.3768,
  "health_score": 80.4,
  "model_weights": {
    "external_data": 0.0,
    "microstructure": 1.0
  },
  "approach": "time_series_heavy",
  "n_predictions": 3291,
  "timestamp": "2026-04-05T11:37:39.733221+00:00"
}