{
  "snapshot_id": "snap_621_1775386389",
  "cycle": 621,
  "brier_score": 0.06399696531039137,
  "ece": 0.19063009446693654,
  "discrimination": 0.9975947362724314,
  "roi": -0.1174,
  "edge_hit_rate": 0.3818,
  "health_score": 80.5,
  "model_weights": {
    "external_data": 0.0,
    "microstructure": 1.0
  },
  "approach": "time_series_heavy",
  "n_predictions": 2964,
  "timestamp": "2026-04-05T10:53:09.288195+00:00"
}