{
  "snapshot_id": "snap_551_1775385149",
  "cycle": 551,
  "brier_score": 0.06305272393386897,
  "ece": 0.18810961063040788,
  "discrimination": 0.9973244047990611,
  "roi": -0.1125,
  "edge_hit_rate": 0.3768,
  "health_score": 81.1,
  "model_weights": {
    "external_data": 0.0,
    "microstructure": 1.0
  },
  "approach": "time_series_heavy",
  "n_predictions": 3236,
  "timestamp": "2026-04-05T10:32:29.655604+00:00"
}