{
  "snapshot_id": "snap_427_1775382807",
  "cycle": 427,
  "brier_score": 0.06339725987867177,
  "ece": 0.1914324393358876,
  "discrimination": 0.9976563250827821,
  "roi": -0.2247,
  "edge_hit_rate": 0.2889,
  "health_score": 72.3,
  "model_weights": {
    "external_data": 0.0,
    "microstructure": 1.0
  },
  "approach": "time_series_heavy",
  "n_predictions": 3132,
  "timestamp": "2026-04-05T09:53:27.926514+00:00"
}