{
  "snapshot_id": "snap_339_1775381116",
  "cycle": 339,
  "brier_score": 0.06631210718823927,
  "ece": 0.19340314295370062,
  "discrimination": 0.9970178004190576,
  "roi": -0.2365,
  "edge_hit_rate": 0.2885,
  "health_score": 71.9,
  "model_weights": {
    "external_data": 0.0,
    "microstructure": 1.0
  },
  "approach": "time_series_heavy",
  "n_predictions": 2959,
  "timestamp": "2026-04-05T09:25:16.236498+00:00"
}