{
  "snapshot_id": "snap_555_1775385220",
  "cycle": 555,
  "brier_score": 0.06287166884535471,
  "ece": 0.18754087266251118,
  "discrimination": 0.9972330021592023,
  "roi": -0.1059,
  "edge_hit_rate": 0.3807,
  "health_score": 81.8,
  "model_weights": {
    "external_data": 0.0,
    "microstructure": 1.0
  },
  "approach": "time_series_heavy",
  "n_predictions": 3369,
  "timestamp": "2026-04-05T10:33:40.512245+00:00"
}