{
  "snapshot_id": "snap_865_1775390605",
  "cycle": 865,
  "brier_score": 0.06814593412579342,
  "ece": 0.17592919792267747,
  "discrimination": 0.9846298963945721,
  "roi": -0.0907,
  "edge_hit_rate": 0.3996,
  "health_score": 82.1,
  "model_weights": {
    "external_data": 1.0,
    "microstructure": 0.0
  },
  "approach": "time_series_heavy",
  "n_predictions": 3466,
  "timestamp": "2026-04-05T12:03:25.397166+00:00"
}