{
  "snapshot_id": "snap_153_1775377531",
  "cycle": 153,
  "brier_score": 0.07066860848867924,
  "ece": 0.21213401886792452,
  "discrimination": 0.9975822143174744,
  "roi": -0.3789,
  "edge_hit_rate": 0.2067,
  "health_score": 71.4,
  "model_weights": {
    "external_data": 0.0,
    "microstructure": 1.0
  },
  "approach": "time_series_heavy",
  "n_predictions": 5300,
  "timestamp": "2026-04-05T08:25:31.699280+00:00"
}