{
  "snapshot_id": "snap_582_1775385718",
  "cycle": 582,
  "brier_score": 0.06472140446270544,
  "ece": 0.18478369152970922,
  "discrimination": 0.9966030271757826,
  "roi": -0.1958,
  "edge_hit_rate": 0.3415,
  "health_score": 72.5,
  "model_weights": {
    "external_data": 0.0,
    "microstructure": 1.0
  },
  "approach": "time_series_heavy",
  "n_predictions": 791,
  "timestamp": "2026-04-05T10:41:58.658808+00:00"
}