{
  "snapshot_id": "snap_214_1775378764",
  "cycle": 214,
  "brier_score": 0.0687444690973243,
  "ece": 0.20195066157012642,
  "discrimination": 0.997314639039464,
  "roi": -0.342,
  "edge_hit_rate": 0.2276,
  "health_score": 71.6,
  "model_weights": {
    "external_data": 0.0,
    "microstructure": 1.0
  },
  "approach": "time_series_heavy",
  "n_predictions": 3401,
  "timestamp": "2026-04-05T08:46:04.229862+00:00"
}