{
  "snapshot_id": "snap_750_1775388602",
  "cycle": 750,
  "brier_score": 0.06317754135075566,
  "ece": 0.18450897355163728,
  "discrimination": 0.9974158918714714,
  "roi": -0.1334,
  "edge_hit_rate": 0.3738,
  "health_score": 79.0,
  "model_weights": {
    "external_data": 0.0,
    "microstructure": 1.0
  },
  "approach": "time_series_heavy",
  "n_predictions": 3176,
  "timestamp": "2026-04-05T11:30:02.836353+00:00"
}