{
  "snapshot_id": "snap_571_1775385518",
  "cycle": 571,
  "brier_score": 0.06341801458622867,
  "ece": 0.1893156032849021,
  "discrimination": 0.9972317601134395,
  "roi": -0.1361,
  "edge_hit_rate": 0.3576,
  "health_score": 78.7,
  "model_weights": {
    "external_data": 0.0,
    "microstructure": 1.0
  },
  "approach": "time_series_heavy",
  "n_predictions": 3166,
  "timestamp": "2026-04-05T10:38:38.327734+00:00"
}