{
  "snapshot_id": "snap_108_1775376610",
  "cycle": 108,
  "brier_score": 0.06913134313770491,
  "ece": 0.2118141967213115,
  "discrimination": 0.9975679485397765,
  "roi": -0.5541,
  "edge_hit_rate": 0.1262,
  "health_score": 71.6,
  "model_weights": {
    "external_data": 0.0,
    "microstructure": 1.0
  },
  "approach": "time_series_heavy",
  "n_predictions": 3050,
  "timestamp": "2026-04-05T08:10:10.855575+00:00"
}