{
  "snapshot_id": "snap_87_1775376259",
  "cycle": 87,
  "brier_score": 0.07005554474,
  "ece": 0.21415610000000002,
  "discrimination": 0.9981074275268048,
  "roi": -0.5425,
  "edge_hit_rate": 0.1313,
  "health_score": 71.5,
  "model_weights": {
    "external_data": 0.0,
    "microstructure": 1.0
  },
  "approach": "time_series_heavy",
  "n_predictions": 2000,
  "timestamp": "2026-04-05T08:04:19.212464+00:00"
}