{
  "snapshot_id": "snap_765_1775388864",
  "cycle": 765,
  "brier_score": 0.06318905527490298,
  "ece": 0.18750203751617073,
  "discrimination": 0.997646276046329,
  "roi": -0.081,
  "edge_hit_rate": 0.408,
  "health_score": 84.2,
  "model_weights": {
    "external_data": 0.0,
    "microstructure": 1.0
  },
  "approach": "time_series_heavy",
  "n_predictions": 3092,
  "timestamp": "2026-04-05T11:34:24.895203+00:00"
}