{
  "snapshot_id": "snap_659_1775387044",
  "cycle": 659,
  "brier_score": 0.06416811386401884,
  "ece": 0.1881800403904409,
  "discrimination": 0.9974506005094544,
  "roi": -0.164,
  "edge_hit_rate": 0.3327,
  "health_score": 75.8,
  "model_weights": {
    "external_data": 0.0,
    "microstructure": 1.0
  },
  "approach": "time_series_heavy",
  "n_predictions": 2971,
  "timestamp": "2026-04-05T11:04:04.816294+00:00"
}