{
  "snapshot_id": "snap_386_1775382032",
  "cycle": 386,
  "brier_score": 0.0653085663422576,
  "ece": 0.19336523154848048,
  "discrimination": 0.9973452081771821,
  "roi": -0.3154,
  "edge_hit_rate": 0.2404,
  "health_score": 72.1,
  "model_weights": {
    "external_data": 0.0,
    "microstructure": 1.0
  },
  "approach": "time_series_heavy",
  "n_predictions": 2764,
  "timestamp": "2026-04-05T09:40:32.450691+00:00"
}