{
  "snapshot_id": "snap_353_1775381387",
  "cycle": 353,
  "brier_score": 0.06570014343154247,
  "ece": 0.19131285961871752,
  "discrimination": 0.9969996821940189,
  "roi": -0.2623,
  "edge_hit_rate": 0.2744,
  "health_score": 72.0,
  "model_weights": {
    "external_data": 0.0,
    "microstructure": 1.0
  },
  "approach": "time_series_heavy",
  "n_predictions": 2885,
  "timestamp": "2026-04-05T09:29:47.184953+00:00"
}