{
  "snapshot_id": "snap_89_1775376289",
  "cycle": 89,
  "brier_score": 0.06984478036190477,
  "ece": 0.21478733333333339,
  "discrimination": 0.9982347408026756,
  "roi": -0.5542,
  "edge_hit_rate": 0.1263,
  "health_score": 71.5,
  "model_weights": {
    "external_data": 0.0,
    "microstructure": 1.0
  },
  "approach": "time_series_heavy",
  "n_predictions": 2100,
  "timestamp": "2026-04-05T08:04:49.125342+00:00"
}