{
  "snapshot_id": "snap_802_1775389510",
  "cycle": 802,
  "brier_score": 0.06260002166614954,
  "ece": 0.18667902575240466,
  "discrimination": 0.9977197657015682,
  "roi": -0.083,
  "edge_hit_rate": 0.4119,
  "health_score": 84.1,
  "model_weights": {
    "external_data": 0.0,
    "microstructure": 1.0
  },
  "approach": "time_series_heavy",
  "n_predictions": 3223,
  "timestamp": "2026-04-05T11:45:10.540461+00:00"
}