{
  "snapshot_id": "snap_290_1775380199",
  "cycle": 290,
  "brier_score": 0.06385336485625966,
  "ece": 0.1940373106646059,
  "discrimination": 0.9980355046596872,
  "roi": -0.3881,
  "edge_hit_rate": 0.2063,
  "health_score": 72.3,
  "model_weights": {
    "external_data": 0.0,
    "microstructure": 1.0
  },
  "approach": "time_series_heavy",
  "n_predictions": 3235,
  "timestamp": "2026-04-05T09:09:59.116988+00:00"
}