{
  "snapshot_id": "snap_497_1775384127",
  "cycle": 497,
  "brier_score": 0.06341465625560538,
  "ece": 0.1863687059577194,
  "discrimination": 0.9977294442919729,
  "roi": -0.1174,
  "edge_hit_rate": 0.3663,
  "health_score": 80.6,
  "model_weights": {
    "external_data": 0.0,
    "microstructure": 1.0
  },
  "approach": "time_series_heavy",
  "n_predictions": 3122,
  "timestamp": "2026-04-05T10:15:27.746890+00:00"
}