{
  "snapshot_id": "snap_874_1775390774",
  "cycle": 874,
  "brier_score": 0.07207762572115384,
  "ece": 0.1678411217948718,
  "discrimination": 0.9778772060651255,
  "roi": -0.1105,
  "edge_hit_rate": 0.3791,
  "health_score": 79.4,
  "model_weights": {
    "external_data": 1.0,
    "microstructure": 0.0
  },
  "approach": "time_series_heavy",
  "n_predictions": 3120,
  "timestamp": "2026-04-05T12:06:14.611882+00:00"
}