{
  "snapshot_id": "snap_831_1775390025",
  "cycle": 831,
  "brier_score": 0.06256302893249607,
  "ece": 0.18529755102040818,
  "discrimination": 0.9975693190407983,
  "roi": -0.0903,
  "edge_hit_rate": 0.4044,
  "health_score": 83.4,
  "model_weights": {
    "external_data": 0.0,
    "microstructure": 1.0
  },
  "approach": "time_series_heavy",
  "n_predictions": 3185,
  "timestamp": "2026-04-05T11:53:45.651912+00:00"
}