{
  "snapshot_id": "snap_658_1775387014",
  "cycle": 658,
  "brier_score": 0.059751912715231795,
  "ece": 0.18950242825607064,
  "discrimination": 0.9974367737525632,
  "roi": -0.1079,
  "edge_hit_rate": 0.3402,
  "health_score": 81.9,
  "model_weights": {
    "external_data": 0.0,
    "microstructure": 1.0
  },
  "approach": "time_series_heavy",
  "n_predictions": 453,
  "timestamp": "2026-04-05T11:03:34.264508+00:00"
}