{
  "snapshot_id": "snap_756_1775388706",
  "cycle": 756,
  "brier_score": 0.063344307128125,
  "ece": 0.18767446875000005,
  "discrimination": 0.99751464625938,
  "roi": -0.0761,
  "edge_hit_rate": 0.4157,
  "health_score": 84.7,
  "model_weights": {
    "external_data": 0.0,
    "microstructure": 1.0
  },
  "approach": "time_series_heavy",
  "n_predictions": 3200,
  "timestamp": "2026-04-05T11:31:46.418687+00:00"
}