{
  "snapshot_id": "snap_325_1775380838",
  "cycle": 325,
  "brier_score": 0.06490004708181052,
  "ece": 0.19134678099522068,
  "discrimination": 0.9974420687134503,
  "roi": -0.213,
  "edge_hit_rate": 0.3079,
  "health_score": 72.1,
  "model_weights": {
    "external_data": 0.0,
    "microstructure": 1.0
  },
  "approach": "time_series_heavy",
  "n_predictions": 3557,
  "timestamp": "2026-04-05T09:20:38.946315+00:00"
}