{
  "snapshot_id": "snap_115_1775376730",
  "cycle": 115,
  "brier_score": 0.06932280148529411,
  "ece": 0.21232861764705882,
  "discrimination": 0.9978188109019255,
  "roi": -0.4753,
  "edge_hit_rate": 0.1587,
  "health_score": 71.6,
  "model_weights": {
    "external_data": 0.0,
    "microstructure": 1.0
  },
  "approach": "time_series_heavy",
  "n_predictions": 3400,
  "timestamp": "2026-04-05T08:12:10.569222+00:00"
}