{
  "snapshot_id": "snap_434_1775382939",
  "cycle": 434,
  "brier_score": 0.06330838236401673,
  "ece": 0.18978173939031678,
  "discrimination": 0.997560798473953,
  "roi": -0.2208,
  "edge_hit_rate": 0.2938,
  "health_score": 72.3,
  "model_weights": {
    "external_data": 0.0,
    "microstructure": 1.0
  },
  "approach": "time_series_heavy",
  "n_predictions": 3346,
  "timestamp": "2026-04-05T09:55:39.361352+00:00"
}