{
  "snapshot_id": "snap_157_1775377633",
  "cycle": 157,
  "brier_score": 0.07058331592727272,
  "ece": 0.21203534545454544,
  "discrimination": 0.9975799093920168,
  "roi": -0.3727,
  "edge_hit_rate": 0.2097,
  "health_score": 71.4,
  "model_weights": {
    "external_data": 0.0,
    "microstructure": 1.0
  },
  "approach": "time_series_heavy",
  "n_predictions": 5500,
  "timestamp": "2026-04-05T08:27:13.721920+00:00"
}