{
  "snapshot_id": "snap_553_1775385187",
  "cycle": 553,
  "brier_score": 0.06264594503437966,
  "ece": 0.18758337817638268,
  "discrimination": 0.9973611220942322,
  "roi": -0.1089,
  "edge_hit_rate": 0.3803,
  "health_score": 81.5,
  "model_weights": {
    "external_data": 0.0,
    "microstructure": 1.0
  },
  "approach": "time_series_heavy",
  "n_predictions": 3345,
  "timestamp": "2026-04-05T10:33:07.391568+00:00"
}