{
  "snapshot_id": "snap_480_1775383829",
  "cycle": 480,
  "brier_score": 0.06360634572981366,
  "ece": 0.19004307453416153,
  "discrimination": 0.9979697795652716,
  "roi": -0.1063,
  "edge_hit_rate": 0.367,
  "health_score": 81.7,
  "model_weights": {
    "external_data": 0.0,
    "microstructure": 1.0
  },
  "approach": "time_series_heavy",
  "n_predictions": 3220,
  "timestamp": "2026-04-05T10:10:29.351306+00:00"
}