{
  "snapshot_id": "snap_627_1775386493",
  "cycle": 627,
  "brier_score": 0.06317627436815194,
  "ece": 0.18835595325054785,
  "discrimination": 0.9974345857253832,
  "roi": -0.1213,
  "edge_hit_rate": 0.3738,
  "health_score": 80.2,
  "model_weights": {
    "external_data": 0.0,
    "microstructure": 1.0
  },
  "approach": "time_series_heavy",
  "n_predictions": 2738,
  "timestamp": "2026-04-05T10:54:53.383394+00:00"
}