{
  "snapshot_id": "snap_355_1775381423",
  "cycle": 355,
  "brier_score": 0.06540680942140119,
  "ece": 0.19191882188915999,
  "discrimination": 0.9971469959115155,
  "roi": -0.2146,
  "edge_hit_rate": 0.3077,
  "health_score": 72.0,
  "model_weights": {
    "external_data": 0.0,
    "microstructure": 1.0
  },
  "approach": "time_series_heavy",
  "n_predictions": 2869,
  "timestamp": "2026-04-05T09:30:23.832785+00:00"
}