{
  "snapshot_id": "snap_430_1775382863",
  "cycle": 430,
  "brier_score": 0.06294311798619448,
  "ece": 0.19230507202881147,
  "discrimination": 0.9978228057883739,
  "roi": -0.2238,
  "edge_hit_rate": 0.2894,
  "health_score": 72.4,
  "model_weights": {
    "external_data": 0.0,
    "microstructure": 1.0
  },
  "approach": "time_series_heavy",
  "n_predictions": 3332,
  "timestamp": "2026-04-05T09:54:23.598835+00:00"
}