{
  "snapshot_id": "snap_700_1775387760",
  "cycle": 700,
  "brier_score": 0.06363298705012622,
  "ece": 0.1861088712585647,
  "discrimination": 0.9975545631424612,
  "roi": -0.1553,
  "edge_hit_rate": 0.3495,
  "health_score": 76.7,
  "model_weights": {
    "external_data": 0.0,
    "microstructure": 1.0
  },
  "approach": "time_series_heavy",
  "n_predictions": 2773,
  "timestamp": "2026-04-05T11:16:00.421097+00:00"
}