{
  "snapshot_id": "snap_128_1775376991",
  "cycle": 128,
  "brier_score": 0.07088474180246915,
  "ece": 0.2143164938271605,
  "discrimination": 0.9976123473513692,
  "roi": -0.4616,
  "edge_hit_rate": 0.1656,
  "health_score": 71.4,
  "model_weights": {
    "external_data": 0.0,
    "microstructure": 1.0
  },
  "approach": "time_series_heavy",
  "n_predictions": 4050,
  "timestamp": "2026-04-05T08:16:31.453581+00:00"
}