{
  "snapshot_id": "snap_644_1775386786",
  "cycle": 644,
  "brier_score": 0.06308897354508197,
  "ece": 0.18874112021857928,
  "discrimination": 0.9978908215784615,
  "roi": -0.1187,
  "edge_hit_rate": 0.3666,
  "health_score": 80.5,
  "model_weights": {
    "external_data": 0.0,
    "microstructure": 1.0
  },
  "approach": "time_series_heavy",
  "n_predictions": 2928,
  "timestamp": "2026-04-05T10:59:46.971039+00:00"
}