{
  "snapshot_id": "snap_167_1775377862",
  "cycle": 167,
  "brier_score": 0.07038634098662885,
  "ece": 0.20897980145867096,
  "discrimination": 0.9972222222222222,
  "roi": -0.3427,
  "edge_hit_rate": 0.2253,
  "health_score": 71.4,
  "model_weights": {
    "external_data": 0.0,
    "microstructure": 1.0
  },
  "approach": "time_series_heavy",
  "n_predictions": 4936,
  "timestamp": "2026-04-05T08:31:02.732131+00:00"
}