{
  "snapshot_id": "snap_505_1775384268",
  "cycle": 505,
  "brier_score": 0.06270755537931035,
  "ece": 0.18672908545727135,
  "discrimination": 0.9973144233656502,
  "roi": -0.1218,
  "edge_hit_rate": 0.36,
  "health_score": 80.2,
  "model_weights": {
    "external_data": 0.0,
    "microstructure": 1.0
  },
  "approach": "time_series_heavy",
  "n_predictions": 3335,
  "timestamp": "2026-04-05T10:17:48.370540+00:00"
}