{
  "snapshot_id": "snap_319_1775380721",
  "cycle": 319,
  "brier_score": 0.06493144315842583,
  "ece": 0.1925853010427178,
  "discrimination": 0.9976638656728142,
  "roi": -0.3096,
  "edge_hit_rate": 0.2492,
  "health_score": 72.1,
  "model_weights": {
    "external_data": 0.0,
    "microstructure": 1.0
  },
  "approach": "time_series_heavy",
  "n_predictions": 2973,
  "timestamp": "2026-04-05T09:18:41.462094+00:00"
}