{
  "snapshot_id": "snap_17_1775375142",
  "cycle": 17,
  "brier_score": 0.06946919338823529,
  "ece": 0.2089477647058824,
  "discrimination": 0.9988016498831443,
  "roi": -0.2292,
  "edge_hit_rate": 0.2976,
  "health_score": 71.6,
  "model_weights": {},
  "approach": "microstructure_focus",
  "n_predictions": 850,
  "timestamp": "2026-04-05T07:45:42.017235+00:00"
}