{
  "snapshot_id": "snap_707_1775387871",
  "cycle": 707,
  "brier_score": 0.06367840475974026,
  "ece": 0.18782772727272729,
  "discrimination": 0.997783919334143,
  "roi": -0.1558,
  "edge_hit_rate": 0.3489,
  "health_score": 76.7,
  "model_weights": {
    "external_data": 0.0,
    "microstructure": 1.0
  },
  "approach": "time_series_heavy",
  "n_predictions": 3080,
  "timestamp": "2026-04-05T11:17:51.620373+00:00"
}