{
  "snapshot_id": "snap_267_1775379778",
  "cycle": 267,
  "brier_score": 0.06540323611510793,
  "ece": 0.19110441038473572,
  "discrimination": 0.9974861668162658,
  "roi": -0.1888,
  "edge_hit_rate": 0.3209,
  "health_score": 73.2,
  "model_weights": {
    "external_data": 0.0,
    "microstructure": 1.0
  },
  "approach": "time_series_heavy",
  "n_predictions": 3197,
  "timestamp": "2026-04-05T09:02:58.724073+00:00"
}