{
  "snapshot_id": "snap_194_1775378362",
  "cycle": 194,
  "brier_score": 0.06811822910880552,
  "ece": 0.2012498004788508,
  "discrimination": 0.9976945377163811,
  "roi": -0.3754,
  "edge_hit_rate": 0.2081,
  "health_score": 71.7,
  "model_weights": {
    "external_data": 0.0,
    "microstructure": 1.0
  },
  "approach": "time_series_heavy",
  "n_predictions": 3759,
  "timestamp": "2026-04-05T08:39:22.509378+00:00"
}