{
  "snapshot_id": "snap_138_1775377201",
  "cycle": 138,
  "brier_score": 0.07039087709230768,
  "ece": 0.21314463736263736,
  "discrimination": 0.9974381088394902,
  "roi": -0.4631,
  "edge_hit_rate": 0.1648,
  "health_score": 71.5,
  "model_weights": {
    "external_data": 0.0,
    "microstructure": 1.0
  },
  "approach": "time_series_heavy",
  "n_predictions": 4550,
  "timestamp": "2026-04-05T08:20:01.038096+00:00"
}