{
  "snapshot_id": "snap_296_1775380304",
  "cycle": 296,
  "brier_score": 0.06542716366816144,
  "ece": 0.1954735724962631,
  "discrimination": 0.9979495480791466,
  "roi": -0.2899,
  "edge_hit_rate": 0.2644,
  "health_score": 72.1,
  "model_weights": {
    "external_data": 0.0,
    "microstructure": 1.0
  },
  "approach": "time_series_heavy",
  "n_predictions": 3345,
  "timestamp": "2026-04-05T09:11:44.852641+00:00"
}