{
  "snapshot_id": "snap_601_1775386032",
  "cycle": 601,
  "brier_score": 0.06315875880025731,
  "ece": 0.18684917980057894,
  "discrimination": 0.9977196123066099,
  "roi": -0.1273,
  "edge_hit_rate": 0.3666,
  "health_score": 79.6,
  "model_weights": {
    "external_data": 0.0,
    "microstructure": 1.0
  },
  "approach": "time_series_heavy",
  "n_predictions": 3109,
  "timestamp": "2026-04-05T10:47:12.709957+00:00"
}