{
  "snapshot_id": "snap_189_1775378273",
  "cycle": 189,
  "brier_score": 0.06860623344006148,
  "ece": 0.20243445184426231,
  "discrimination": 0.9974523286721368,
  "roi": -0.3913,
  "edge_hit_rate": 0.1985,
  "health_score": 71.7,
  "model_weights": {
    "external_data": 0.0,
    "microstructure": 1.0
  },
  "approach": "time_series_heavy",
  "n_predictions": 3904,
  "timestamp": "2026-04-05T08:37:53.944062+00:00"
}