{
  "snapshot_id": "snap_490_1775384002",
  "cycle": 490,
  "brier_score": 0.06424000150061882,
  "ece": 0.18950250618811887,
  "discrimination": 0.9977970842896741,
  "roi": -0.088,
  "edge_hit_rate": 0.3931,
  "health_score": 83.4,
  "model_weights": {
    "external_data": 0.0,
    "microstructure": 1.0
  },
  "approach": "time_series_heavy",
  "n_predictions": 3232,
  "timestamp": "2026-04-05T10:13:22.749293+00:00"
}