{
  "snapshot_id": "snap_171_1775377936",
  "cycle": 171,
  "brier_score": 0.07050505360365673,
  "ece": 0.2105338543202595,
  "discrimination": 0.9977620730270907,
  "roi": -0.4127,
  "edge_hit_rate": 0.1892,
  "health_score": 71.4,
  "model_weights": {
    "external_data": 0.0,
    "microstructure": 1.0
  },
  "approach": "time_series_heavy",
  "n_predictions": 3391,
  "timestamp": "2026-04-05T08:32:16.210250+00:00"
}