{
  "snapshot_id": "snap_618_1775386337",
  "cycle": 618,
  "brier_score": 0.06382254311460808,
  "ece": 0.1893562648456057,
  "discrimination": 0.997628466298172,
  "roi": -0.0885,
  "edge_hit_rate": 0.4045,
  "health_score": 83.4,
  "model_weights": {
    "external_data": 0.0,
    "microstructure": 1.0
  },
  "approach": "time_series_heavy",
  "n_predictions": 3368,
  "timestamp": "2026-04-05T10:52:17.240900+00:00"
}