{
  "snapshot_id": "snap_721_1775388108",
  "cycle": 721,
  "brier_score": 0.06300379380257802,
  "ece": 0.18834080732700137,
  "discrimination": 0.998023932112891,
  "roi": -0.1568,
  "edge_hit_rate": 0.3562,
  "health_score": 76.7,
  "model_weights": {
    "external_data": 0.0,
    "microstructure": 1.0
  },
  "approach": "time_series_heavy",
  "n_predictions": 2948,
  "timestamp": "2026-04-05T11:21:48.616471+00:00"
}