{
  "snapshot_id": "snap_798_1775389441",
  "cycle": 798,
  "brier_score": 0.06314037551565377,
  "ece": 0.1874344076120319,
  "discrimination": 0.9976442323540419,
  "roi": -0.0822,
  "edge_hit_rate": 0.4126,
  "health_score": 84.1,
  "model_weights": {
    "external_data": 0.0,
    "microstructure": 1.0
  },
  "approach": "time_series_heavy",
  "n_predictions": 3258,
  "timestamp": "2026-04-05T11:44:01.443348+00:00"
}