{
  "snapshot_id": "snap_493_1775384061",
  "cycle": 493,
  "brier_score": 0.06382784713062778,
  "ece": 0.18734296131896003,
  "discrimination": 0.9977106267324012,
  "roi": -0.1184,
  "edge_hit_rate": 0.3656,
  "health_score": 80.4,
  "model_weights": {
    "external_data": 0.0,
    "microstructure": 1.0
  },
  "approach": "time_series_heavy",
  "n_predictions": 3154,
  "timestamp": "2026-04-05T10:14:21.835025+00:00"
}