{
  "snapshot_id": "snap_144_1775377325",
  "cycle": 144,
  "brier_score": 0.07053125143917525,
  "ece": 0.21254618556701035,
  "discrimination": 0.9974475677513637,
  "roi": -0.4211,
  "edge_hit_rate": 0.1843,
  "health_score": 71.4,
  "model_weights": {
    "external_data": 0.0,
    "microstructure": 1.0
  },
  "approach": "time_series_heavy",
  "n_predictions": 4850,
  "timestamp": "2026-04-05T08:22:05.249169+00:00"
}