{
  "snapshot_id": "snap_210_1775378691",
  "cycle": 210,
  "brier_score": 0.06838821299797042,
  "ece": 0.19933757610901712,
  "discrimination": 0.997563731246634,
  "roi": -0.275,
  "edge_hit_rate": 0.2681,
  "health_score": 71.7,
  "model_weights": {
    "external_data": 0.0,
    "microstructure": 1.0
  },
  "approach": "time_series_heavy",
  "n_predictions": 3449,
  "timestamp": "2026-04-05T08:44:51.898269+00:00"
}