{
  "snapshot_id": "snap_642_1775386745",
  "cycle": 642,
  "brier_score": 0.06277403556926331,
  "ece": 0.1894807543179415,
  "discrimination": 0.9979877386310725,
  "roi": -0.12,
  "edge_hit_rate": 0.3657,
  "health_score": 80.4,
  "model_weights": {
    "external_data": 0.0,
    "microstructure": 1.0
  },
  "approach": "time_series_heavy",
  "n_predictions": 2837,
  "timestamp": "2026-04-05T10:59:05.308755+00:00"
}