{
  "snapshot_id": "snap_218_1775378853",
  "cycle": 218,
  "brier_score": 0.06834496216027874,
  "ece": 0.20009291521486644,
  "discrimination": 0.9974397265608657,
  "roi": -0.3715,
  "edge_hit_rate": 0.2122,
  "health_score": 71.7,
  "model_weights": {
    "external_data": 0.0,
    "microstructure": 1.0
  },
  "approach": "time_series_heavy",
  "n_predictions": 3444,
  "timestamp": "2026-04-05T08:47:33.371973+00:00"
}