{
  "snapshot_id": "snap_52_1775375696",
  "cycle": 52,
  "brier_score": 0.07619351376,
  "ece": 0.2383976,
  "discrimination": 0.9991830065359477,
  "roi": -0.5341,
  "edge_hit_rate": 0.136,
  "health_score": 70.8,
  "model_weights": {
    "external_data": 0.0,
    "microstructure": 1.0
  },
  "approach": "time_series_heavy",
  "n_predictions": 250,
  "timestamp": "2026-04-05T07:54:56.499732+00:00"
}