{
  "snapshot_id": "snap_195_1775378385",
  "cycle": 195,
  "brier_score": 0.06885909793715847,
  "ece": 0.2029033606557377,
  "discrimination": 0.9976183951076915,
  "roi": -0.3729,
  "edge_hit_rate": 0.2097,
  "health_score": 71.6,
  "model_weights": {
    "external_data": 0.0,
    "microstructure": 1.0
  },
  "approach": "time_series_heavy",
  "n_predictions": 3660,
  "timestamp": "2026-04-05T08:39:45.388441+00:00"
}