{
  "snapshot_id": "snap_834_1775390073",
  "cycle": 834,
  "brier_score": 0.06361316182834476,
  "ece": 0.18498748647674004,
  "discrimination": 0.9975392422990677,
  "roi": -0.1013,
  "edge_hit_rate": 0.3892,
  "health_score": 82.1,
  "model_weights": {
    "external_data": 0.0,
    "microstructure": 1.0
  },
  "approach": "time_series_heavy",
  "n_predictions": 2773,
  "timestamp": "2026-04-05T11:54:33.848836+00:00"
}