{
  "snapshot_id": "snap_91_1775376321",
  "cycle": 91,
  "brier_score": 0.07036939795,
  "ece": 0.2149246818181819,
  "discrimination": 0.9981600117010385,
  "roi": -0.567,
  "edge_hit_rate": 0.1218,
  "health_score": 71.5,
  "model_weights": {
    "external_data": 0.0,
    "microstructure": 1.0
  },
  "approach": "time_series_heavy",
  "n_predictions": 2200,
  "timestamp": "2026-04-05T08:05:21.492374+00:00"
}