{
  "snapshot_id": "snap_125_1775376927",
  "cycle": 125,
  "brier_score": 0.07066058162564101,
  "ece": 0.2136473846153846,
  "discrimination": 0.9975840275723816,
  "roi": -0.4634,
  "edge_hit_rate": 0.1641,
  "health_score": 71.4,
  "model_weights": {
    "external_data": 0.0,
    "microstructure": 1.0
  },
  "approach": "time_series_heavy",
  "n_predictions": 3900,
  "timestamp": "2026-04-05T08:15:27.134887+00:00"
}