{
  "snapshot_id": "snap_838_1775390157",
  "cycle": 838,
  "brier_score": 0.06453872178989628,
  "ece": 0.18472375376380062,
  "discrimination": 0.9955181643293278,
  "roi": -0.1167,
  "edge_hit_rate": 0.3707,
  "health_score": 80.4,
  "model_weights": {
    "external_data": 0.0,
    "microstructure": 1.0
  },
  "approach": "time_series_heavy",
  "n_predictions": 2989,
  "timestamp": "2026-04-05T11:55:57.976514+00:00"
}