{
  "snapshot_id": "snap_774_1775389011",
  "cycle": 774,
  "brier_score": 0.0634319937144703,
  "ece": 0.18610936692506463,
  "discrimination": 0.9974781793472336,
  "roi": -0.1198,
  "edge_hit_rate": 0.3783,
  "health_score": 80.3,
  "model_weights": {
    "external_data": 0.0,
    "microstructure": 1.0
  },
  "approach": "time_series_heavy",
  "n_predictions": 3096,
  "timestamp": "2026-04-05T11:36:51.456104+00:00"
}