{
  "snapshot_id": "snap_818_1775389790",
  "cycle": 818,
  "brier_score": 0.06224637897923369,
  "ece": 0.1870103246563323,
  "discrimination": 0.9979485729764126,
  "roi": -0.1092,
  "edge_hit_rate": 0.3917,
  "health_score": 81.5,
  "model_weights": {
    "external_data": 0.0,
    "microstructure": 1.0
  },
  "approach": "time_series_heavy",
  "n_predictions": 3419,
  "timestamp": "2026-04-05T11:49:50.509189+00:00"
}