{
  "snapshot_id": "snap_492_1775384045",
  "cycle": 492,
  "brier_score": 0.06400229006856023,
  "ece": 0.18670603983023182,
  "discrimination": 0.997607014967795,
  "roi": -0.1184,
  "edge_hit_rate": 0.3656,
  "health_score": 80.4,
  "model_weights": {
    "external_data": 0.0,
    "microstructure": 1.0
  },
  "approach": "time_series_heavy",
  "n_predictions": 3063,
  "timestamp": "2026-04-05T10:14:05.887193+00:00"
}