{
  "snapshot_id": "snap_348_1775381299",
  "cycle": 348,
  "brier_score": 0.06563968671232877,
  "ece": 0.19044075342465752,
  "discrimination": 0.9968868120579581,
  "roi": -0.2388,
  "edge_hit_rate": 0.289,
  "health_score": 72.0,
  "model_weights": {
    "external_data": 0.0,
    "microstructure": 1.0
  },
  "approach": "time_series_heavy",
  "n_predictions": 2920,
  "timestamp": "2026-04-05T09:28:19.523015+00:00"
}