{
  "snapshot_id": "snap_95_1775376380",
  "cycle": 95,
  "brier_score": 0.0701667947,
  "ece": 0.21452658333333333,
  "discrimination": 0.9979365783698894,
  "roi": -0.567,
  "edge_hit_rate": 0.1218,
  "health_score": 71.5,
  "model_weights": {
    "external_data": 0.0,
    "microstructure": 1.0
  },
  "approach": "time_series_heavy",
  "n_predictions": 2400,
  "timestamp": "2026-04-05T08:06:20.495047+00:00"
}