{
  "snapshot_id": "snap_277_1775379965",
  "cycle": 277,
  "brier_score": 0.06340079958265933,
  "ece": 0.19236360401164673,
  "discrimination": 0.9975927938310384,
  "roi": -0.2971,
  "edge_hit_rate": 0.2513,
  "health_score": 72.3,
  "model_weights": {
    "external_data": 0.0,
    "microstructure": 1.0
  },
  "approach": "time_series_heavy",
  "n_predictions": 3091,
  "timestamp": "2026-04-05T09:06:05.498550+00:00"
}