{
  "snapshot_id": "snap_433_1775382923",
  "cycle": 433,
  "brier_score": 0.06359899003335355,
  "ece": 0.19026637355973317,
  "discrimination": 0.9975193489606978,
  "roi": -0.2197,
  "edge_hit_rate": 0.2964,
  "health_score": 72.3,
  "model_weights": {
    "external_data": 0.0,
    "microstructure": 1.0
  },
  "approach": "time_series_heavy",
  "n_predictions": 3298,
  "timestamp": "2026-04-05T09:55:23.449337+00:00"
}