{
  "snapshot_id": "snap_117_1775376782",
  "cycle": 117,
  "brier_score": 0.06949375913142858,
  "ece": 0.2129983428571429,
  "discrimination": 0.9978716209103541,
  "roi": -0.4815,
  "edge_hit_rate": 0.1559,
  "health_score": 71.6,
  "model_weights": {
    "external_data": 0.0,
    "microstructure": 1.0
  },
  "approach": "time_series_heavy",
  "n_predictions": 3500,
  "timestamp": "2026-04-05T08:13:02.002334+00:00"
}