{
  "snapshot_id": "snap_30_1775375328",
  "cycle": 30,
  "brier_score": 0.06668627096,
  "ece": 0.21013733333333331,
  "discrimination": 0.9991542022792023,
  "roi": -0.2595,
  "edge_hit_rate": 0.2787,
  "health_score": 72.0,
  "model_weights": {},
  "approach": "microstructure_focus",
  "n_predictions": 1500,
  "timestamp": "2026-04-05T07:48:48.501404+00:00"
}