{
  "snapshot_id": "snap_590_1775385856",
  "cycle": 590,
  "brier_score": 0.06246298470673952,
  "ece": 0.1885686703096539,
  "discrimination": 0.9978940636373902,
  "roi": -0.1251,
  "edge_hit_rate": 0.3672,
  "health_score": 79.9,
  "model_weights": {
    "external_data": 0.0,
    "microstructure": 1.0
  },
  "approach": "time_series_heavy",
  "n_predictions": 2745,
  "timestamp": "2026-04-05T10:44:16.055554+00:00"
}