{
  "snapshot_id": "snap_836_1775390099",
  "cycle": 836,
  "brier_score": 0.06607621416173569,
  "ece": 0.19418934911242602,
  "discrimination": 0.9978235487952224,
  "roi": -0.1935,
  "edge_hit_rate": 0.3128,
  "health_score": 72.6,
  "model_weights": {
    "external_data": 0.0,
    "microstructure": 1.0
  },
  "approach": "time_series_heavy",
  "n_predictions": 1014,
  "timestamp": "2026-04-05T11:54:59.008682+00:00"
}