{
  "snapshot_id": "snap_234_1775379177",
  "cycle": 234,
  "brier_score": 0.06824673869417924,
  "ece": 0.19820381890976282,
  "discrimination": 0.9968234322197511,
  "roi": -0.2804,
  "edge_hit_rate": 0.2562,
  "health_score": 71.7,
  "model_weights": {
    "external_data": 0.0,
    "microstructure": 1.0
  },
  "approach": "time_series_heavy",
  "n_predictions": 3247,
  "timestamp": "2026-04-05T08:52:57.304119+00:00"
}