{
  "snapshot_id": "snap_60_1775375833",
  "cycle": 60,
  "brier_score": 0.06648159852307692,
  "ece": 0.21063107692307695,
  "discrimination": 0.9989384497434587,
  "roi": -0.5717,
  "edge_hit_rate": 0.1214,
  "health_score": 72.0,
  "model_weights": {
    "external_data": 0.0,
    "microstructure": 1.0
  },
  "approach": "time_series_heavy",
  "n_predictions": 650,
  "timestamp": "2026-04-05T07:57:13.395111+00:00"
}