{
  "snapshot_id": "snap_613_1775386252",
  "cycle": 613,
  "brier_score": 0.06352195604719764,
  "ece": 0.1887995411340544,
  "discrimination": 0.9975169141528688,
  "roi": -0.0684,
  "edge_hit_rate": 0.4223,
  "health_score": 85.4,
  "model_weights": {
    "external_data": 0.0,
    "microstructure": 1.0
  },
  "approach": "time_series_heavy",
  "n_predictions": 3051,
  "timestamp": "2026-04-05T10:50:52.444815+00:00"
}