{
  "snapshot_id": "snap_237_1775379232",
  "cycle": 237,
  "brier_score": 0.06851037445394736,
  "ece": 0.19997124999999996,
  "discrimination": 0.9966443444577191,
  "roi": -0.3642,
  "edge_hit_rate": 0.214,
  "health_score": 71.6,
  "model_weights": {
    "external_data": 0.0,
    "microstructure": 1.0
  },
  "approach": "time_series_heavy",
  "n_predictions": 3040,
  "timestamp": "2026-04-05T08:53:52.298784+00:00"
}