{
  "snapshot_id": "snap_351_1775381352",
  "cycle": 351,
  "brier_score": 0.06566864169393319,
  "ece": 0.19122450579413766,
  "discrimination": 0.9970161163816915,
  "roi": -0.2623,
  "edge_hit_rate": 0.2744,
  "health_score": 72.0,
  "model_weights": {
    "external_data": 0.0,
    "microstructure": 1.0
  },
  "approach": "time_series_heavy",
  "n_predictions": 2934,
  "timestamp": "2026-04-05T09:29:12.809247+00:00"
}