{
  "snapshot_id": "snap_233_1775379154",
  "cycle": 233,
  "brier_score": 0.06793405416640987,
  "ece": 0.19818862865947615,
  "discrimination": 0.9970151375527052,
  "roi": -0.2885,
  "edge_hit_rate": 0.2528,
  "health_score": 71.7,
  "model_weights": {
    "external_data": 0.0,
    "microstructure": 1.0
  },
  "approach": "time_series_heavy",
  "n_predictions": 3245,
  "timestamp": "2026-04-05T08:52:34.493664+00:00"
}