{
  "snapshot_id": "snap_313_1775380634",
  "cycle": 313,
  "brier_score": 0.06505520824443141,
  "ece": 0.19340929073856977,
  "discrimination": 0.997530758256292,
  "roi": -0.3234,
  "edge_hit_rate": 0.2448,
  "health_score": 72.1,
  "model_weights": {
    "external_data": 0.0,
    "microstructure": 1.0
  },
  "approach": "time_series_heavy",
  "n_predictions": 3412,
  "timestamp": "2026-04-05T09:17:14.657361+00:00"
}