{
  "snapshot_id": "snap_349_1775381318",
  "cycle": 349,
  "brier_score": 0.06596195636596056,
  "ece": 0.19146964937910885,
  "discrimination": 0.9970365207105591,
  "roi": -0.2388,
  "edge_hit_rate": 0.289,
  "health_score": 72.0,
  "model_weights": {
    "external_data": 0.0,
    "microstructure": 1.0
  },
  "approach": "time_series_heavy",
  "n_predictions": 2738,
  "timestamp": "2026-04-05T09:28:38.033088+00:00"
}