{
  "snapshot_id": "snap_85_1775376224",
  "cycle": 85,
  "brier_score": 0.06979971508947366,
  "ece": 0.21348815789473688,
  "discrimination": 0.9981195478854045,
  "roi": -0.5471,
  "edge_hit_rate": 0.1305,
  "health_score": 71.5,
  "model_weights": {
    "external_data": 0.0,
    "microstructure": 1.0
  },
  "approach": "time_series_heavy",
  "n_predictions": 1900,
  "timestamp": "2026-04-05T08:03:44.485861+00:00"
}