{
  "snapshot_id": "snap_640_1775386707",
  "cycle": 640,
  "brier_score": 0.0631401848667359,
  "ece": 0.1904659743856006,
  "discrimination": 0.9976349274511817,
  "roi": -0.12,
  "edge_hit_rate": 0.3657,
  "health_score": 80.3,
  "model_weights": {
    "external_data": 0.0,
    "microstructure": 1.0
  },
  "approach": "time_series_heavy",
  "n_predictions": 2889,
  "timestamp": "2026-04-05T10:58:27.731209+00:00"
}