{
  "snapshot_id": "snap_767_1775388893",
  "cycle": 767,
  "brier_score": 0.06296762799501868,
  "ece": 0.1878977584059776,
  "discrimination": 0.997705215900821,
  "roi": -0.081,
  "edge_hit_rate": 0.408,
  "health_score": 84.3,
  "model_weights": {
    "external_data": 0.0,
    "microstructure": 1.0
  },
  "approach": "time_series_heavy",
  "n_predictions": 3212,
  "timestamp": "2026-04-05T11:34:53.044730+00:00"
}