{
  "snapshot_id": "snap_228_1775379056",
  "cycle": 228,
  "brier_score": 0.06803498036038765,
  "ece": 0.20088410054512412,
  "discrimination": 0.9977395396041888,
  "roi": -0.3094,
  "edge_hit_rate": 0.2476,
  "health_score": 71.7,
  "model_weights": {
    "external_data": 0.0,
    "microstructure": 1.0
  },
  "approach": "time_series_heavy",
  "n_predictions": 3302,
  "timestamp": "2026-04-05T08:50:56.123748+00:00"
}