{
  "snapshot_id": "snap_746_1775388534",
  "cycle": 746,
  "brier_score": 0.06411563589280149,
  "ece": 0.18473131816765348,
  "discrimination": 0.9972576083454928,
  "roi": -0.1475,
  "edge_hit_rate": 0.3577,
  "health_score": 77.4,
  "model_weights": {
    "external_data": 0.0,
    "microstructure": 1.0
  },
  "approach": "time_series_heavy",
  "n_predictions": 3209,
  "timestamp": "2026-04-05T11:28:54.479988+00:00"
}