{
  "snapshot_id": "snap_686_1775387516",
  "cycle": 686,
  "brier_score": 0.06325699258489259,
  "ece": 0.1897238392238392,
  "discrimination": 0.9978367060046544,
  "roi": -0.1334,
  "edge_hit_rate": 0.358,
  "health_score": 79.0,
  "model_weights": {
    "external_data": 0.0,
    "microstructure": 1.0
  },
  "approach": "time_series_heavy",
  "n_predictions": 2886,
  "timestamp": "2026-04-05T11:11:56.237324+00:00"
}