{
  "snapshot_id": "snap_851_1775390372",
  "cycle": 851,
  "brier_score": 0.06470856511813644,
  "ece": 0.18014801996672217,
  "discrimination": 0.9914629264405049,
  "roi": -0.1254,
  "edge_hit_rate": 0.3638,
  "health_score": 79.4,
  "model_weights": {
    "external_data": 0.9387,
    "microstructure": 0.0613
  },
  "approach": "time_series_heavy",
  "n_predictions": 3005,
  "timestamp": "2026-04-05T11:59:32.130989+00:00"
}