{
  "snapshot_id": "snap_746_1775388540",
  "cycle": 746,
  "brier_score": 0.06420442434299815,
  "ece": 0.18522985811227635,
  "discrimination": 0.9972671229138612,
  "roi": -0.1475,
  "edge_hit_rate": 0.3577,
  "health_score": 77.4,
  "model_weights": {
    "external_data": 0.0,
    "microstructure": 1.0
  },
  "approach": "time_series_heavy",
  "n_predictions": 3242,
  "timestamp": "2026-04-05T11:29:00.079346+00:00"
}