{
  "snapshot_id": "snap_463_1775383517",
  "cycle": 463,
  "brier_score": 0.06369810796963947,
  "ece": 0.18724559501219845,
  "discrimination": 0.9972812598012946,
  "roi": -0.1578,
  "edge_hit_rate": 0.3476,
  "health_score": 76.5,
  "model_weights": {
    "external_data": 0.0,
    "microstructure": 1.0
  },
  "approach": "time_series_heavy",
  "n_predictions": 3689,
  "timestamp": "2026-04-05T10:05:17.259671+00:00"
}