{
  "snapshot_id": "snap_566_1775385418",
  "cycle": 566,
  "brier_score": 0.06259853433395872,
  "ece": 0.18643101938711693,
  "discrimination": 0.9971109175552367,
  "roi": -0.1424,
  "edge_hit_rate": 0.3499,
  "health_score": 78.1,
  "model_weights": {
    "external_data": 0.0,
    "microstructure": 1.0
  },
  "approach": "time_series_heavy",
  "n_predictions": 3198,
  "timestamp": "2026-04-05T10:36:58.947850+00:00"
}