{
  "snapshot_id": "snap_251_1775379498",
  "cycle": 251,
  "brier_score": 0.06517435258340985,
  "ece": 0.19194297520661152,
  "discrimination": 0.9968084568655743,
  "roi": -0.3566,
  "edge_hit_rate": 0.2159,
  "health_score": 72.1,
  "model_weights": {
    "external_data": 0.0,
    "microstructure": 1.0
  },
  "approach": "time_series_heavy",
  "n_predictions": 3267,
  "timestamp": "2026-04-05T08:58:18.143802+00:00"
}