{
  "snapshot_id": "snap_300_1775380371",
  "cycle": 300,
  "brier_score": 0.06524961091843089,
  "ece": 0.19524249688667497,
  "discrimination": 0.9979203280891177,
  "roi": -0.3499,
  "edge_hit_rate": 0.2281,
  "health_score": 72.1,
  "model_weights": {
    "external_data": 0.0,
    "microstructure": 1.0
  },
  "approach": "time_series_heavy",
  "n_predictions": 3212,
  "timestamp": "2026-04-05T09:12:51.255927+00:00"
}