{
  "snapshot_id": "snap_246_1775379396",
  "cycle": 246,
  "brier_score": 0.06669239346687697,
  "ece": 0.19292097791798113,
  "discrimination": 0.9964774908992888,
  "roi": -0.3387,
  "edge_hit_rate": 0.2269,
  "health_score": 71.9,
  "model_weights": {
    "external_data": 0.0,
    "microstructure": 1.0
  },
  "approach": "time_series_heavy",
  "n_predictions": 3170,
  "timestamp": "2026-04-05T08:56:36.774545+00:00"
}