{
  "snapshot_id": "snap_323_1775380835",
  "cycle": 323,
  "brier_score": 0.06191994785245901,
  "ece": 0.19894114754098355,
  "discrimination": 0.9991471942691454,
  "roi": -0.3663,
  "edge_hit_rate": 0.2093,
  "health_score": 72.5,
  "model_weights": {
    "external_data": 0.0,
    "microstructure": 1.0
  },
  "approach": "time_series_heavy",
  "n_predictions": 610,
  "timestamp": "2026-04-05T09:20:35.756779+00:00"
}