{
  "snapshot_id": "snap_83_1775376195",
  "cycle": 83,
  "brier_score": 0.06860533673888888,
  "ece": 0.21126905555555558,
  "discrimination": 0.9982067840391544,
  "roi": -0.5197,
  "edge_hit_rate": 0.1402,
  "health_score": 71.7,
  "model_weights": {
    "external_data": 0.0,
    "microstructure": 1.0
  },
  "approach": "time_series_heavy",
  "n_predictions": 1800,
  "timestamp": "2026-04-05T08:03:15.839201+00:00"
}