{
  "snapshot_id": "snap_486_1775383934",
  "cycle": 486,
  "brier_score": 0.06410182236825397,
  "ece": 0.1887655238095238,
  "discrimination": 0.9978152804383956,
  "roi": -0.09,
  "edge_hit_rate": 0.3898,
  "health_score": 83.2,
  "model_weights": {
    "external_data": 0.0,
    "microstructure": 1.0
  },
  "approach": "time_series_heavy",
  "n_predictions": 3150,
  "timestamp": "2026-04-05T10:12:14.453319+00:00"
}