{
  "snapshot_id": "snap_427_1775382808",
  "cycle": 427,
  "brier_score": 0.06339887341626795,
  "ece": 0.19149326953748005,
  "discrimination": 0.9976598887040451,
  "roi": -0.2247,
  "edge_hit_rate": 0.2889,
  "health_score": 72.3,
  "model_weights": {
    "external_data": 0.0,
    "microstructure": 1.0
  },
  "approach": "time_series_heavy",
  "n_predictions": 3135,
  "timestamp": "2026-04-05T09:53:28.451515+00:00"
}