{
  "snapshot_id": "snap_727_1775388203",
  "cycle": 727,
  "brier_score": 0.062208571222259014,
  "ece": 0.1872233852268963,
  "discrimination": 0.9981091928429277,
  "roi": -0.1843,
  "edge_hit_rate": 0.3313,
  "health_score": 74.0,
  "model_weights": {
    "external_data": 0.0,
    "microstructure": 1.0
  },
  "approach": "time_series_heavy",
  "n_predictions": 3019,
  "timestamp": "2026-04-05T11:23:23.478325+00:00"
}