{
  "snapshot_id": "snap_6_1775374995",
  "cycle": 6,
  "brier_score": 0.06520693926666667,
  "ece": 0.1894133333333333,
  "discrimination": 0.9980322338830585,
  "roi": -0.0965,
  "edge_hit_rate": 0.3867,
  "health_score": 82.4,
  "model_weights": {
    "external_data": 0.0,
    "microstructure": 1.0
  },
  "approach": "microstructure_focus",
  "n_predictions": 300,
  "timestamp": "2026-04-05T07:43:15.256636+00:00"
}