{
  "snapshot_id": "snap_789_1775389275",
  "cycle": 789,
  "brier_score": 0.06304997185217391,
  "ece": 0.18759655072463766,
  "discrimination": 0.9976395593569324,
  "roi": -0.079,
  "edge_hit_rate": 0.4115,
  "health_score": 84.4,
  "model_weights": {
    "external_data": 0.0,
    "microstructure": 1.0
  },
  "approach": "time_series_heavy",
  "n_predictions": 3450,
  "timestamp": "2026-04-05T11:41:15.122461+00:00"
}