{
  "snapshot_id": "snap_740_1775388434",
  "cycle": 740,
  "brier_score": 0.062210154589371985,
  "ece": 0.18578304787000438,
  "discrimination": 0.9978305044037759,
  "roi": -0.1424,
  "edge_hit_rate": 0.3597,
  "health_score": 78.2,
  "model_weights": {
    "external_data": 0.0,
    "microstructure": 1.0
  },
  "approach": "time_series_heavy",
  "n_predictions": 2277,
  "timestamp": "2026-04-05T11:27:14.908978+00:00"
}