{
  "snapshot_id": "snap_35_1775375404",
  "cycle": 35,
  "brier_score": 0.06762323067428572,
  "ece": 0.20844194285714285,
  "discrimination": 0.9983199665673347,
  "roi": -0.2686,
  "edge_hit_rate": 0.273,
  "health_score": 71.8,
  "model_weights": {},
  "approach": "microstructure_focus",
  "n_predictions": 1750,
  "timestamp": "2026-04-05T07:50:04.683441+00:00"
}