{
  "snapshot_id": "snap_352_1775381369",
  "cycle": 352,
  "brier_score": 0.06547289472134596,
  "ece": 0.19069940413599717,
  "discrimination": 0.9970171750974915,
  "roi": -0.2623,
  "edge_hit_rate": 0.2744,
  "health_score": 72.0,
  "model_weights": {
    "external_data": 0.0,
    "microstructure": 1.0
  },
  "approach": "time_series_heavy",
  "n_predictions": 2853,
  "timestamp": "2026-04-05T09:29:29.091638+00:00"
}