{
  "snapshot_id": "snap_754_1775388675",
  "cycle": 754,
  "brier_score": 0.06340938800298063,
  "ece": 0.18536700447093887,
  "discrimination": 0.99740320819019,
  "roi": -0.084,
  "edge_hit_rate": 0.4122,
  "health_score": 83.9,
  "model_weights": {
    "external_data": 0.0,
    "microstructure": 1.0
  },
  "approach": "time_series_heavy",
  "n_predictions": 3355,
  "timestamp": "2026-04-05T11:31:15.097844+00:00"
}