{
  "snapshot_id": "snap_23_1775375226",
  "cycle": 23,
  "brier_score": 0.0678093802,
  "ece": 0.20836495652173917,
  "discrimination": 0.9989214628885185,
  "roi": -0.2595,
  "edge_hit_rate": 0.2787,
  "health_score": 71.8,
  "model_weights": {},
  "approach": "balanced",
  "n_predictions": 1150,
  "timestamp": "2026-04-05T07:47:06.098408+00:00"
}