{
  "snapshot_id": "snap_599_1775385991",
  "cycle": 599,
  "brier_score": 0.06304303451381782,
  "ece": 0.18783691572842032,
  "discrimination": 0.9977904402527649,
  "roi": -0.1273,
  "edge_hit_rate": 0.3666,
  "health_score": 79.6,
  "model_weights": {
    "external_data": 0.0,
    "microstructure": 1.0
  },
  "approach": "time_series_heavy",
  "n_predictions": 2931,
  "timestamp": "2026-04-05T10:46:31.830676+00:00"
}