{
  "snapshot_id": "snap_257_1775379601",
  "cycle": 257,
  "brier_score": 0.06480142910202767,
  "ece": 0.19323778564531696,
  "discrimination": 0.9974525769669205,
  "roi": -0.3968,
  "edge_hit_rate": 0.1966,
  "health_score": 72.1,
  "model_weights": {
    "external_data": 0.0,
    "microstructure": 1.0
  },
  "approach": "time_series_heavy",
  "n_predictions": 3107,
  "timestamp": "2026-04-05T09:00:01.234272+00:00"
}