{
  "snapshot_id": "snap_240_1775379296",
  "cycle": 240,
  "brier_score": 0.06730999618630315,
  "ece": 0.19555329438493999,
  "discrimination": 0.9968256561450434,
  "roi": -0.3369,
  "edge_hit_rate": 0.2287,
  "health_score": 71.8,
  "model_weights": {
    "external_data": 0.0,
    "microstructure": 1.0
  },
  "approach": "time_series_heavy",
  "n_predictions": 3081,
  "timestamp": "2026-04-05T08:54:56.488952+00:00"
}