{
  "snapshot_id": "snap_270_1775379836",
  "cycle": 270,
  "brier_score": 0.06456175936611375,
  "ece": 0.19084614928909951,
  "discrimination": 0.997664275444596,
  "roi": -0.192,
  "edge_hit_rate": 0.3193,
  "health_score": 73.0,
  "model_weights": {
    "external_data": 0.0,
    "microstructure": 1.0
  },
  "approach": "time_series_heavy",
  "n_predictions": 3376,
  "timestamp": "2026-04-05T09:03:56.964252+00:00"
}