{
  "snapshot_id": "snap_853_1775390404",
  "cycle": 853,
  "brier_score": 0.06434967237529692,
  "ece": 0.18099989820156095,
  "discrimination": 0.9925540926966906,
  "roi": -0.1144,
  "edge_hit_rate": 0.3741,
  "health_score": 80.5,
  "model_weights": {
    "external_data": 0.9387,
    "microstructure": 0.0613
  },
  "approach": "time_series_heavy",
  "n_predictions": 2947,
  "timestamp": "2026-04-05T12:00:04.340347+00:00"
}