{
  "snapshot_id": "snap_629_1775386525",
  "cycle": 629,
  "brier_score": 0.06295725107118176,
  "ece": 0.1882958534899793,
  "discrimination": 0.99752540633287,
  "roi": -0.1198,
  "edge_hit_rate": 0.3745,
  "health_score": 80.4,
  "model_weights": {
    "external_data": 0.0,
    "microstructure": 1.0
  },
  "approach": "time_series_heavy",
  "n_predictions": 2894,
  "timestamp": "2026-04-05T10:55:25.123088+00:00"
}