{
  "snapshot_id": "snap_305_1775380481",
  "cycle": 305,
  "brier_score": 0.06304706009708738,
  "ece": 0.20200174757281555,
  "discrimination": 0.998995288248337,
  "roi": -0.4726,
  "edge_hit_rate": 0.1651,
  "health_score": 72.4,
  "model_weights": {
    "external_data": 0.0,
    "microstructure": 1.0
  },
  "approach": "time_series_heavy",
  "n_predictions": 515,
  "timestamp": "2026-04-05T09:14:41.689045+00:00"
}