{
  "snapshot_id": "snap_820_1775389821",
  "cycle": 820,
  "brier_score": 0.06251909596723196,
  "ece": 0.18598404713998276,
  "discrimination": 0.9978419017012816,
  "roi": -0.0892,
  "edge_hit_rate": 0.4102,
  "health_score": 83.5,
  "model_weights": {
    "external_data": 0.0,
    "microstructure": 1.0
  },
  "approach": "time_series_heavy",
  "n_predictions": 3479,
  "timestamp": "2026-04-05T11:50:21.483712+00:00"
}