{
  "snapshot_id": "snap_225_1775378990",
  "cycle": 225,
  "brier_score": 0.06824253842236025,
  "ece": 0.2004666459627329,
  "discrimination": 0.9976068772871419,
  "roi": -0.3954,
  "edge_hit_rate": 0.2004,
  "health_score": 71.7,
  "model_weights": {
    "external_data": 0.0,
    "microstructure": 1.0
  },
  "approach": "time_series_heavy",
  "n_predictions": 3220,
  "timestamp": "2026-04-05T08:49:50.216138+00:00"
}