{
  "snapshot_id": "snap_410_1775382458",
  "cycle": 410,
  "brier_score": 0.06233583399479505,
  "ece": 0.19198555627846453,
  "discrimination": 0.9979251288002673,
  "roi": -0.2741,
  "edge_hit_rate": 0.2624,
  "health_score": 72.4,
  "model_weights": {
    "external_data": 0.0,
    "microstructure": 1.0
  },
  "approach": "time_series_heavy",
  "n_predictions": 3074,
  "timestamp": "2026-04-05T09:47:38.839606+00:00"
}