{
  "snapshot_id": "snap_625_1775386458",
  "cycle": 625,
  "brier_score": 0.06317641535211269,
  "ece": 0.18927162977867207,
  "discrimination": 0.9975745621480393,
  "roi": -0.1256,
  "edge_hit_rate": 0.372,
  "health_score": 79.8,
  "model_weights": {
    "external_data": 0.0,
    "microstructure": 1.0
  },
  "approach": "time_series_heavy",
  "n_predictions": 2982,
  "timestamp": "2026-04-05T10:54:18.942954+00:00"
}