{
  "snapshot_id": "snap_239_1775379278",
  "cycle": 239,
  "brier_score": 0.0675510778222368,
  "ece": 0.19693492948507704,
  "discrimination": 0.9968137995673627,
  "roi": -0.3482,
  "edge_hit_rate": 0.2228,
  "health_score": 71.8,
  "model_weights": {
    "external_data": 0.0,
    "microstructure": 1.0
  },
  "approach": "time_series_heavy",
  "n_predictions": 3049,
  "timestamp": "2026-04-05T08:54:38.667834+00:00"
}