{
  "snapshot_id": "snap_526_1775384698",
  "cycle": 526,
  "brier_score": 0.06376358596286313,
  "ece": 0.190212189278227,
  "discrimination": 0.9976751105066304,
  "roi": -0.1167,
  "edge_hit_rate": 0.3697,
  "health_score": 80.6,
  "model_weights": {
    "external_data": 0.0,
    "microstructure": 1.0
  },
  "approach": "time_series_heavy",
  "n_predictions": 3339,
  "timestamp": "2026-04-05T10:24:58.052396+00:00"
}