{
  "snapshot_id": "snap_207_1775378631",
  "cycle": 207,
  "brier_score": 0.06604745258416743,
  "ece": 0.20684049135577798,
  "discrimination": 0.998809063490836,
  "roi": -0.5817,
  "edge_hit_rate": 0.1234,
  "health_score": 72.0,
  "model_weights": {
    "external_data": 0.0,
    "microstructure": 1.0
  },
  "approach": "time_series_heavy",
  "n_predictions": 1099,
  "timestamp": "2026-04-05T08:43:51.811618+00:00"
}