{
  "snapshot_id": "snap_346_1775381253",
  "cycle": 346,
  "brier_score": 0.06584688494863014,
  "ece": 0.1915129794520548,
  "discrimination": 0.996982097078864,
  "roi": -0.2331,
  "edge_hit_rate": 0.2932,
  "health_score": 72.0,
  "model_weights": {
    "external_data": 0.0,
    "microstructure": 1.0
  },
  "approach": "time_series_heavy",
  "n_predictions": 2920,
  "timestamp": "2026-04-05T09:27:33.918776+00:00"
}