{
  "snapshot_id": "snap_426_1775382791",
  "cycle": 426,
  "brier_score": 0.06329235808653846,
  "ece": 0.19145298076923073,
  "discrimination": 0.9976671421807786,
  "roi": -0.2285,
  "edge_hit_rate": 0.2869,
  "health_score": 72.3,
  "model_weights": {
    "external_data": 0.0,
    "microstructure": 1.0
  },
  "approach": "time_series_heavy",
  "n_predictions": 3120,
  "timestamp": "2026-04-05T09:53:11.209920+00:00"
}