{
  "snapshot_id": "snap_749_1775388586",
  "cycle": 749,
  "brier_score": 0.06334121191824912,
  "ece": 0.18464084325716124,
  "discrimination": 0.9973624250724968,
  "roi": -0.1475,
  "edge_hit_rate": 0.3577,
  "health_score": 77.5,
  "model_weights": {
    "external_data": 0.0,
    "microstructure": 1.0
  },
  "approach": "time_series_heavy",
  "n_predictions": 3107,
  "timestamp": "2026-04-05T11:29:46.199849+00:00"
}