{
  "snapshot_id": "snap_706_1775387854",
  "cycle": 706,
  "brier_score": 0.06392473640483384,
  "ece": 0.18775404498153742,
  "discrimination": 0.9977189941374635,
  "roi": -0.1558,
  "edge_hit_rate": 0.3489,
  "health_score": 76.7,
  "model_weights": {
    "external_data": 0.0,
    "microstructure": 1.0
  },
  "approach": "time_series_heavy",
  "n_predictions": 2979,
  "timestamp": "2026-04-05T11:17:34.819889+00:00"
}