{
  "snapshot_id": "snap_169_1775377897",
  "cycle": 169,
  "brier_score": 0.06971698979923519,
  "ece": 0.20732103250478012,
  "discrimination": 0.9976592637295911,
  "roi": -0.3083,
  "edge_hit_rate": 0.2454,
  "health_score": 71.5,
  "model_weights": {
    "external_data": 0.0,
    "microstructure": 1.0
  },
  "approach": "time_series_heavy",
  "n_predictions": 4184,
  "timestamp": "2026-04-05T08:31:37.940945+00:00"
}