{
  "snapshot_id": "snap_216_1775378817",
  "cycle": 216,
  "brier_score": 0.06865444811791382,
  "ece": 0.20042562358276644,
  "discrimination": 0.9972466682249737,
  "roi": -0.3427,
  "edge_hit_rate": 0.2272,
  "health_score": 71.7,
  "model_weights": {
    "external_data": 0.0,
    "microstructure": 1.0
  },
  "approach": "time_series_heavy",
  "n_predictions": 3528,
  "timestamp": "2026-04-05T08:46:57.394480+00:00"
}