{
  "snapshot_id": "snap_62_1775375860",
  "cycle": 62,
  "brier_score": 0.06458130208,
  "ece": 0.20951333333333333,
  "discrimination": 0.9991399082568807,
  "roi": -0.5717,
  "edge_hit_rate": 0.1214,
  "health_score": 72.2,
  "model_weights": {
    "external_data": 0.0,
    "microstructure": 1.0
  },
  "approach": "time_series_heavy",
  "n_predictions": 750,
  "timestamp": "2026-04-05T07:57:40.625839+00:00"
}