{
  "snapshot_id": "snap_308_1775380536",
  "cycle": 308,
  "brier_score": 0.0653149912005988,
  "ece": 0.1948949401197605,
  "discrimination": 0.9977726132826011,
  "roi": -0.3376,
  "edge_hit_rate": 0.2373,
  "health_score": 72.1,
  "model_weights": {
    "external_data": 0.0,
    "microstructure": 1.0
  },
  "approach": "time_series_heavy",
  "n_predictions": 3340,
  "timestamp": "2026-04-05T09:15:36.748493+00:00"
}