{
  "snapshot_id": "snap_36_1775375422",
  "cycle": 36,
  "brier_score": 0.0676124548611111,
  "ece": 0.20825449999999998,
  "discrimination": 0.998318904932277,
  "roi": -0.2776,
  "edge_hit_rate": 0.2668,
  "health_score": 71.8,
  "model_weights": {
    "external_data": 0.0,
    "microstructure": 1.0
  },
  "approach": "conservative",
  "n_predictions": 1800,
  "timestamp": "2026-04-05T07:50:22.804306+00:00"
}