{
  "snapshot_id": "snap_788_1775389258",
  "cycle": 788,
  "brier_score": 0.06311414879058683,
  "ece": 0.18789171879654454,
  "discrimination": 0.9976006772852031,
  "roi": -0.0793,
  "edge_hit_rate": 0.4141,
  "health_score": 84.4,
  "model_weights": {
    "external_data": 0.0,
    "microstructure": 1.0
  },
  "approach": "time_series_heavy",
  "n_predictions": 3357,
  "timestamp": "2026-04-05T11:40:58.423306+00:00"
}