{
  "snapshot_id": "snap_399_1775382267",
  "cycle": 399,
  "brier_score": 0.06416394726360479,
  "ece": 0.1938477807796218,
  "discrimination": 0.9976256744390064,
  "roi": -0.2781,
  "edge_hit_rate": 0.2599,
  "health_score": 72.2,
  "model_weights": {
    "external_data": 0.0,
    "microstructure": 1.0
  },
  "approach": "time_series_heavy",
  "n_predictions": 2591,
  "timestamp": "2026-04-05T09:44:27.243722+00:00"
}