{
  "snapshot_id": "snap_47_1775375592",
  "cycle": 47,
  "brier_score": 0.06565329,
  "ece": 0.22410833333333335,
  "discrimination": 1.0,
  "roi": -0.2809,
  "edge_hit_rate": 0.2917,
  "health_score": 72.1,
  "model_weights": {},
  "approach": "time_series_heavy",
  "n_predictions": 24,
  "timestamp": "2026-04-05T07:53:12.724502+00:00"
}