{
  "snapshot_id": "snap_847_1775390492",
  "cycle": 847,
  "brier_score": 0.06757289826893355,
  "ece": 0.1763735394126739,
  "discrimination": 0.9879052408996001,
  "roi": -0.074,
  "edge_hit_rate": 0.4151,
  "health_score": 84.0,
  "model_weights": {
    "external_data": 0.0,
    "microstructure": 1.0
  },
  "approach": "time_series_heavy",
  "n_predictions": 3235,
  "timestamp": "2026-04-05T12:01:32.886498+00:00"
}