{
  "snapshot_id": "snap_201_1775378513",
  "cycle": 201,
  "brier_score": 0.06953240286254388,
  "ece": 0.20180723737510126,
  "discrimination": 0.9976140925279299,
  "roi": -0.2801,
  "edge_hit_rate": 0.2657,
  "health_score": 71.6,
  "model_weights": {
    "external_data": 0.0,
    "microstructure": 1.0
  },
  "approach": "time_series_heavy",
  "n_predictions": 3703,
  "timestamp": "2026-04-05T08:41:53.521723+00:00"
}