{
  "snapshot_id": "snap_166_1775377863",
  "cycle": 166,
  "brier_score": 0.07037598071703463,
  "ece": 0.2089655661332793,
  "discrimination": 0.9972229324696724,
  "roi": -0.3428,
  "edge_hit_rate": 0.2252,
  "health_score": 71.4,
  "model_weights": {
    "external_data": 0.0,
    "microstructure": 1.0
  },
  "approach": "time_series_heavy",
  "n_predictions": 4937,
  "timestamp": "2026-04-05T08:31:03.161014+00:00"
}