{
  "snapshot_id": "snap_547_1775385082",
  "cycle": 547,
  "brier_score": 0.06248346192585611,
  "ece": 0.18912174049638708,
  "discrimination": 0.9975257094567054,
  "roi": -0.0813,
  "edge_hit_rate": 0.4022,
  "health_score": 84.3,
  "model_weights": {
    "external_data": 0.0,
    "microstructure": 1.0
  },
  "approach": "time_series_heavy",
  "n_predictions": 3183,
  "timestamp": "2026-04-05T10:31:22.695710+00:00"
}