{
  "snapshot_id": "snap_154_1775377551",
  "cycle": 154,
  "brier_score": 0.07077691893644861,
  "ece": 0.21224480373831775,
  "discrimination": 0.9975141093455909,
  "roi": -0.382,
  "edge_hit_rate": 0.2053,
  "health_score": 71.4,
  "model_weights": {
    "external_data": 0.0,
    "microstructure": 1.0
  },
  "approach": "time_series_heavy",
  "n_predictions": 5350,
  "timestamp": "2026-04-05T08:25:51.624423+00:00"
}