{
  "snapshot_id": "snap_213_1775378739",
  "cycle": 213,
  "brier_score": 0.07099373799352751,
  "ece": 0.20910929264909847,
  "discrimination": 0.9971046587667395,
  "roi": -0.4338,
  "edge_hit_rate": 0.1807,
  "health_score": 71.4,
  "model_weights": {
    "external_data": 0.0,
    "microstructure": 1.0
  },
  "approach": "time_series_heavy",
  "n_predictions": 2163,
  "timestamp": "2026-04-05T08:45:39.534724+00:00"
}