{
  "snapshot_id": "snap_158_1775377653",
  "cycle": 158,
  "brier_score": 0.07047986315135135,
  "ece": 0.21177954954954958,
  "discrimination": 0.997588305354285,
  "roi": -0.3638,
  "edge_hit_rate": 0.2145,
  "health_score": 71.4,
  "model_weights": {
    "external_data": 0.0,
    "microstructure": 1.0
  },
  "approach": "time_series_heavy",
  "n_predictions": 5550,
  "timestamp": "2026-04-05T08:27:33.475616+00:00"
}