{
  "snapshot_id": "snap_716_1775388013",
  "cycle": 716,
  "brier_score": 0.06339616763190564,
  "ece": 0.18772268777157047,
  "discrimination": 0.9977979668614424,
  "roi": -0.1615,
  "edge_hit_rate": 0.3489,
  "health_score": 76.2,
  "model_weights": {
    "external_data": 0.0,
    "microstructure": 1.0
  },
  "approach": "time_series_heavy",
  "n_predictions": 3222,
  "timestamp": "2026-04-05T11:20:13.318974+00:00"
}