{
  "snapshot_id": "snap_489_1775383986",
  "cycle": 489,
  "brier_score": 0.06380845046967341,
  "ece": 0.1890074027993779,
  "discrimination": 0.997902791725246,
  "roi": -0.0883,
  "edge_hit_rate": 0.3909,
  "health_score": 83.4,
  "model_weights": {
    "external_data": 0.0,
    "microstructure": 1.0
  },
  "approach": "time_series_heavy",
  "n_predictions": 3215,
  "timestamp": "2026-04-05T10:13:06.178028+00:00"
}