{
  "snapshot_id": "snap_765_1775388857",
  "cycle": 765,
  "brier_score": 0.06300090033102144,
  "ece": 0.18754713114754096,
  "discrimination": 0.9977047745271287,
  "roi": -0.081,
  "edge_hit_rate": 0.408,
  "health_score": 84.2,
  "model_weights": {
    "external_data": 0.0,
    "microstructure": 1.0
  },
  "approach": "time_series_heavy",
  "n_predictions": 3172,
  "timestamp": "2026-04-05T11:34:17.133152+00:00"
}