{
  "snapshot_id": "snap_877_1775390823",
  "cycle": 877,
  "brier_score": 0.07253899069752894,
  "ece": 0.16778604942133246,
  "discrimination": 0.9758938279475571,
  "roi": -0.1221,
  "edge_hit_rate": 0.3681,
  "health_score": 78.1,
  "model_weights": {
    "external_data": 1.0,
    "microstructure": 0.0
  },
  "approach": "time_series_heavy",
  "n_predictions": 3197,
  "timestamp": "2026-04-05T12:07:03.310919+00:00"
}