{
  "snapshot_id": "snap_778_1775389076",
  "cycle": 778,
  "brier_score": 0.06298998407256572,
  "ece": 0.18714587189929657,
  "discrimination": 0.9976790946854582,
  "roi": -0.1189,
  "edge_hit_rate": 0.3768,
  "health_score": 80.5,
  "model_weights": {
    "external_data": 0.0,
    "microstructure": 1.0
  },
  "approach": "time_series_heavy",
  "n_predictions": 2701,
  "timestamp": "2026-04-05T11:37:56.588503+00:00"
}