{
  "snapshot_id": "snap_830_1775390002",
  "cycle": 830,
  "brier_score": 0.06277367112082928,
  "ece": 0.1849966634272757,
  "discrimination": 0.9975038709789662,
  "roi": -0.0903,
  "edge_hit_rate": 0.4044,
  "health_score": 83.3,
  "model_weights": {
    "external_data": 0.0,
    "microstructure": 1.0
  },
  "approach": "time_series_heavy",
  "n_predictions": 3087,
  "timestamp": "2026-04-05T11:53:22.617237+00:00"
}