{
  "snapshot_id": "snap_145_1775377343",
  "cycle": 145,
  "brier_score": 0.0706262804265306,
  "ece": 0.21294316326530616,
  "discrimination": 0.9974637664993493,
  "roi": -0.4278,
  "edge_hit_rate": 0.1812,
  "health_score": 71.4,
  "model_weights": {
    "external_data": 0.0,
    "microstructure": 1.0
  },
  "approach": "time_series_heavy",
  "n_predictions": 4900,
  "timestamp": "2026-04-05T08:22:23.636759+00:00"
}