{
  "snapshot_id": "snap_825_1775389910",
  "cycle": 825,
  "brier_score": 0.06287550220814479,
  "ece": 0.18601031674208143,
  "discrimination": 0.9975998724035051,
  "roi": -0.0813,
  "edge_hit_rate": 0.4163,
  "health_score": 84.2,
  "model_weights": {
    "external_data": 0.0,
    "microstructure": 1.0
  },
  "approach": "time_series_heavy",
  "n_predictions": 3315,
  "timestamp": "2026-04-05T11:51:50.975705+00:00"
}