{
  "snapshot_id": "snap_562_1775385349",
  "cycle": 562,
  "brier_score": 0.0627225724311491,
  "ece": 0.18668828743273186,
  "discrimination": 0.9970533634171519,
  "roi": -0.1414,
  "edge_hit_rate": 0.3491,
  "health_score": 78.2,
  "model_weights": {
    "external_data": 0.0,
    "microstructure": 1.0
  },
  "approach": "time_series_heavy",
  "n_predictions": 3159,
  "timestamp": "2026-04-05T10:35:49.104048+00:00"
}