{
  "snapshot_id": "snap_454_1775383332",
  "cycle": 454,
  "brier_score": 0.06359873903611186,
  "ece": 0.1870622590279663,
  "discrimination": 0.9971050779100614,
  "roi": -0.1175,
  "edge_hit_rate": 0.3824,
  "health_score": 80.5,
  "model_weights": {
    "external_data": 0.0,
    "microstructure": 1.0
  },
  "approach": "time_series_heavy",
  "n_predictions": 3683,
  "timestamp": "2026-04-05T10:02:12.889673+00:00"
}