{
  "snapshot_id": "snap_264_1775379723",
  "cycle": 264,
  "brier_score": 0.06565435445914168,
  "ece": 0.19234623750734858,
  "discrimination": 0.9974387379205314,
  "roi": -0.2087,
  "edge_hit_rate": 0.3097,
  "health_score": 72.0,
  "model_weights": {
    "external_data": 0.0,
    "microstructure": 1.0
  },
  "approach": "time_series_heavy",
  "n_predictions": 3402,
  "timestamp": "2026-04-05T09:02:03.652883+00:00"
}