{
  "snapshot_id": "snap_348_1775381286",
  "cycle": 348,
  "brier_score": 0.06562074838522067,
  "ece": 0.19155726992815597,
  "discrimination": 0.9970891966405839,
  "roi": -0.2388,
  "edge_hit_rate": 0.289,
  "health_score": 72.0,
  "model_weights": {
    "external_data": 0.0,
    "microstructure": 1.0
  },
  "approach": "time_series_heavy",
  "n_predictions": 2923,
  "timestamp": "2026-04-05T09:28:06.022013+00:00"
}