{
  "snapshot_id": "snap_9_1775375035",
  "cycle": 9,
  "brier_score": 0.06543260042222222,
  "ece": 0.19563933333333333,
  "discrimination": 0.9985513544835579,
  "roi": -0.1094,
  "edge_hit_rate": 0.3933,
  "health_score": 81.2,
  "model_weights": {},
  "approach": "aggressive_momentum",
  "n_predictions": 450,
  "timestamp": "2026-04-05T07:43:55.130298+00:00"
}