{
  "snapshot_id": "snap_753_1775388659",
  "cycle": 753,
  "brier_score": 0.06291337742719903,
  "ece": 0.18607105974181928,
  "discrimination": 0.9976144831490291,
  "roi": -0.0993,
  "edge_hit_rate": 0.3964,
  "health_score": 82.4,
  "model_weights": {
    "external_data": 0.0,
    "microstructure": 1.0
  },
  "approach": "time_series_heavy",
  "n_predictions": 3331,
  "timestamp": "2026-04-05T11:30:59.467155+00:00"
}