{
  "snapshot_id": "snap_187_1775378233",
  "cycle": 187,
  "brier_score": 0.06837360497672013,
  "ece": 0.20422943610967412,
  "discrimination": 0.9976451126356249,
  "roi": -0.3961,
  "edge_hit_rate": 0.1961,
  "health_score": 71.7,
  "model_weights": {
    "external_data": 0.0,
    "microstructure": 1.0
  },
  "approach": "time_series_heavy",
  "n_predictions": 3866,
  "timestamp": "2026-04-05T08:37:13.058972+00:00"
}