{
  "snapshot_id": "snap_528_1775384731",
  "cycle": 528,
  "brier_score": 0.0632830082244143,
  "ece": 0.19039044389642418,
  "discrimination": 0.9976965575494303,
  "roi": -0.1472,
  "edge_hit_rate": 0.3407,
  "health_score": 77.6,
  "model_weights": {
    "external_data": 0.0,
    "microstructure": 1.0
  },
  "approach": "time_series_heavy",
  "n_predictions": 3244,
  "timestamp": "2026-04-05T10:25:31.974956+00:00"
}