{
  "snapshot_id": "snap_239_1775379264",
  "cycle": 239,
  "brier_score": 0.06450015454716981,
  "ece": 0.20481867924528302,
  "discrimination": 0.998814604077762,
  "roi": -0.5616,
  "edge_hit_rate": 0.1259,
  "health_score": 72.2,
  "model_weights": {
    "external_data": 0.0,
    "microstructure": 1.0
  },
  "approach": "time_series_heavy",
  "n_predictions": 530,
  "timestamp": "2026-04-05T08:54:24.824452+00:00"
}