{
  "snapshot_id": "snap_511_1775384429",
  "cycle": 511,
  "brier_score": 0.06314294493765588,
  "ece": 0.18745608201717928,
  "discrimination": 0.9973214122234519,
  "roi": -0.1175,
  "edge_hit_rate": 0.372,
  "health_score": 80.6,
  "model_weights": {
    "external_data": 0.0,
    "microstructure": 1.0
  },
  "approach": "time_series_heavy",
  "n_predictions": 3609,
  "timestamp": "2026-04-05T10:20:29.768867+00:00"
}