{
  "snapshot_id": "snap_831_1775390017",
  "cycle": 831,
  "brier_score": 0.0624556572565245,
  "ece": 0.1849649267982177,
  "discrimination": 0.9975729999072511,
  "roi": -0.0903,
  "edge_hit_rate": 0.4044,
  "health_score": 83.4,
  "model_weights": {
    "external_data": 0.0,
    "microstructure": 1.0
  },
  "approach": "time_series_heavy",
  "n_predictions": 3142,
  "timestamp": "2026-04-05T11:53:37.801041+00:00"
}