{
  "snapshot_id": "snap_453_1775383313",
  "cycle": 453,
  "brier_score": 0.06380504834126985,
  "ece": 0.18792277777777777,
  "discrimination": 0.9972295837978048,
  "roi": -0.222,
  "edge_hit_rate": 0.2963,
  "health_score": 72.2,
  "model_weights": {
    "external_data": 0.0,
    "microstructure": 1.0
  },
  "approach": "time_series_heavy",
  "n_predictions": 2520,
  "timestamp": "2026-04-05T10:01:53.280771+00:00"
}