{
  "snapshot_id": "snap_865_1775390615",
  "cycle": 865,
  "brier_score": 0.06701843249315902,
  "ece": 0.17734335664335663,
  "discrimination": 0.9871682493304115,
  "roi": -0.0901,
  "edge_hit_rate": 0.4,
  "health_score": 82.4,
  "model_weights": {
    "external_data": 1.0,
    "microstructure": 0.0
  },
  "approach": "time_series_heavy",
  "n_predictions": 3289,
  "timestamp": "2026-04-05T12:03:35.696123+00:00"
}