{
  "snapshot_id": "snap_748_1775388572",
  "cycle": 748,
  "brier_score": 0.06348270093132644,
  "ece": 0.18428400752587018,
  "discrimination": 0.997389653535833,
  "roi": -0.1475,
  "edge_hit_rate": 0.3577,
  "health_score": 77.5,
  "model_weights": {
    "external_data": 0.0,
    "microstructure": 1.0
  },
  "approach": "time_series_heavy",
  "n_predictions": 3189,
  "timestamp": "2026-04-05T11:29:32.444329+00:00"
}