{
  "snapshot_id": "snap_11_1775375062",
  "cycle": 11,
  "brier_score": 0.06676935378181817,
  "ece": 0.1976472727272727,
  "discrimination": 0.9985239139731545,
  "roi": -0.1029,
  "edge_hit_rate": 0.3982,
  "health_score": 81.6,
  "model_weights": {
    "external_data": 0.0,
    "microstructure": 1.0
  },
  "approach": "time_series_heavy",
  "n_predictions": 550,
  "timestamp": "2026-04-05T07:44:22.787894+00:00"
}