{
  "snapshot_id": "snap_101_1775376483",
  "cycle": 101,
  "brier_score": 0.06927169004814814,
  "ece": 0.21285892592592595,
  "discrimination": 0.9979991770457933,
  "roi": -0.567,
  "edge_hit_rate": 0.1218,
  "health_score": 71.6,
  "model_weights": {
    "external_data": 0.0,
    "microstructure": 1.0
  },
  "approach": "time_series_heavy",
  "n_predictions": 2700,
  "timestamp": "2026-04-05T08:08:03.156714+00:00"
}