{
  "snapshot_id": "snap_404_1775382357",
  "cycle": 404,
  "brier_score": 0.06268892583129157,
  "ece": 0.1930984949247462,
  "discrimination": 0.997893442166463,
  "roi": -0.273,
  "edge_hit_rate": 0.2634,
  "health_score": 72.4,
  "model_weights": {
    "external_data": 0.0,
    "microstructure": 1.0
  },
  "approach": "time_series_heavy",
  "n_predictions": 2857,
  "timestamp": "2026-04-05T09:45:57.049396+00:00"
}