{
  "snapshot_id": "snap_683_1775387442",
  "cycle": 683,
  "brier_score": 0.06260315847547974,
  "ece": 0.18929875621890546,
  "discrimination": 0.997991108439728,
  "roi": -0.1599,
  "edge_hit_rate": 0.3395,
  "health_score": 76.4,
  "model_weights": {
    "external_data": 0.0,
    "microstructure": 1.0
  },
  "approach": "time_series_heavy",
  "n_predictions": 2814,
  "timestamp": "2026-04-05T11:10:42.137207+00:00"
}