{
  "snapshot_id": "snap_598_1775385974",
  "cycle": 598,
  "brier_score": 0.06302178398577718,
  "ece": 0.18891442600745,
  "discrimination": 0.9978921183555904,
  "roi": -0.1286,
  "edge_hit_rate": 0.3657,
  "health_score": 79.5,
  "model_weights": {
    "external_data": 0.0,
    "microstructure": 1.0
  },
  "approach": "time_series_heavy",
  "n_predictions": 2953,
  "timestamp": "2026-04-05T10:46:14.479132+00:00"
}