{
  "snapshot_id": "snap_180_1775378110",
  "cycle": 180,
  "brier_score": 0.07007412918918919,
  "ece": 0.20638312705228595,
  "discrimination": 0.9972060874286629,
  "roi": -0.3602,
  "edge_hit_rate": 0.2133,
  "health_score": 71.5,
  "model_weights": {
    "external_data": 0.0,
    "microstructure": 1.0
  },
  "approach": "time_series_heavy",
  "n_predictions": 3959,
  "timestamp": "2026-04-05T08:35:10.071726+00:00"
}