{
  "snapshot_id": "snap_662_1775387083",
  "cycle": 662,
  "brier_score": 0.06389751188979159,
  "ece": 0.18636722006358175,
  "discrimination": 0.9971942423837108,
  "roi": -0.164,
  "edge_hit_rate": 0.3327,
  "health_score": 75.8,
  "model_weights": {
    "external_data": 0.0,
    "microstructure": 1.0
  },
  "approach": "time_series_heavy",
  "n_predictions": 2831,
  "timestamp": "2026-04-05T11:04:43.946490+00:00"
}