{
  "snapshot_id": "snap_605_1775386098",
  "cycle": 605,
  "brier_score": 0.0628942904468599,
  "ece": 0.18691195652173911,
  "discrimination": 0.9976751707575504,
  "roi": -0.1269,
  "edge_hit_rate": 0.3675,
  "health_score": 79.7,
  "model_weights": {
    "external_data": 0.0,
    "microstructure": 1.0
  },
  "approach": "time_series_heavy",
  "n_predictions": 2484,
  "timestamp": "2026-04-05T10:48:18.299568+00:00"
}