{
  "snapshot_id": "snap_843_1775390340",
  "cycle": 843,
  "brier_score": 0.06655998927640155,
  "ece": 0.17935730117340284,
  "discrimination": 0.988795020478248,
  "roi": -0.1278,
  "edge_hit_rate": 0.3606,
  "health_score": 78.8,
  "model_weights": {
    "external_data": 0.9369,
    "microstructure": 0.0631
  },
  "approach": "time_series_heavy",
  "n_predictions": 3068,
  "timestamp": "2026-04-05T11:59:00.745319+00:00"
}