{
  "snapshot_id": "snap_654_1775386959",
  "cycle": 654,
  "brier_score": 0.0635346020717423,
  "ece": 0.18698938506588583,
  "discrimination": 0.997677657790097,
  "roi": -0.1349,
  "edge_hit_rate": 0.3579,
  "health_score": 78.8,
  "model_weights": {
    "external_data": 0.0,
    "microstructure": 1.0
  },
  "approach": "time_series_heavy",
  "n_predictions": 2732,
  "timestamp": "2026-04-05T11:02:39.801522+00:00"
}