{
  "snapshot_id": "snap_412_1775382506",
  "cycle": 412,
  "brier_score": 0.06226321725465447,
  "ece": 0.1920664562953613,
  "discrimination": 0.9979377497551235,
  "roi": -0.3168,
  "edge_hit_rate": 0.2374,
  "health_score": 72.4,
  "model_weights": {
    "external_data": 0.0,
    "microstructure": 1.0
  },
  "approach": "time_series_heavy",
  "n_predictions": 3169,
  "timestamp": "2026-04-05T09:48:26.096399+00:00"
}