{
  "snapshot_id": "snap_349_1775381308",
  "cycle": 349,
  "brier_score": 0.06604093097273397,
  "ece": 0.19044716285924834,
  "discrimination": 0.9968782150265073,
  "roi": -0.2388,
  "edge_hit_rate": 0.289,
  "health_score": 72.0,
  "model_weights": {
    "external_data": 0.0,
    "microstructure": 1.0
  },
  "approach": "time_series_heavy",
  "n_predictions": 2714,
  "timestamp": "2026-04-05T09:28:28.475284+00:00"
}