{
  "snapshot_id": "snap_582_1775385705",
  "cycle": 582,
  "brier_score": 0.06357652811900827,
  "ece": 0.19131702479338847,
  "discrimination": 0.9977438300430762,
  "roi": -0.0741,
  "edge_hit_rate": 0.415,
  "health_score": 84.9,
  "model_weights": {
    "external_data": 0.0,
    "microstructure": 1.0
  },
  "approach": "time_series_heavy",
  "n_predictions": 3025,
  "timestamp": "2026-04-05T10:41:45.985227+00:00"
}