{
  "snapshot_id": "snap_212_1775378728",
  "cycle": 212,
  "brier_score": 0.06863418756226194,
  "ece": 0.2003826838558453,
  "discrimination": 0.9972415390629147,
  "roi": -0.3255,
  "edge_hit_rate": 0.2366,
  "health_score": 71.7,
  "model_weights": {
    "external_data": 0.0,
    "microstructure": 1.0
  },
  "approach": "time_series_heavy",
  "n_predictions": 3413,
  "timestamp": "2026-04-05T08:45:28.037673+00:00"
}