{
  "snapshot_id": "snap_552_1775385167",
  "cycle": 552,
  "brier_score": 0.06285600213696117,
  "ece": 0.18772121675328643,
  "discrimination": 0.9972924036094157,
  "roi": -0.1089,
  "edge_hit_rate": 0.3803,
  "health_score": 81.5,
  "model_weights": {
    "external_data": 0.0,
    "microstructure": 1.0
  },
  "approach": "time_series_heavy",
  "n_predictions": 3271,
  "timestamp": "2026-04-05T10:32:47.577944+00:00"
}