{
  "snapshot_id": "snap_412_1775382509",
  "cycle": 412,
  "brier_score": 0.06238497807293304,
  "ece": 0.19187554228230114,
  "discrimination": 0.997876172338688,
  "roi": -0.3168,
  "edge_hit_rate": 0.2374,
  "health_score": 72.4,
  "model_weights": {
    "external_data": 0.0,
    "microstructure": 1.0
  },
  "approach": "time_series_heavy",
  "n_predictions": 3181,
  "timestamp": "2026-04-05T09:48:29.363786+00:00"
}