{
  "snapshot_id": "snap_703_1775387795",
  "cycle": 703,
  "brier_score": 0.06359591142405063,
  "ece": 0.18637837552742617,
  "discrimination": 0.9976265343616249,
  "roi": -0.1527,
  "edge_hit_rate": 0.351,
  "health_score": 77.0,
  "model_weights": {
    "external_data": 0.1859,
    "microstructure": 0.8141
  },
  "approach": "time_series_heavy",
  "n_predictions": 2844,
  "timestamp": "2026-04-05T11:16:35.310934+00:00"
}