{
  "snapshot_id": "snap_21_1775375197",
  "cycle": 21,
  "brier_score": 0.06958391649523811,
  "ece": 0.21013600000000004,
  "discrimination": 0.9987967920625298,
  "roi": -0.2595,
  "edge_hit_rate": 0.2787,
  "health_score": 71.6,
  "model_weights": {
    "external_data": 0.0,
    "microstructure": 1.0
  },
  "approach": "balanced",
  "n_predictions": 1050,
  "timestamp": "2026-04-05T07:46:37.391610+00:00"
}