{
  "snapshot_id": "snap_714_1775387975",
  "cycle": 714,
  "brier_score": 0.06303474011993516,
  "ece": 0.18703478119935174,
  "discrimination": 0.9979487973627019,
  "roi": -0.1633,
  "edge_hit_rate": 0.3429,
  "health_score": 76.0,
  "model_weights": {
    "external_data": 0.0,
    "microstructure": 1.0
  },
  "approach": "time_series_heavy",
  "n_predictions": 3085,
  "timestamp": "2026-04-05T11:19:35.394382+00:00"
}