{
  "snapshot_id": "snap_593_1775385892",
  "cycle": 593,
  "brier_score": 0.06251580873586846,
  "ece": 0.18925255224391915,
  "discrimination": 0.9979625958438112,
  "roi": -0.1251,
  "edge_hit_rate": 0.3672,
  "health_score": 79.9,
  "model_weights": {
    "external_data": 0.0,
    "microstructure": 1.0
  },
  "approach": "time_series_heavy",
  "n_predictions": 2919,
  "timestamp": "2026-04-05T10:44:52.127840+00:00"
}