{
  "snapshot_id": "snap_673_1775387271",
  "cycle": 673,
  "brier_score": 0.06314290665530173,
  "ece": 0.18761513808387312,
  "discrimination": 0.9975787724895694,
  "roi": -0.1774,
  "edge_hit_rate": 0.323,
  "health_score": 74.6,
  "model_weights": {
    "external_data": 0.0,
    "microstructure": 1.0
  },
  "approach": "time_series_heavy",
  "n_predictions": 2933,
  "timestamp": "2026-04-05T11:07:51.129286+00:00"
}