{
  "snapshot_id": "snap_384_1775381986",
  "cycle": 384,
  "brier_score": 0.06506917568620038,
  "ece": 0.193181965973535,
  "discrimination": 0.9973277449672954,
  "roi": -0.3302,
  "edge_hit_rate": 0.2333,
  "health_score": 72.1,
  "model_weights": {
    "external_data": 0.0,
    "microstructure": 1.0
  },
  "approach": "time_series_heavy",
  "n_predictions": 2645,
  "timestamp": "2026-04-05T09:39:46.162627+00:00"
}