{
  "snapshot_id": "snap_690_1775387595",
  "cycle": 690,
  "brier_score": 0.05896096244411327,
  "ece": 0.18739701937406855,
  "discrimination": 0.9982744783306581,
  "roi": -0.1081,
  "edge_hit_rate": 0.34,
  "health_score": 82.0,
  "model_weights": {
    "external_data": 0.0,
    "microstructure": 1.0
  },
  "approach": "time_series_heavy",
  "n_predictions": 671,
  "timestamp": "2026-04-05T11:13:15.351989+00:00"
}