{
  "snapshot_id": "snap_70_1775375996",
  "cycle": 70,
  "brier_score": 0.06540320172173912,
  "ece": 0.20856539130434784,
  "discrimination": 0.9990645666550644,
  "roi": -0.5717,
  "edge_hit_rate": 0.1214,
  "health_score": 72.1,
  "model_weights": {
    "external_data": 0.0,
    "microstructure": 1.0
  },
  "approach": "time_series_heavy",
  "n_predictions": 1150,
  "timestamp": "2026-04-05T07:59:56.903002+00:00"
}