{
  "snapshot_id": "snap_712_1775387943",
  "cycle": 712,
  "brier_score": 0.06328075922935779,
  "ece": 0.19111767584097858,
  "discrimination": 0.9979930328801323,
  "roi": -0.157,
  "edge_hit_rate": 0.3508,
  "health_score": 76.6,
  "model_weights": {
    "external_data": 0.0,
    "microstructure": 1.0
  },
  "approach": "time_series_heavy",
  "n_predictions": 1635,
  "timestamp": "2026-04-05T11:19:03.728104+00:00"
}