{
  "snapshot_id": "snap_335_1775381059",
  "cycle": 335,
  "brier_score": 0.06454821503095104,
  "ece": 0.1917489589195273,
  "discrimination": 0.9973344952061947,
  "roi": -0.1993,
  "edge_hit_rate": 0.3118,
  "health_score": 72.2,
  "model_weights": {
    "external_data": 0.0,
    "microstructure": 1.0
  },
  "approach": "time_series_heavy",
  "n_predictions": 3554,
  "timestamp": "2026-04-05T09:24:19.535702+00:00"
}