{
  "snapshot_id": "snap_389_1775382071",
  "cycle": 389,
  "brier_score": 0.06584788111573112,
  "ece": 0.19395516285516284,
  "discrimination": 0.997350287469829,
  "roi": -0.2859,
  "edge_hit_rate": 0.2566,
  "health_score": 72.0,
  "model_weights": {
    "external_data": 0.0,
    "microstructure": 1.0
  },
  "approach": "time_series_heavy",
  "n_predictions": 2886,
  "timestamp": "2026-04-05T09:41:11.708358+00:00"
}