{
  "snapshot_id": "snap_745_1775388519",
  "cycle": 745,
  "brier_score": 0.0639086336044657,
  "ece": 0.18547480063795851,
  "discrimination": 0.9973900656509352,
  "roi": -0.1475,
  "edge_hit_rate": 0.3577,
  "health_score": 77.5,
  "model_weights": {
    "external_data": 0.0,
    "microstructure": 1.0
  },
  "approach": "time_series_heavy",
  "n_predictions": 3135,
  "timestamp": "2026-04-05T11:28:39.778084+00:00"
}