{
  "snapshot_id": "snap_335_1775381042",
  "cycle": 335,
  "brier_score": 0.06589774044642857,
  "ece": 0.19230885989010987,
  "discrimination": 0.9969298782561382,
  "roi": -0.4661,
  "edge_hit_rate": 0.1667,
  "health_score": 72.0,
  "model_weights": {
    "external_data": 0.0,
    "microstructure": 1.0
  },
  "approach": "time_series_heavy",
  "n_predictions": 1456,
  "timestamp": "2026-04-05T09:24:02.565072+00:00"
}