{
  "snapshot_id": "snap_567_1775385430",
  "cycle": 567,
  "brier_score": 0.0625495092518076,
  "ece": 0.18762008802263438,
  "discrimination": 0.9972653327023496,
  "roi": -0.1424,
  "edge_hit_rate": 0.3499,
  "health_score": 78.1,
  "model_weights": {
    "external_data": 0.0,
    "microstructure": 1.0
  },
  "approach": "time_series_heavy",
  "n_predictions": 3181,
  "timestamp": "2026-04-05T10:37:10.786567+00:00"
}