{
  "snapshot_id": "snap_236_1775379214",
  "cycle": 236,
  "brier_score": 0.06813313727529856,
  "ece": 0.19848984915147705,
  "discrimination": 0.9969785238444241,
  "roi": -0.3198,
  "edge_hit_rate": 0.2374,
  "health_score": 71.7,
  "model_weights": {
    "external_data": 0.0,
    "microstructure": 1.0
  },
  "approach": "time_series_heavy",
  "n_predictions": 3182,
  "timestamp": "2026-04-05T08:53:34.861218+00:00"
}