{
  "snapshot_id": "snap_760_1775388779",
  "cycle": 760,
  "brier_score": 0.06307204186335404,
  "ece": 0.18945178162798298,
  "discrimination": 0.9978064037831365,
  "roi": -0.0814,
  "edge_hit_rate": 0.4083,
  "health_score": 84.2,
  "model_weights": {
    "external_data": 0.0,
    "microstructure": 1.0
  },
  "approach": "time_series_heavy",
  "n_predictions": 3059,
  "timestamp": "2026-04-05T11:32:59.364697+00:00"
}