{
  "snapshot_id": "snap_759_1775388755",
  "cycle": 759,
  "brier_score": 0.06333391823457168,
  "ece": 0.18837264353699723,
  "discrimination": 0.9977187332259796,
  "roi": -0.0844,
  "edge_hit_rate": 0.4104,
  "health_score": 83.9,
  "model_weights": {
    "external_data": 0.0,
    "microstructure": 1.0
  },
  "approach": "time_series_heavy",
  "n_predictions": 3257,
  "timestamp": "2026-04-05T11:32:35.631708+00:00"
}