{
  "snapshot_id": "snap_364_1775381602",
  "cycle": 364,
  "brier_score": 0.06520907380322581,
  "ece": 0.1933362258064516,
  "discrimination": 0.9975052169973859,
  "roi": -0.2583,
  "edge_hit_rate": 0.272,
  "health_score": 72.1,
  "model_weights": {
    "external_data": 0.0,
    "microstructure": 1.0
  },
  "approach": "time_series_heavy",
  "n_predictions": 3100,
  "timestamp": "2026-04-05T09:33:22.239712+00:00"
}