{
  "snapshot_id": "snap_12_1775375077",
  "cycle": 12,
  "brier_score": 0.0659411125,
  "ece": 0.19641233333333336,
  "discrimination": 0.9986841497760746,
  "roi": -0.0993,
  "edge_hit_rate": 0.4033,
  "health_score": 82.1,
  "model_weights": {},
  "approach": "microstructure_focus",
  "n_predictions": 600,
  "timestamp": "2026-04-05T07:44:37.014947+00:00"
}