{
  "snapshot_id": "snap_616_1775386292",
  "cycle": 616,
  "brier_score": 0.06433455169799498,
  "ece": 0.1896431704260652,
  "discrimination": 0.9975306777632359,
  "roi": -0.0885,
  "edge_hit_rate": 0.4074,
  "health_score": 83.3,
  "model_weights": {
    "external_data": 0.0,
    "microstructure": 1.0
  },
  "approach": "time_series_heavy",
  "n_predictions": 3192,
  "timestamp": "2026-04-05T10:51:32.610382+00:00"
}