{
  "snapshot_id": "snap_871_1775390725",
  "cycle": 871,
  "brier_score": 0.06977440068398554,
  "ece": 0.17344695823742193,
  "discrimination": 0.9820150340402584,
  "roi": -0.0986,
  "edge_hit_rate": 0.3895,
  "health_score": 81.0,
  "model_weights": {
    "external_data": 1.0,
    "microstructure": 0.0
  },
  "approach": "time_series_heavy",
  "n_predictions": 3041,
  "timestamp": "2026-04-05T12:05:25.076769+00:00"
}