{
  "snapshot_id": "snap_387_1775382039",
  "cycle": 387,
  "brier_score": 0.06526130348928572,
  "ece": 0.19284882142857146,
  "discrimination": 0.9973112151856764,
  "roi": -0.3251,
  "edge_hit_rate": 0.2324,
  "health_score": 72.1,
  "model_weights": {
    "external_data": 0.0,
    "microstructure": 1.0
  },
  "approach": "time_series_heavy",
  "n_predictions": 2800,
  "timestamp": "2026-04-05T09:40:39.302405+00:00"
}