{
  "snapshot_id": "snap_265_1775379739",
  "cycle": 265,
  "brier_score": 0.06517372932407406,
  "ece": 0.1922259567901235,
  "discrimination": 0.9974079837696396,
  "roi": -0.2035,
  "edge_hit_rate": 0.3103,
  "health_score": 72.1,
  "model_weights": {
    "external_data": 0.0,
    "microstructure": 1.0
  },
  "approach": "time_series_heavy",
  "n_predictions": 3240,
  "timestamp": "2026-04-05T09:02:19.457722+00:00"
}