{
  "snapshot_id": "snap_190_1775378290",
  "cycle": 190,
  "brier_score": 0.0681804235496281,
  "ece": 0.20202431392664788,
  "discrimination": 0.9975863750131977,
  "roi": -0.3865,
  "edge_hit_rate": 0.2012,
  "health_score": 71.7,
  "model_weights": {
    "external_data": 0.0,
    "microstructure": 1.0
  },
  "approach": "time_series_heavy",
  "n_predictions": 3899,
  "timestamp": "2026-04-05T08:38:10.982324+00:00"
}