{
  "snapshot_id": "snap_219_1775378874",
  "cycle": 219,
  "brier_score": 0.06849680411713287,
  "ece": 0.20054950466200466,
  "discrimination": 0.9973871433977362,
  "roi": -0.3715,
  "edge_hit_rate": 0.2122,
  "health_score": 71.7,
  "model_weights": {
    "external_data": 0.0,
    "microstructure": 1.0
  },
  "approach": "time_series_heavy",
  "n_predictions": 3432,
  "timestamp": "2026-04-05T08:47:54.600206+00:00"
}