{
  "snapshot_id": "snap_581_1775385702",
  "cycle": 581,
  "brier_score": 0.06368409052614053,
  "ece": 0.19124958374958373,
  "discrimination": 0.9977185876121232,
  "roi": -0.0779,
  "edge_hit_rate": 0.4116,
  "health_score": 84.5,
  "model_weights": {
    "external_data": 0.0,
    "microstructure": 1.0
  },
  "approach": "time_series_heavy",
  "n_predictions": 3003,
  "timestamp": "2026-04-05T10:41:42.466985+00:00"
}