{
  "snapshot_id": "snap_757_1775388729",
  "cycle": 757,
  "brier_score": 0.06341370776307692,
  "ece": 0.18870624615384618,
  "discrimination": 0.9975634643296263,
  "roi": -0.0791,
  "edge_hit_rate": 0.4136,
  "health_score": 84.4,
  "model_weights": {
    "external_data": 0.0,
    "microstructure": 1.0
  },
  "approach": "time_series_heavy",
  "n_predictions": 3250,
  "timestamp": "2026-04-05T11:32:09.862907+00:00"
}