{
  "snapshot_id": "snap_851_1775390358",
  "cycle": 851,
  "brier_score": 0.06635932380039013,
  "ece": 0.17857825097529256,
  "discrimination": 0.9887960077854294,
  "roi": -0.1265,
  "edge_hit_rate": 0.3617,
  "health_score": 78.9,
  "model_weights": {
    "external_data": 0.9387,
    "microstructure": 0.0613
  },
  "approach": "time_series_heavy",
  "n_predictions": 3076,
  "timestamp": "2026-04-05T11:59:18.042980+00:00"
}