{
  "snapshot_id": "snap_676_1775387343",
  "cycle": 676,
  "brier_score": 0.06299802530076437,
  "ece": 0.18587813226985705,
  "discrimination": 0.997481374038689,
  "roi": -0.1774,
  "edge_hit_rate": 0.323,
  "health_score": 74.6,
  "model_weights": {
    "external_data": 0.0,
    "microstructure": 1.0
  },
  "approach": "time_series_heavy",
  "n_predictions": 3009,
  "timestamp": "2026-04-05T11:09:03.228638+00:00"
}