{
  "snapshot_id": "snap_156_1775377612",
  "cycle": 156,
  "brier_score": 0.0708227196293578,
  "ece": 0.2122937981651376,
  "discrimination": 0.9975277715009115,
  "roi": -0.3783,
  "edge_hit_rate": 0.207,
  "health_score": 71.4,
  "model_weights": {
    "external_data": 0.0,
    "microstructure": 1.0
  },
  "approach": "time_series_heavy",
  "n_predictions": 5450,
  "timestamp": "2026-04-05T08:26:52.971690+00:00"
}