{
  "snapshot_id": "snap_243_1775379342",
  "cycle": 243,
  "brier_score": 0.06712340828544949,
  "ece": 0.19367364843991347,
  "discrimination": 0.9964950659089085,
  "roi": -0.3364,
  "edge_hit_rate": 0.2289,
  "health_score": 71.8,
  "model_weights": {
    "external_data": 0.0,
    "microstructure": 1.0
  },
  "approach": "time_series_heavy",
  "n_predictions": 3237,
  "timestamp": "2026-04-05T08:55:42.384189+00:00"
}