{
  "snapshot_id": "snap_449_1775383235",
  "cycle": 449,
  "brier_score": 0.06342545894523874,
  "ece": 0.1877531427029943,
  "discrimination": 0.9971672200098712,
  "roi": -0.1938,
  "edge_hit_rate": 0.3151,
  "health_score": 72.9,
  "model_weights": {
    "external_data": 0.0,
    "microstructure": 1.0
  },
  "approach": "time_series_heavy",
  "n_predictions": 3707,
  "timestamp": "2026-04-05T10:00:35.969992+00:00"
}