{
  "snapshot_id": "snap_446_1775383180",
  "cycle": 446,
  "brier_score": 0.06303821653252481,
  "ece": 0.18790220507166483,
  "discrimination": 0.9971780419827805,
  "roi": -0.2504,
  "edge_hit_rate": 0.2771,
  "health_score": 72.3,
  "model_weights": {
    "external_data": 0.0,
    "microstructure": 1.0
  },
  "approach": "time_series_heavy",
  "n_predictions": 3628,
  "timestamp": "2026-04-05T09:59:40.276778+00:00"
}