{
  "snapshot_id": "snap_563_1775385365",
  "cycle": 563,
  "brier_score": 0.06317372986317668,
  "ece": 0.18833610945865556,
  "discrimination": 0.9971714970581826,
  "roi": -0.1356,
  "edge_hit_rate": 0.3478,
  "health_score": 78.7,
  "model_weights": {
    "external_data": 0.0,
    "microstructure": 1.0
  },
  "approach": "time_series_heavy",
  "n_predictions": 1681,
  "timestamp": "2026-04-05T10:36:05.651772+00:00"
}