{
  "snapshot_id": "snap_184_1775378176",
  "cycle": 184,
  "brier_score": 0.06876716746478874,
  "ece": 0.2046943158953723,
  "discrimination": 0.9973567811692735,
  "roi": -0.3924,
  "edge_hit_rate": 0.198,
  "health_score": 71.6,
  "model_weights": {
    "external_data": 0.0,
    "microstructure": 1.0
  },
  "approach": "time_series_heavy",
  "n_predictions": 3976,
  "timestamp": "2026-04-05T08:36:16.653768+00:00"
}