{
  "snapshot_id": "snap_542_1775384995",
  "cycle": 542,
  "brier_score": 0.06249602313764511,
  "ece": 0.18938547263681596,
  "discrimination": 0.9975227925655337,
  "roi": -0.1602,
  "edge_hit_rate": 0.3266,
  "health_score": 76.4,
  "model_weights": {
    "external_data": 0.0,
    "microstructure": 1.0
  },
  "approach": "time_series_heavy",
  "n_predictions": 3015,
  "timestamp": "2026-04-05T10:29:55.370198+00:00"
}