{
  "snapshot_id": "snap_501_1775384197",
  "cycle": 501,
  "brier_score": 0.06304626030569006,
  "ece": 0.186684897094431,
  "discrimination": 0.9974234177762735,
  "roi": -0.1373,
  "edge_hit_rate": 0.3487,
  "health_score": 78.6,
  "model_weights": {
    "external_data": 0.0,
    "microstructure": 1.0
  },
  "approach": "time_series_heavy",
  "n_predictions": 3304,
  "timestamp": "2026-04-05T10:16:37.202310+00:00"
}