{
  "snapshot_id": "snap_894_1775391115",
  "cycle": 894,
  "brier_score": 0.0724230205632184,
  "ece": 0.17269178160919543,
  "discrimination": 0.9768343055064922,
  "roi": -0.2432,
  "edge_hit_rate": 0.2755,
  "health_score": 70.4,
  "model_weights": {
    "external_data": 1.0,
    "microstructure": 0.0
  },
  "approach": "time_series_heavy",
  "n_predictions": 3480,
  "timestamp": "2026-04-05T12:11:55.245632+00:00"
}