{
  "snapshot_id": "snap_261_1775379673",
  "cycle": 261,
  "brier_score": 0.06528632577137547,
  "ece": 0.19321669764560104,
  "discrimination": 0.9974698726640056,
  "roi": -0.2385,
  "edge_hit_rate": 0.2877,
  "health_score": 72.1,
  "model_weights": {
    "external_data": 0.0,
    "microstructure": 1.0
  },
  "approach": "time_series_heavy",
  "n_predictions": 3228,
  "timestamp": "2026-04-05T09:01:13.460251+00:00"
}