{
  "snapshot_id": "snap_525_1775384677",
  "cycle": 525,
  "brier_score": 0.0637448108045292,
  "ece": 0.18964016686531587,
  "discrimination": 0.9976499020975741,
  "roi": -0.1121,
  "edge_hit_rate": 0.3742,
  "health_score": 81.0,
  "model_weights": {
    "external_data": 0.0,
    "microstructure": 1.0
  },
  "approach": "time_series_heavy",
  "n_predictions": 3356,
  "timestamp": "2026-04-05T10:24:37.253862+00:00"
}