{
  "snapshot_id": "snap_861_1775390536",
  "cycle": 861,
  "brier_score": 0.06911196066886623,
  "ece": 0.1735775344931014,
  "discrimination": 0.9839526166702153,
  "roi": -0.0776,
  "edge_hit_rate": 0.4122,
  "health_score": 83.3,
  "model_weights": {
    "external_data": 1.0,
    "microstructure": 0.0
  },
  "approach": "time_series_heavy",
  "n_predictions": 3334,
  "timestamp": "2026-04-05T12:02:16.134463+00:00"
}