{
  "snapshot_id": "snap_568_1775385450",
  "cycle": 568,
  "brier_score": 0.06275626794409939,
  "ece": 0.18850968944099375,
  "discrimination": 0.9973411094493456,
  "roi": -0.1361,
  "edge_hit_rate": 0.3576,
  "health_score": 78.8,
  "model_weights": {
    "external_data": 0.0,
    "microstructure": 1.0
  },
  "approach": "time_series_heavy",
  "n_predictions": 3220,
  "timestamp": "2026-04-05T10:37:30.107251+00:00"
}