{
  "snapshot_id": "snap_591_1775385860",
  "cycle": 591,
  "brier_score": 0.06247211060144928,
  "ece": 0.18874789855072466,
  "discrimination": 0.9979073267752513,
  "roi": -0.1251,
  "edge_hit_rate": 0.3672,
  "health_score": 79.9,
  "model_weights": {
    "external_data": 0.0,
    "microstructure": 1.0
  },
  "approach": "time_series_heavy",
  "n_predictions": 2760,
  "timestamp": "2026-04-05T10:44:20.746558+00:00"
}