{
  "snapshot_id": "snap_200_1775378492",
  "cycle": 200,
  "brier_score": 0.0691569990731177,
  "ece": 0.2021001630877956,
  "discrimination": 0.9976875891583452,
  "roi": -0.2979,
  "edge_hit_rate": 0.2543,
  "health_score": 71.6,
  "model_weights": {
    "external_data": 0.0,
    "microstructure": 1.0
  },
  "approach": "time_series_heavy",
  "n_predictions": 3679,
  "timestamp": "2026-04-05T08:41:32.811377+00:00"
}