{
  "snapshot_id": "snap_247_1775379412",
  "cycle": 247,
  "brier_score": 0.06701968050555755,
  "ece": 0.19522621011115093,
  "discrimination": 0.9964231398070931,
  "roi": -0.3557,
  "edge_hit_rate": 0.2164,
  "health_score": 71.8,
  "model_weights": {
    "external_data": 0.0,
    "microstructure": 1.0
  },
  "approach": "time_series_heavy",
  "n_predictions": 2789,
  "timestamp": "2026-04-05T08:56:52.667376+00:00"
}