{
  "snapshot_id": "snap_612_1775386223",
  "cycle": 612,
  "brier_score": 0.0636811998821152,
  "ece": 0.18952950488379924,
  "discrimination": 0.9975224535619515,
  "roi": -0.1416,
  "edge_hit_rate": 0.3618,
  "health_score": 78.1,
  "model_weights": {
    "external_data": 0.0,
    "microstructure": 1.0
  },
  "approach": "time_series_heavy",
  "n_predictions": 2969,
  "timestamp": "2026-04-05T10:50:23.917968+00:00"
}