{
  "snapshot_id": "snap_891_1775391057",
  "cycle": 891,
  "brier_score": 0.07242315249854567,
  "ece": 0.17190712623618384,
  "discrimination": 0.976266659948099,
  "roi": -0.2658,
  "edge_hit_rate": 0.2602,
  "health_score": 70.4,
  "model_weights": {
    "external_data": 1.0,
    "microstructure": 0.0
  },
  "approach": "time_series_heavy",
  "n_predictions": 3438,
  "timestamp": "2026-04-05T12:10:57.812713+00:00"
}