{
  "snapshot_id": "snap_884_1775390942",
  "cycle": 884,
  "brier_score": 0.07416755608668342,
  "ece": 0.16392770100502513,
  "discrimination": 0.9721851305949578,
  "roi": -0.1263,
  "edge_hit_rate": 0.366,
  "health_score": 77.4,
  "model_weights": {
    "external_data": 1.0,
    "microstructure": 0.0
  },
  "approach": "time_series_heavy",
  "n_predictions": 3184,
  "timestamp": "2026-04-05T12:09:02.891153+00:00"
}