{
  "snapshot_id": "snap_762_1775388814",
  "cycle": 762,
  "brier_score": 0.0629139834318937,
  "ece": 0.1891008970099668,
  "discrimination": 0.99781860626872,
  "roi": -0.0821,
  "edge_hit_rate": 0.4075,
  "health_score": 84.2,
  "model_weights": {
    "external_data": 0.0,
    "microstructure": 1.0
  },
  "approach": "time_series_heavy",
  "n_predictions": 3010,
  "timestamp": "2026-04-05T11:33:34.115662+00:00"
}