{
  "snapshot_id": "snap_707_1775387859",
  "cycle": 707,
  "brier_score": 0.06393919546542554,
  "ece": 0.1880134308510638,
  "discrimination": 0.9977456279809221,
  "roi": -0.1558,
  "edge_hit_rate": 0.3489,
  "health_score": 76.7,
  "model_weights": {
    "external_data": 0.0,
    "microstructure": 1.0
  },
  "approach": "time_series_heavy",
  "n_predictions": 3008,
  "timestamp": "2026-04-05T11:17:39.202800+00:00"
}