{
  "snapshot_id": "snap_292_1775380231",
  "cycle": 292,
  "brier_score": 0.0648336208782311,
  "ece": 0.1943299283712239,
  "discrimination": 0.9979274473822407,
  "roi": -0.3748,
  "edge_hit_rate": 0.2156,
  "health_score": 72.1,
  "model_weights": {
    "external_data": 0.0,
    "microstructure": 1.0
  },
  "approach": "time_series_heavy",
  "n_predictions": 3211,
  "timestamp": "2026-04-05T09:10:31.135956+00:00"
}