{
  "snapshot_id": "snap_477_1775383778",
  "cycle": 477,
  "brier_score": 0.06335300808470881,
  "ece": 0.19037415135471814,
  "discrimination": 0.9979228152305075,
  "roi": -0.1657,
  "edge_hit_rate": 0.328,
  "health_score": 75.7,
  "model_weights": {
    "external_data": 0.0,
    "microstructure": 1.0
  },
  "approach": "time_series_heavy",
  "n_predictions": 3211,
  "timestamp": "2026-04-05T10:09:38.396817+00:00"
}