{
  "snapshot_id": "snap_225_1775378993",
  "cycle": 225,
  "brier_score": 0.06815363402971217,
  "ece": 0.20037298050139274,
  "discrimination": 0.9976262214563577,
  "roi": -0.3954,
  "edge_hit_rate": 0.2004,
  "health_score": 71.7,
  "model_weights": {
    "external_data": 0.0,
    "microstructure": 1.0
  },
  "approach": "time_series_heavy",
  "n_predictions": 3231,
  "timestamp": "2026-04-05T08:49:53.286345+00:00"
}