{
  "snapshot_id": "snap_298_1775380337",
  "cycle": 298,
  "brier_score": 0.0659370605875509,
  "ece": 0.19526864456079118,
  "discrimination": 0.9978127219982762,
  "roi": -0.2585,
  "edge_hit_rate": 0.2842,
  "health_score": 72.0,
  "model_weights": {
    "external_data": 0.0,
    "microstructure": 1.0
  },
  "approach": "time_series_heavy",
  "n_predictions": 3438,
  "timestamp": "2026-04-05T09:12:17.976034+00:00"
}