{
  "snapshot_id": "snap_790_1775389293",
  "cycle": 790,
  "brier_score": 0.06331369503724928,
  "ece": 0.18749868194842403,
  "discrimination": 0.9976225292456635,
  "roi": -0.0784,
  "edge_hit_rate": 0.4127,
  "health_score": 84.5,
  "model_weights": {
    "external_data": 0.0,
    "microstructure": 1.0
  },
  "approach": "time_series_heavy",
  "n_predictions": 3490,
  "timestamp": "2026-04-05T11:41:33.327192+00:00"
}