{
  "snapshot_id": "snap_653_1775386931",
  "cycle": 653,
  "brier_score": 0.06376881852075203,
  "ece": 0.1876682156793189,
  "discrimination": 0.9977232060868424,
  "roi": -0.1349,
  "edge_hit_rate": 0.3579,
  "health_score": 78.8,
  "model_weights": {
    "external_data": 0.0,
    "microstructure": 1.0
  },
  "approach": "time_series_heavy",
  "n_predictions": 2819,
  "timestamp": "2026-04-05T11:02:11.194871+00:00"
}