{
  "snapshot_id": "snap_647_1775386839",
  "cycle": 647,
  "brier_score": 0.06338815350570852,
  "ece": 0.1884737407656145,
  "discrimination": 0.9979070168338056,
  "roi": -0.1081,
  "edge_hit_rate": 0.3799,
  "health_score": 81.5,
  "model_weights": {
    "external_data": 0.0,
    "microstructure": 1.0
  },
  "approach": "time_series_heavy",
  "n_predictions": 2978,
  "timestamp": "2026-04-05T11:00:39.378850+00:00"
}