{
  "snapshot_id": "snap_564_1775385381",
  "cycle": 564,
  "brier_score": 0.06259869584688996,
  "ece": 0.18618902711323765,
  "discrimination": 0.9971327230280582,
  "roi": -0.1428,
  "edge_hit_rate": 0.3485,
  "health_score": 78.1,
  "model_weights": {
    "external_data": 0.0,
    "microstructure": 1.0
  },
  "approach": "time_series_heavy",
  "n_predictions": 3135,
  "timestamp": "2026-04-05T10:36:21.489547+00:00"
}