{
  "snapshot_id": "snap_278_1775379987",
  "cycle": 278,
  "brier_score": 0.06402624880928355,
  "ece": 0.19277393205516316,
  "discrimination": 0.9978830725818175,
  "roi": -0.2971,
  "edge_hit_rate": 0.2513,
  "health_score": 72.2,
  "model_weights": {
    "external_data": 0.0,
    "microstructure": 1.0
  },
  "approach": "time_series_heavy",
  "n_predictions": 2973,
  "timestamp": "2026-04-05T09:06:27.369610+00:00"
}