{
  "snapshot_id": "snap_510_1775384398",
  "cycle": 510,
  "brier_score": 0.06320508320727894,
  "ece": 0.186350184816605,
  "discrimination": 0.9971757527391225,
  "roi": -0.1235,
  "edge_hit_rate": 0.3583,
  "health_score": 80.0,
  "model_weights": {
    "external_data": 0.0,
    "microstructure": 1.0
  },
  "approach": "time_series_heavy",
  "n_predictions": 3517,
  "timestamp": "2026-04-05T10:19:58.598322+00:00"
}