{
  "snapshot_id": "snap_417_1775382607",
  "cycle": 417,
  "brier_score": 0.06288321174040337,
  "ece": 0.19058923227065713,
  "discrimination": 0.9975877561538548,
  "roi": -0.2959,
  "edge_hit_rate": 0.2482,
  "health_score": 72.4,
  "model_weights": {
    "external_data": 0.0,
    "microstructure": 1.0
  },
  "approach": "time_series_heavy",
  "n_predictions": 3074,
  "timestamp": "2026-04-05T09:50:07.353417+00:00"
}