{
  "snapshot_id": "snap_476_1775383761",
  "cycle": 476,
  "brier_score": 0.06357768167121626,
  "ece": 0.19048058841370946,
  "discrimination": 0.9978857078635645,
  "roi": -0.1657,
  "edge_hit_rate": 0.328,
  "health_score": 75.7,
  "model_weights": {
    "external_data": 0.0,
    "microstructure": 1.0
  },
  "approach": "time_series_heavy",
  "n_predictions": 3297,
  "timestamp": "2026-04-05T10:09:21.461241+00:00"
}