{
  "snapshot_id": "snap_822_1775389857",
  "cycle": 822,
  "brier_score": 0.06256990702127659,
  "ece": 0.1860589025755879,
  "discrimination": 0.9978252804811283,
  "roi": -0.0923,
  "edge_hit_rate": 0.406,
  "health_score": 83.2,
  "model_weights": {
    "external_data": 0.0,
    "microstructure": 1.0
  },
  "approach": "time_series_heavy",
  "n_predictions": 3572,
  "timestamp": "2026-04-05T11:50:57.438809+00:00"
}