{
  "snapshot_id": "snap_262_1775379683",
  "cycle": 262,
  "brier_score": 0.0652540008201701,
  "ece": 0.19313438639125147,
  "discrimination": 0.9975032566217976,
  "roi": -0.2225,
  "edge_hit_rate": 0.2999,
  "health_score": 72.1,
  "model_weights": {
    "external_data": 0.0,
    "microstructure": 1.0
  },
  "approach": "time_series_heavy",
  "n_predictions": 3292,
  "timestamp": "2026-04-05T09:01:23.715886+00:00"
}