{
  "snapshot_id": "snap_441_1775383078",
  "cycle": 441,
  "brier_score": 0.0638689080251046,
  "ece": 0.18727143654114367,
  "discrimination": 0.9967445414447555,
  "roi": -0.2233,
  "edge_hit_rate": 0.2935,
  "health_score": 72.2,
  "model_weights": {
    "external_data": 0.0,
    "microstructure": 1.0
  },
  "approach": "time_series_heavy",
  "n_predictions": 3585,
  "timestamp": "2026-04-05T09:57:58.981674+00:00"
}