{
  "snapshot_id": "snap_603_1775386079",
  "cycle": 603,
  "brier_score": 0.08268582806912596,
  "ece": 0.15286467264872047,
  "discrimination": 0.9632214006152164,
  "roi": -0.1269,
  "edge_hit_rate": 0.3675,
  "health_score": 75.9,
  "model_weights": {
    "external_data": 0.0,
    "microstructure": 1.0
  },
  "approach": "time_series_heavy",
  "n_predictions": 3009,
  "timestamp": "2026-04-05T10:47:59.553741+00:00"
}