{
  "snapshot_id": "snap_617_1775386308",
  "cycle": 617,
  "brier_score": 0.06805297442857143,
  "ece": 0.18088642857142856,
  "discrimination": 0.9952684700292685,
  "roi": -0.1794,
  "edge_hit_rate": 0.3558,
  "health_score": 73.7,
  "model_weights": {
    "external_data": 0.0,
    "microstructure": 1.0
  },
  "approach": "time_series_heavy",
  "n_predictions": 560,
  "timestamp": "2026-04-05T10:51:48.156752+00:00"
}