{
  "snapshot_id": "snap_458_1775383418",
  "cycle": 458,
  "brier_score": 0.06334162168366078,
  "ece": 0.18652745585675207,
  "discrimination": 0.9971750773764511,
  "roi": -0.1175,
  "edge_hit_rate": 0.3824,
  "health_score": 80.5,
  "model_weights": {
    "external_data": 0.0,
    "microstructure": 1.0
  },
  "approach": "time_series_heavy",
  "n_predictions": 4021,
  "timestamp": "2026-04-05T10:03:38.556495+00:00"
}