{
  "snapshot_id": "snap_841_1775390181",
  "cycle": 841,
  "brier_score": 0.06469028998707593,
  "ece": 0.18512507269789985,
  "discrimination": 0.9955234688346883,
  "roi": -0.1161,
  "edge_hit_rate": 0.3712,
  "health_score": 80.4,
  "model_weights": {
    "external_data": 0.0,
    "microstructure": 1.0
  },
  "approach": "time_series_heavy",
  "n_predictions": 3095,
  "timestamp": "2026-04-05T11:56:21.746710+00:00"
}