{
  "snapshot_id": "snap_279_1775379997",
  "cycle": 279,
  "brier_score": 0.06399547893245469,
  "ece": 0.1933225700164745,
  "discrimination": 0.9979237027238742,
  "roi": -0.2971,
  "edge_hit_rate": 0.2513,
  "health_score": 72.2,
  "model_weights": {
    "external_data": 0.0,
    "microstructure": 1.0
  },
  "approach": "time_series_heavy",
  "n_predictions": 3035,
  "timestamp": "2026-04-05T09:06:37.659869+00:00"
}