{
  "snapshot_id": "snap_456_1775383377",
  "cycle": 456,
  "brier_score": 0.06339306742553742,
  "ece": 0.18695190365190367,
  "discrimination": 0.9972091189433516,
  "roi": -0.1175,
  "edge_hit_rate": 0.3824,
  "health_score": 80.5,
  "model_weights": {
    "external_data": 0.0,
    "microstructure": 1.0
  },
  "approach": "time_series_heavy",
  "n_predictions": 3861,
  "timestamp": "2026-04-05T10:02:57.073926+00:00"
}