{
  "snapshot_id": "snap_517_1775384517",
  "cycle": 517,
  "brier_score": 0.06342824402552204,
  "ece": 0.19007882830626452,
  "discrimination": 0.9974798247076145,
  "roi": -0.1255,
  "edge_hit_rate": 0.3744,
  "health_score": 79.7,
  "model_weights": {
    "external_data": 0.0,
    "microstructure": 1.0
  },
  "approach": "time_series_heavy",
  "n_predictions": 3448,
  "timestamp": "2026-04-05T10:21:57.855217+00:00"
}