{
  "snapshot_id": "snap_709_1775387903",
  "cycle": 709,
  "brier_score": 0.06297359541839556,
  "ece": 0.18761345089903178,
  "discrimination": 0.997815834149122,
  "roi": -0.1633,
  "edge_hit_rate": 0.3429,
  "health_score": 76.0,
  "model_weights": {
    "external_data": 0.0,
    "microstructure": 1.0
  },
  "approach": "time_series_heavy",
  "n_predictions": 2892,
  "timestamp": "2026-04-05T11:18:23.908303+00:00"
}