{
  "snapshot_id": "snap_419_1775382643",
  "cycle": 419,
  "brier_score": 0.06314231978910369,
  "ece": 0.19173772700644404,
  "discrimination": 0.997768969401813,
  "roi": -0.2311,
  "edge_hit_rate": 0.2894,
  "health_score": 72.3,
  "model_weights": {
    "external_data": 0.0,
    "microstructure": 1.0
  },
  "approach": "time_series_heavy",
  "n_predictions": 3414,
  "timestamp": "2026-04-05T09:50:43.507307+00:00"
}