{
  "snapshot_id": "snap_809_1775389629",
  "cycle": 809,
  "brier_score": 0.06179500672716273,
  "ece": 0.18780344827586204,
  "discrimination": 0.9980643185298622,
  "roi": -0.0946,
  "edge_hit_rate": 0.4066,
  "health_score": 83.0,
  "model_weights": {
    "external_data": 0.0,
    "microstructure": 1.0
  },
  "approach": "time_series_heavy",
  "n_predictions": 3306,
  "timestamp": "2026-04-05T11:47:09.868001+00:00"
}