{
  "snapshot_id": "snap_282_1775380056",
  "cycle": 282,
  "brier_score": 0.0639767019810705,
  "ece": 0.19288736945169713,
  "discrimination": 0.9979707336254353,
  "roi": -0.3546,
  "edge_hit_rate": 0.2234,
  "health_score": 72.2,
  "model_weights": {
    "external_data": 0.0,
    "microstructure": 1.0
  },
  "approach": "time_series_heavy",
  "n_predictions": 3064,
  "timestamp": "2026-04-05T09:07:36.136318+00:00"
}