{
  "snapshot_id": "snap_232_1775379136",
  "cycle": 232,
  "brier_score": 0.06778784844740177,
  "ece": 0.1976272496831432,
  "discrimination": 0.9969766268345841,
  "roi": -0.3008,
  "edge_hit_rate": 0.2445,
  "health_score": 71.7,
  "model_weights": {
    "external_data": 0.0,
    "microstructure": 1.0
  },
  "approach": "time_series_heavy",
  "n_predictions": 3156,
  "timestamp": "2026-04-05T08:52:16.703594+00:00"
}