{
  "snapshot_id": "snap_793_1775389353",
  "cycle": 793,
  "brier_score": 0.06403021238226299,
  "ece": 0.1879854740061162,
  "discrimination": 0.9974587471352178,
  "roi": -0.0873,
  "edge_hit_rate": 0.4074,
  "health_score": 83.5,
  "model_weights": {
    "external_data": 0.0,
    "microstructure": 1.0
  },
  "approach": "time_series_heavy",
  "n_predictions": 3270,
  "timestamp": "2026-04-05T11:42:33.778836+00:00"
}