{
  "snapshot_id": "snap_211_1775378704",
  "cycle": 211,
  "brier_score": 0.06867666978436657,
  "ece": 0.20064153938304888,
  "discrimination": 0.9975575941264869,
  "roi": -0.3249,
  "edge_hit_rate": 0.2365,
  "health_score": 71.7,
  "model_weights": {
    "external_data": 0.0,
    "microstructure": 1.0
  },
  "approach": "time_series_heavy",
  "n_predictions": 3339,
  "timestamp": "2026-04-05T08:45:04.093143+00:00"
}