{
  "snapshot_id": "snap_182_1775378151",
  "cycle": 182,
  "brier_score": 0.06915432081298702,
  "ece": 0.2048982077922078,
  "discrimination": 0.9972406664996242,
  "roi": -0.3926,
  "edge_hit_rate": 0.1979,
  "health_score": 71.6,
  "model_weights": {
    "external_data": 0.0,
    "microstructure": 1.0
  },
  "approach": "time_series_heavy",
  "n_predictions": 3850,
  "timestamp": "2026-04-05T08:35:51.567149+00:00"
}