{
  "snapshot_id": "snap_269_1775379818",
  "cycle": 269,
  "brier_score": 0.06457274739618066,
  "ece": 0.19169220976053344,
  "discrimination": 0.9976631412838233,
  "roi": -0.192,
  "edge_hit_rate": 0.3193,
  "health_score": 73.0,
  "model_weights": {
    "external_data": 0.0,
    "microstructure": 1.0
  },
  "approach": "time_series_heavy",
  "n_predictions": 3299,
  "timestamp": "2026-04-05T09:03:38.992361+00:00"
}