{
  "snapshot_id": "snap_479_1775383807",
  "cycle": 479,
  "brier_score": 0.06392306156172069,
  "ece": 0.19079392144638407,
  "discrimination": 0.997823055763941,
  "roi": -0.128,
  "edge_hit_rate": 0.3548,
  "health_score": 79.4,
  "model_weights": {
    "external_data": 0.0,
    "microstructure": 1.0
  },
  "approach": "time_series_heavy",
  "n_predictions": 3208,
  "timestamp": "2026-04-05T10:10:07.638054+00:00"
}