{
  "snapshot_id": "snap_555_1775385226",
  "cycle": 555,
  "brier_score": 0.06282931251843113,
  "ece": 0.18768425243291065,
  "discrimination": 0.9972575824405211,
  "roi": -0.1059,
  "edge_hit_rate": 0.3807,
  "health_score": 81.8,
  "model_weights": {
    "external_data": 0.0,
    "microstructure": 1.0
  },
  "approach": "time_series_heavy",
  "n_predictions": 3391,
  "timestamp": "2026-04-05T10:33:46.499224+00:00"
}