{
  "snapshot_id": "snap_332_1775381001",
  "cycle": 332,
  "brier_score": 0.06480622218548612,
  "ece": 0.19096525637433454,
  "discrimination": 0.9974056141625962,
  "roi": -0.1841,
  "edge_hit_rate": 0.3207,
  "health_score": 73.7,
  "model_weights": {
    "external_data": 0.0,
    "microstructure": 1.0
  },
  "approach": "time_series_heavy",
  "n_predictions": 3569,
  "timestamp": "2026-04-05T09:23:21.685665+00:00"
}