{
  "snapshot_id": "snap_829_1775389976",
  "cycle": 829,
  "brier_score": 0.06373664459007551,
  "ece": 0.18601623516720608,
  "discrimination": 0.9975048309178743,
  "roi": -0.1466,
  "edge_hit_rate": 0.3504,
  "health_score": 77.6,
  "model_weights": {
    "external_data": 0.0,
    "microstructure": 1.0
  },
  "approach": "time_series_heavy",
  "n_predictions": 1854,
  "timestamp": "2026-04-05T11:52:56.963914+00:00"
}