{
  "snapshot_id": "snap_74_1775376062",
  "cycle": 74,
  "brier_score": 0.06711993754074073,
  "ece": 0.21133451851851853,
  "discrimination": 0.9985033615596383,
  "roi": -0.5813,
  "edge_hit_rate": 0.1174,
  "health_score": 71.9,
  "model_weights": {
    "external_data": 0.0,
    "microstructure": 1.0
  },
  "approach": "time_series_heavy",
  "n_predictions": 1350,
  "timestamp": "2026-04-05T08:01:02.243497+00:00"
}