{
  "snapshot_id": "snap_181_1775378125",
  "cycle": 181,
  "brier_score": 0.06960336135601829,
  "ece": 0.20558791264601323,
  "discrimination": 0.9973285395963932,
  "roi": -0.3602,
  "edge_hit_rate": 0.2133,
  "health_score": 71.5,
  "model_weights": {
    "external_data": 0.0,
    "microstructure": 1.0
  },
  "approach": "time_series_heavy",
  "n_predictions": 3938,
  "timestamp": "2026-04-05T08:35:25.138304+00:00"
}