{
  "snapshot_id": "snap_387_1775382048",
  "cycle": 387,
  "brier_score": 0.06573338880650995,
  "ece": 0.19315627486437614,
  "discrimination": 0.9972293053491695,
  "roi": -0.3457,
  "edge_hit_rate": 0.2202,
  "health_score": 72.0,
  "model_weights": {
    "external_data": 0.0,
    "microstructure": 1.0
  },
  "approach": "time_series_heavy",
  "n_predictions": 2765,
  "timestamp": "2026-04-05T09:40:48.919800+00:00"
}