{
  "snapshot_id": "snap_471_1775383665",
  "cycle": 471,
  "brier_score": 0.0684570684,
  "ece": 0.20412160000000001,
  "discrimination": 0.999,
  "roi": -0.1533,
  "edge_hit_rate": 0.3375,
  "health_score": 76.4,
  "model_weights": {
    "external_data": 0.0,
    "microstructure": 1.0
  },
  "approach": "time_series_heavy",
  "n_predictions": 250,
  "timestamp": "2026-04-05T10:07:45.634264+00:00"
}