{
  "snapshot_id": "snap_649_1775386865",
  "cycle": 649,
  "brier_score": 0.06326714443689668,
  "ece": 0.188476117268502,
  "discrimination": 0.997916533758639,
  "roi": -0.1232,
  "edge_hit_rate": 0.3641,
  "health_score": 80.0,
  "model_weights": {
    "external_data": 0.0,
    "microstructure": 1.0
  },
  "approach": "time_series_heavy",
  "n_predictions": 2797,
  "timestamp": "2026-04-05T11:01:05.235028+00:00"
}