{
  "snapshot_id": "snap_720_1775388086",
  "cycle": 720,
  "brier_score": 0.06298450118626785,
  "ece": 0.1878907885791978,
  "discrimination": 0.9980209947477205,
  "roi": -0.1601,
  "edge_hit_rate": 0.3557,
  "health_score": 76.4,
  "model_weights": {
    "external_data": 0.0,
    "microstructure": 1.0
  },
  "approach": "time_series_heavy",
  "n_predictions": 2942,
  "timestamp": "2026-04-05T11:21:26.777787+00:00"
}