{
  "snapshot_id": "snap_519_1775384572",
  "cycle": 519,
  "brier_score": 0.06364196477016743,
  "ece": 0.1901048706240487,
  "discrimination": 0.9978027021227692,
  "roi": -0.1314,
  "edge_hit_rate": 0.3685,
  "health_score": 79.1,
  "model_weights": {
    "external_data": 0.0,
    "microstructure": 1.0
  },
  "approach": "time_series_heavy",
  "n_predictions": 3285,
  "timestamp": "2026-04-05T10:22:52.207246+00:00"
}