{
  "snapshot_id": "snap_696_1775387681",
  "cycle": 696,
  "brier_score": 0.06387262015768726,
  "ece": 0.18919956197985105,
  "discrimination": 0.9978313954313784,
  "roi": -0.127,
  "edge_hit_rate": 0.37,
  "health_score": 79.5,
  "model_weights": {
    "external_data": 0.0,
    "microstructure": 1.0
  },
  "approach": "time_series_heavy",
  "n_predictions": 2283,
  "timestamp": "2026-04-05T11:14:41.705788+00:00"
}