{
  "snapshot_id": "snap_774_1775389018",
  "cycle": 774,
  "brier_score": 0.06369698332251784,
  "ece": 0.18637488643737835,
  "discrimination": 0.9974124771641562,
  "roi": -0.1206,
  "edge_hit_rate": 0.3762,
  "health_score": 80.2,
  "model_weights": {
    "external_data": 0.0,
    "microstructure": 1.0
  },
  "approach": "time_series_heavy",
  "n_predictions": 3082,
  "timestamp": "2026-04-05T11:36:58.354022+00:00"
}