{
  "snapshot_id": "snap_526_1775384699",
  "cycle": 526,
  "brier_score": 0.06376544053229664,
  "ece": 0.19025029904306218,
  "discrimination": 0.9976796899619087,
  "roi": -0.1167,
  "edge_hit_rate": 0.3697,
  "health_score": 80.6,
  "model_weights": {
    "external_data": 0.0,
    "microstructure": 1.0
  },
  "approach": "time_series_heavy",
  "n_predictions": 3344,
  "timestamp": "2026-04-05T10:24:59.499405+00:00"
}