{
  "snapshot_id": "snap_58_1775375796",
  "cycle": 58,
  "brier_score": 0.0677054668181818,
  "ece": 0.21332163636363638,
  "discrimination": 0.9987637399553871,
  "roi": -0.5717,
  "edge_hit_rate": 0.1214,
  "health_score": 71.8,
  "model_weights": {
    "external_data": 0.0,
    "microstructure": 1.0
  },
  "approach": "time_series_heavy",
  "n_predictions": 550,
  "timestamp": "2026-04-05T07:56:36.984733+00:00"
}