{
  "snapshot_id": "snap_712_1775387953",
  "cycle": 712,
  "brier_score": 0.06291164612945839,
  "ece": 0.1859715323645971,
  "discrimination": 0.9978792937195256,
  "roi": -0.1633,
  "edge_hit_rate": 0.3429,
  "health_score": 76.0,
  "model_weights": {
    "external_data": 0.0,
    "microstructure": 1.0
  },
  "approach": "time_series_heavy",
  "n_predictions": 3028,
  "timestamp": "2026-04-05T11:19:13.452724+00:00"
}