{
  "snapshot_id": "snap_385_1775382002",
  "cycle": 385,
  "brier_score": 0.07062111387692309,
  "ece": 0.21353384615384613,
  "discrimination": 0.998890860692103,
  "roi": -0.4312,
  "edge_hit_rate": 0.1795,
  "health_score": 71.5,
  "model_weights": {
    "external_data": 0.0,
    "microstructure": 1.0
  },
  "approach": "time_series_heavy",
  "n_predictions": 325,
  "timestamp": "2026-04-05T09:40:02.780404+00:00"
}