{
  "snapshot_id": "snap_373_1775381762",
  "cycle": 373,
  "brier_score": 0.06914941659630608,
  "ece": 0.2093506596306069,
  "discrimination": 0.9987232835256289,
  "roi": -0.2601,
  "edge_hit_rate": 0.2821,
  "health_score": 71.7,
  "model_weights": {
    "external_data": 0.0,
    "microstructure": 1.0
  },
  "approach": "time_series_heavy",
  "n_predictions": 379,
  "timestamp": "2026-04-05T09:36:02.716974+00:00"
}