{
  "snapshot_id": "snap_489_1775383991",
  "cycle": 489,
  "brier_score": 0.06397078458140254,
  "ece": 0.18912916280506636,
  "discrimination": 0.9978628429619704,
  "roi": -0.0883,
  "edge_hit_rate": 0.3909,
  "health_score": 83.4,
  "model_weights": {
    "external_data": 0.0,
    "microstructure": 1.0
  },
  "approach": "time_series_heavy",
  "n_predictions": 3237,
  "timestamp": "2026-04-05T10:13:11.066791+00:00"
}