{
  "snapshot_id": "snap_165_1775377808",
  "cycle": 165,
  "brier_score": 0.06992654062943593,
  "ece": 0.20924630183040716,
  "discrimination": 0.9974354312615109,
  "roi": -0.3582,
  "edge_hit_rate": 0.2173,
  "health_score": 71.5,
  "model_weights": {
    "external_data": 0.0,
    "microstructure": 1.0
  },
  "approach": "time_series_heavy",
  "n_predictions": 5354,
  "timestamp": "2026-04-05T08:30:08.787537+00:00"
}