{
  "snapshot_id": "snap_232_1775379137",
  "cycle": 232,
  "brier_score": 0.06779454685226194,
  "ece": 0.1976751028155647,
  "discrimination": 0.9969843694182223,
  "roi": -0.3006,
  "edge_hit_rate": 0.245,
  "health_score": 71.7,
  "model_weights": {
    "external_data": 0.0,
    "microstructure": 1.0
  },
  "approach": "time_series_heavy",
  "n_predictions": 3161,
  "timestamp": "2026-04-05T08:52:17.770920+00:00"
}