{
  "snapshot_id": "snap_328_1775380925",
  "cycle": 328,
  "brier_score": 0.06532672769399506,
  "ece": 0.1910137098985467,
  "discrimination": 0.9974324592460159,
  "roi": -0.1843,
  "edge_hit_rate": 0.3267,
  "health_score": 73.6,
  "model_weights": {
    "external_data": 0.0,
    "microstructure": 1.0
  },
  "approach": "time_series_heavy",
  "n_predictions": 3647,
  "timestamp": "2026-04-05T09:22:05.376597+00:00"
}