{
  "snapshot_id": "snap_386_1775382022",
  "cycle": 386,
  "brier_score": 0.06525379677568433,
  "ece": 0.19366999644507646,
  "discrimination": 0.9973714096062928,
  "roi": -0.3099,
  "edge_hit_rate": 0.2444,
  "health_score": 72.1,
  "model_weights": {
    "external_data": 0.0,
    "microstructure": 1.0
  },
  "approach": "time_series_heavy",
  "n_predictions": 2813,
  "timestamp": "2026-04-05T09:40:22.927829+00:00"
}