{
  "snapshot_id": "snap_751_1775388622",
  "cycle": 751,
  "brier_score": 0.06285556269041769,
  "ece": 0.18431560196560196,
  "discrimination": 0.9974919257863432,
  "roi": -0.1117,
  "edge_hit_rate": 0.387,
  "health_score": 81.2,
  "model_weights": {
    "external_data": 0.0,
    "microstructure": 1.0
  },
  "approach": "time_series_heavy",
  "n_predictions": 3256,
  "timestamp": "2026-04-05T11:30:22.560349+00:00"
}