{
  "snapshot_id": "snap_185_1775378203",
  "cycle": 185,
  "brier_score": 0.06877209033975659,
  "ece": 0.2044167342799188,
  "discrimination": 0.9975340984164928,
  "roi": -0.3958,
  "edge_hit_rate": 0.1966,
  "health_score": 71.6,
  "model_weights": {
    "external_data": 0.0,
    "microstructure": 1.0
  },
  "approach": "time_series_heavy",
  "n_predictions": 3944,
  "timestamp": "2026-04-05T08:36:43.442743+00:00"
}