{
  "snapshot_id": "snap_685_1775387494",
  "cycle": 685,
  "brier_score": 0.06358204006202618,
  "ece": 0.19020075809786358,
  "discrimination": 0.9979010874626784,
  "roi": -0.1618,
  "edge_hit_rate": 0.3351,
  "health_score": 76.1,
  "model_weights": {
    "external_data": 0.0,
    "microstructure": 1.0
  },
  "approach": "time_series_heavy",
  "n_predictions": 2902,
  "timestamp": "2026-04-05T11:11:34.429515+00:00"
}