{
  "snapshot_id": "snap_244_1775379359",
  "cycle": 244,
  "brier_score": 0.06688400053020963,
  "ece": 0.19296806411837236,
  "discrimination": 0.9964872814054474,
  "roi": -0.3364,
  "edge_hit_rate": 0.2289,
  "health_score": 71.8,
  "model_weights": {
    "external_data": 0.0,
    "microstructure": 1.0
  },
  "approach": "time_series_heavy",
  "n_predictions": 3244,
  "timestamp": "2026-04-05T08:55:59.132992+00:00"
}