{
  "snapshot_id": "snap_303_1775380443",
  "cycle": 303,
  "brier_score": 0.0650314434652568,
  "ece": 0.1947600302114803,
  "discrimination": 0.997930959068097,
  "roi": -0.3405,
  "edge_hit_rate": 0.2345,
  "health_score": 72.1,
  "model_weights": {
    "external_data": 0.0,
    "microstructure": 1.0
  },
  "approach": "time_series_heavy",
  "n_predictions": 3310,
  "timestamp": "2026-04-05T09:14:03.930952+00:00"
}