{
  "snapshot_id": "snap_229_1775379074",
  "cycle": 229,
  "brier_score": 0.06949383268498006,
  "ece": 0.20650062029242358,
  "discrimination": 0.9972552004058853,
  "roi": -0.4364,
  "edge_hit_rate": 0.1807,
  "health_score": 71.6,
  "model_weights": {
    "external_data": 0.0,
    "microstructure": 1.0
  },
  "approach": "time_series_heavy",
  "n_predictions": 2257,
  "timestamp": "2026-04-05T08:51:14.601747+00:00"
}