{
  "snapshot_id": "snap_275_1775379925",
  "cycle": 275,
  "brier_score": 0.06399920149287565,
  "ece": 0.19156946243523318,
  "discrimination": 0.997352417676373,
  "roi": -0.2948,
  "edge_hit_rate": 0.2531,
  "health_score": 72.2,
  "model_weights": {
    "external_data": 0.0,
    "microstructure": 1.0
  },
  "approach": "time_series_heavy",
  "n_predictions": 3088,
  "timestamp": "2026-04-05T09:05:25.497492+00:00"
}