{
  "snapshot_id": "snap_160_1775377695",
  "cycle": 160,
  "brier_score": 0.07034457106725664,
  "ece": 0.21096961061946903,
  "discrimination": 0.9975333574866516,
  "roi": -0.3638,
  "edge_hit_rate": 0.2145,
  "health_score": 71.5,
  "model_weights": {
    "external_data": 0.0,
    "microstructure": 1.0
  },
  "approach": "time_series_heavy",
  "n_predictions": 5650,
  "timestamp": "2026-04-05T08:28:15.414153+00:00"
}