{
  "snapshot_id": "snap_884_1775390944",
  "cycle": 884,
  "brier_score": 0.0742567797963021,
  "ece": 0.16388570980883735,
  "discrimination": 0.9722238810788127,
  "roi": -0.1263,
  "edge_hit_rate": 0.366,
  "health_score": 77.3,
  "model_weights": {
    "external_data": 1.0,
    "microstructure": 0.0
  },
  "approach": "time_series_heavy",
  "n_predictions": 3191,
  "timestamp": "2026-04-05T12:09:04.526654+00:00"
}