{
  "snapshot_id": "snap_509_1775384378",
  "cycle": 509,
  "brier_score": 0.0628895570116279,
  "ece": 0.18651511627906978,
  "discrimination": 0.9972547049643331,
  "roi": -0.1235,
  "edge_hit_rate": 0.3583,
  "health_score": 80.0,
  "model_weights": {
    "external_data": 0.0,
    "microstructure": 1.0
  },
  "approach": "time_series_heavy",
  "n_predictions": 3440,
  "timestamp": "2026-04-05T10:19:38.882439+00:00"
}