{
  "snapshot_id": "snap_764_1775388848",
  "cycle": 764,
  "brier_score": 0.06312285499686127,
  "ece": 0.18875197740112995,
  "discrimination": 0.997748336374315,
  "roi": -0.081,
  "edge_hit_rate": 0.408,
  "health_score": 84.2,
  "model_weights": {
    "external_data": 0.0,
    "microstructure": 1.0
  },
  "approach": "time_series_heavy",
  "n_predictions": 3186,
  "timestamp": "2026-04-05T11:34:08.071357+00:00"
}