{
  "snapshot_id": "snap_597_1775385976",
  "cycle": 597,
  "brier_score": 0.06295597522135857,
  "ece": 0.18883055086177764,
  "discrimination": 0.9978998914090192,
  "roi": -0.1286,
  "edge_hit_rate": 0.3657,
  "health_score": 79.5,
  "model_weights": {
    "external_data": 0.0,
    "microstructure": 1.0
  },
  "approach": "time_series_heavy",
  "n_predictions": 2959,
  "timestamp": "2026-04-05T10:46:16.240124+00:00"
}