{
  "snapshot_id": "snap_736_1775388373",
  "cycle": 736,
  "brier_score": 0.06412015105381166,
  "ece": 0.19238288490284006,
  "discrimination": 0.9979702114506176,
  "roi": -0.1823,
  "edge_hit_rate": 0.3364,
  "health_score": 74.0,
  "model_weights": {
    "external_data": 0.0,
    "microstructure": 1.0
  },
  "approach": "time_series_heavy",
  "n_predictions": 1338,
  "timestamp": "2026-04-05T11:26:13.058288+00:00"
}