{
  "snapshot_id": "snap_873_1775390757",
  "cycle": 873,
  "brier_score": 0.0720026409822294,
  "ece": 0.1691545718901454,
  "discrimination": 0.9772988255503419,
  "roi": -0.1073,
  "edge_hit_rate": 0.3804,
  "health_score": 79.7,
  "model_weights": {
    "external_data": 1.0,
    "microstructure": 0.0
  },
  "approach": "time_series_heavy",
  "n_predictions": 3095,
  "timestamp": "2026-04-05T12:05:57.432917+00:00"
}