{
  "snapshot_id": "snap_416_1775382586",
  "cycle": 416,
  "brier_score": 0.06293818469120399,
  "ece": 0.1910482220835932,
  "discrimination": 0.9976633235009773,
  "roi": -0.2956,
  "edge_hit_rate": 0.2488,
  "health_score": 72.4,
  "model_weights": {
    "external_data": 0.0,
    "microstructure": 1.0
  },
  "approach": "time_series_heavy",
  "n_predictions": 3206,
  "timestamp": "2026-04-05T09:49:46.725143+00:00"
}