{
  "snapshot_id": "snap_850_1775390334",
  "cycle": 850,
  "brier_score": 0.06646575711614174,
  "ece": 0.17932837926509188,
  "discrimination": 0.9887766407119021,
  "roi": -0.1278,
  "edge_hit_rate": 0.3606,
  "health_score": 78.8,
  "model_weights": {
    "external_data": 0.8472,
    "microstructure": 0.1528
  },
  "approach": "time_series_heavy",
  "n_predictions": 3048,
  "timestamp": "2026-04-05T11:58:54.623892+00:00"
}