{
  "snapshot_id": "snap_674_1775387306",
  "cycle": 674,
  "brier_score": 0.06271758994080895,
  "ece": 0.1868096349884906,
  "discrimination": 0.9975732089274372,
  "roi": -0.1774,
  "edge_hit_rate": 0.323,
  "health_score": 74.6,
  "model_weights": {
    "external_data": 0.0,
    "microstructure": 1.0
  },
  "approach": "time_series_heavy",
  "n_predictions": 3041,
  "timestamp": "2026-04-05T11:08:26.216785+00:00"
}