{
  "snapshot_id": "snap_272_1775379868",
  "cycle": 272,
  "brier_score": 0.06462190182926829,
  "ece": 0.19077573170731704,
  "discrimination": 0.9972417101798545,
  "roi": -0.204,
  "edge_hit_rate": 0.3094,
  "health_score": 72.1,
  "model_weights": {
    "external_data": 0.0,
    "microstructure": 1.0
  },
  "approach": "time_series_heavy",
  "n_predictions": 3280,
  "timestamp": "2026-04-05T09:04:28.884744+00:00"
}