{
  "snapshot_id": "snap_294_1775380281",
  "cycle": 294,
  "brier_score": 0.06559623380621793,
  "ece": 0.1954975550860247,
  "discrimination": 0.9978868821379835,
  "roi": -0.3288,
  "edge_hit_rate": 0.2424,
  "health_score": 72.0,
  "model_weights": {
    "external_data": 0.0,
    "microstructure": 1.0
  },
  "approach": "time_series_heavy",
  "n_predictions": 3313,
  "timestamp": "2026-04-05T09:11:21.933571+00:00"
}