{
  "snapshot_id": "snap_856_1775390457",
  "cycle": 856,
  "brier_score": 0.06611549114351245,
  "ece": 0.17751503931847967,
  "discrimination": 0.9906563152240234,
  "roi": -0.0789,
  "edge_hit_rate": 0.4087,
  "health_score": 83.8,
  "model_weights": {
    "external_data": 0.0,
    "microstructure": 1.0
  },
  "approach": "time_series_heavy",
  "n_predictions": 3052,
  "timestamp": "2026-04-05T12:00:57.052677+00:00"
}