{
  "snapshot_id": "snap_313_1775380611",
  "cycle": 313,
  "brier_score": 0.0646955504395933,
  "ece": 0.19427377392344497,
  "discrimination": 0.9978305241049352,
  "roi": -0.3234,
  "edge_hit_rate": 0.2448,
  "health_score": 72.1,
  "model_weights": {
    "external_data": 0.0,
    "microstructure": 1.0
  },
  "approach": "time_series_heavy",
  "n_predictions": 3344,
  "timestamp": "2026-04-05T09:16:51.353901+00:00"
}