{
  "snapshot_id": "snap_804_1775389543",
  "cycle": 804,
  "brier_score": 0.06223217074948362,
  "ece": 0.18658745942755975,
  "discrimination": 0.9977306067761118,
  "roi": -0.0836,
  "edge_hit_rate": 0.4112,
  "health_score": 84.1,
  "model_weights": {
    "external_data": 0.0,
    "microstructure": 1.0
  },
  "approach": "time_series_heavy",
  "n_predictions": 3389,
  "timestamp": "2026-04-05T11:45:43.655867+00:00"
}