{
  "snapshot_id": "snap_574_1775385569",
  "cycle": 574,
  "brier_score": 0.06287107836857053,
  "ece": 0.18996557273587883,
  "discrimination": 0.9976223084060613,
  "roi": -0.139,
  "edge_hit_rate": 0.3501,
  "health_score": 78.5,
  "model_weights": {
    "external_data": 0.0,
    "microstructure": 1.0
  },
  "approach": "time_series_heavy",
  "n_predictions": 3169,
  "timestamp": "2026-04-05T10:39:29.230738+00:00"
}