{
  "snapshot_id": "snap_531_1775384796",
  "cycle": 531,
  "brier_score": 0.0630169517563648,
  "ece": 0.19171666129552042,
  "discrimination": 0.9977614594761383,
  "roi": -0.1557,
  "edge_hit_rate": 0.3308,
  "health_score": 76.8,
  "model_weights": {
    "external_data": 0.0,
    "microstructure": 1.0
  },
  "approach": "time_series_heavy",
  "n_predictions": 3103,
  "timestamp": "2026-04-05T10:26:36.501566+00:00"
}