{
  "snapshot_id": "snap_696_1775387698",
  "cycle": 696,
  "brier_score": 0.06387610690936671,
  "ece": 0.18800728100113764,
  "discrimination": 0.9975908705177232,
  "roi": -0.127,
  "edge_hit_rate": 0.37,
  "health_score": 79.5,
  "model_weights": {
    "external_data": 0.0,
    "microstructure": 1.0
  },
  "approach": "time_series_heavy",
  "n_predictions": 2637,
  "timestamp": "2026-04-05T11:14:58.406029+00:00"
}