{
  "snapshot_id": "snap_337_1775381080",
  "cycle": 337,
  "brier_score": 0.06481277842915215,
  "ece": 0.19289776422764224,
  "discrimination": 0.9974691765367687,
  "roi": -0.2425,
  "edge_hit_rate": 0.2847,
  "health_score": 72.1,
  "model_weights": {
    "external_data": 0.0,
    "microstructure": 1.0
  },
  "approach": "time_series_heavy",
  "n_predictions": 3444,
  "timestamp": "2026-04-05T09:24:40.248960+00:00"
}