{
  "snapshot_id": "snap_655_1775386962",
  "cycle": 655,
  "brier_score": 0.06338736272859745,
  "ece": 0.1867805100182149,
  "discrimination": 0.9976956725081846,
  "roi": -0.1349,
  "edge_hit_rate": 0.3579,
  "health_score": 78.8,
  "model_weights": {
    "external_data": 0.0,
    "microstructure": 1.0
  },
  "approach": "time_series_heavy",
  "n_predictions": 2745,
  "timestamp": "2026-04-05T11:02:42.967607+00:00"
}