{
  "snapshot_id": "snap_307_1775380519",
  "cycle": 307,
  "brier_score": 0.06513896606981644,
  "ece": 0.19430120373156787,
  "discrimination": 0.9978087225277722,
  "roi": -0.3376,
  "edge_hit_rate": 0.2373,
  "health_score": 72.1,
  "model_weights": {
    "external_data": 0.0,
    "microstructure": 1.0
  },
  "approach": "time_series_heavy",
  "n_predictions": 3323,
  "timestamp": "2026-04-05T09:15:19.876342+00:00"
}