{
  "snapshot_id": "snap_702_1775387779",
  "cycle": 702,
  "brier_score": 0.06316407940213524,
  "ece": 0.18608811387900356,
  "discrimination": 0.9977028672501526,
  "roi": -0.1527,
  "edge_hit_rate": 0.351,
  "health_score": 77.1,
  "model_weights": {
    "external_data": 0.1859,
    "microstructure": 0.8141
  },
  "approach": "time_series_heavy",
  "n_predictions": 2810,
  "timestamp": "2026-04-05T11:16:19.576423+00:00"
}