{
  "snapshot_id": "snap_773_1775389001",
  "cycle": 773,
  "brier_score": 0.06362338437212361,
  "ece": 0.18594549638395796,
  "discrimination": 0.9974311004259888,
  "roi": -0.1198,
  "edge_hit_rate": 0.3783,
  "health_score": 80.3,
  "model_weights": {
    "external_data": 0.0,
    "microstructure": 1.0
  },
  "approach": "time_series_heavy",
  "n_predictions": 3042,
  "timestamp": "2026-04-05T11:36:41.624210+00:00"
}