{
  "snapshot_id": "snap_330_1775380936",
  "cycle": 330,
  "brier_score": 0.06520644656899005,
  "ece": 0.19060179231863447,
  "discrimination": 0.9973254322484948,
  "roi": -0.1858,
  "edge_hit_rate": 0.322,
  "health_score": 73.5,
  "model_weights": {
    "external_data": 0.0,
    "microstructure": 1.0
  },
  "approach": "time_series_heavy",
  "n_predictions": 3515,
  "timestamp": "2026-04-05T09:22:16.997736+00:00"
}