{
  "snapshot_id": "snap_90_1775376304",
  "cycle": 90,
  "brier_score": 0.07034060311627907,
  "ece": 0.21493637209302327,
  "discrimination": 0.9981593374831906,
  "roi": -0.5662,
  "edge_hit_rate": 0.1222,
  "health_score": 71.5,
  "model_weights": {
    "external_data": 0.0,
    "microstructure": 1.0
  },
  "approach": "time_series_heavy",
  "n_predictions": 2150,
  "timestamp": "2026-04-05T08:05:04.817031+00:00"
}