{
  "snapshot_id": "snap_344_1775381221",
  "cycle": 344,
  "brier_score": 0.06562898568988614,
  "ece": 0.19154973208305426,
  "discrimination": 0.9968768288137986,
  "roi": -0.2337,
  "edge_hit_rate": 0.2926,
  "health_score": 72.0,
  "model_weights": {
    "external_data": 0.0,
    "microstructure": 1.0
  },
  "approach": "time_series_heavy",
  "n_predictions": 2986,
  "timestamp": "2026-04-05T09:27:01.712840+00:00"
}