{
  "snapshot_id": "snap_192_1775378329",
  "cycle": 192,
  "brier_score": 0.08183860458333332,
  "ece": 0.24439249999999998,
  "discrimination": 0.9973045822102425,
  "roi": -0.5792,
  "edge_hit_rate": 0.1167,
  "health_score": 70.1,
  "model_weights": {
    "external_data": 0.0,
    "microstructure": 1.0
  },
  "approach": "time_series_heavy",
  "n_predictions": 120,
  "timestamp": "2026-04-05T08:38:49.131235+00:00"
}