{
  "snapshot_id": "snap_662_1775387097",
  "cycle": 662,
  "brier_score": 0.06408928086104304,
  "ece": 0.18656898844942246,
  "discrimination": 0.9971527879371838,
  "roi": -0.1619,
  "edge_hit_rate": 0.334,
  "health_score": 76.0,
  "model_weights": {
    "external_data": 0.0,
    "microstructure": 1.0
  },
  "approach": "time_series_heavy",
  "n_predictions": 2857,
  "timestamp": "2026-04-05T11:04:57.439664+00:00"
}