{
  "snapshot_id": "snap_800_1775389476",
  "cycle": 800,
  "brier_score": 0.06297409837369207,
  "ece": 0.18817393124065773,
  "discrimination": 0.9977054269171372,
  "roi": -0.083,
  "edge_hit_rate": 0.4119,
  "health_score": 84.1,
  "model_weights": {
    "external_data": 0.0,
    "microstructure": 1.0
  },
  "approach": "time_series_heavy",
  "n_predictions": 3345,
  "timestamp": "2026-04-05T11:44:36.004265+00:00"
}