{
  "snapshot_id": "snap_518_1775384551",
  "cycle": 518,
  "brier_score": 0.06373153838425197,
  "ece": 0.19085823622047246,
  "discrimination": 0.9977825334631775,
  "roi": -0.1314,
  "edge_hit_rate": 0.3685,
  "health_score": 79.1,
  "model_weights": {
    "external_data": 0.0,
    "microstructure": 1.0
  },
  "approach": "time_series_heavy",
  "n_predictions": 3175,
  "timestamp": "2026-04-05T10:22:31.126098+00:00"
}