{
  "snapshot_id": "snap_652_1775386927",
  "cycle": 652,
  "brier_score": 0.0637392377540107,
  "ece": 0.18790823529411765,
  "discrimination": 0.9977359458067852,
  "roi": -0.1349,
  "edge_hit_rate": 0.3579,
  "health_score": 78.8,
  "model_weights": {
    "external_data": 0.0,
    "microstructure": 1.0
  },
  "approach": "time_series_heavy",
  "n_predictions": 2805,
  "timestamp": "2026-04-05T11:02:07.568607+00:00"
}