{
  "snapshot_id": "snap_235_1775379200",
  "cycle": 235,
  "brier_score": 0.06855067028878647,
  "ece": 0.19847173579109065,
  "discrimination": 0.9967794609463024,
  "roi": -0.2938,
  "edge_hit_rate": 0.2504,
  "health_score": 71.6,
  "model_weights": {
    "external_data": 0.0,
    "microstructure": 1.0
  },
  "approach": "time_series_heavy",
  "n_predictions": 3255,
  "timestamp": "2026-04-05T08:53:20.726559+00:00"
}