{
  "snapshot_id": "snap_602_1775386049",
  "cycle": 602,
  "brier_score": 0.06303954337009406,
  "ece": 0.18713613363606876,
  "discrimination": 0.9976049726717393,
  "roi": -0.1269,
  "edge_hit_rate": 0.3675,
  "health_score": 79.6,
  "model_weights": {
    "external_data": 0.0,
    "microstructure": 1.0
  },
  "approach": "time_series_heavy",
  "n_predictions": 3083,
  "timestamp": "2026-04-05T10:47:29.399184+00:00"
}