{
  "snapshot_id": "snap_595_1775385922",
  "cycle": 595,
  "brier_score": 0.06263881194019472,
  "ece": 0.18740584144645342,
  "discrimination": 0.9978743925860879,
  "roi": -0.1251,
  "edge_hit_rate": 0.3672,
  "health_score": 79.9,
  "model_weights": {
    "external_data": 0.0,
    "microstructure": 1.0
  },
  "approach": "time_series_heavy",
  "n_predictions": 2876,
  "timestamp": "2026-04-05T10:45:22.689712+00:00"
}