{
  "snapshot_id": "snap_271_1775379858",
  "cycle": 271,
  "brier_score": 0.06451399531476998,
  "ece": 0.19083407990314766,
  "discrimination": 0.9972736647967891,
  "roi": -0.204,
  "edge_hit_rate": 0.3094,
  "health_score": 72.1,
  "model_weights": {
    "external_data": 0.0,
    "microstructure": 1.0
  },
  "approach": "time_series_heavy",
  "n_predictions": 3304,
  "timestamp": "2026-04-05T09:04:18.848949+00:00"
}