{
  "snapshot_id": "snap_664_1775387116",
  "cycle": 664,
  "brier_score": 0.06415075165977961,
  "ece": 0.18691081267217627,
  "discrimination": 0.9971914615753836,
  "roi": -0.1654,
  "edge_hit_rate": 0.3327,
  "health_score": 75.6,
  "model_weights": {
    "external_data": 0.0,
    "microstructure": 1.0
  },
  "approach": "time_series_heavy",
  "n_predictions": 2904,
  "timestamp": "2026-04-05T11:05:16.700620+00:00"
}