{
  "snapshot_id": "snap_81_1775376166",
  "cycle": 81,
  "brier_score": 0.06837550691764706,
  "ece": 0.21151552941176469,
  "discrimination": 0.9981787632214072,
  "roi": -0.4986,
  "edge_hit_rate": 0.1499,
  "health_score": 71.7,
  "model_weights": {
    "external_data": 0.0,
    "microstructure": 1.0
  },
  "approach": "time_series_heavy",
  "n_predictions": 1700,
  "timestamp": "2026-04-05T08:02:46.561720+00:00"
}