{
  "snapshot_id": "snap_198_1775378457",
  "cycle": 198,
  "brier_score": 0.0689927577587612,
  "ece": 0.20248060309698454,
  "discrimination": 0.9976491755904148,
  "roi": -0.3277,
  "edge_hit_rate": 0.2353,
  "health_score": 71.6,
  "model_weights": {
    "external_data": 0.0,
    "microstructure": 1.0
  },
  "approach": "time_series_heavy",
  "n_predictions": 3681,
  "timestamp": "2026-04-05T08:40:57.025360+00:00"
}