{
  "snapshot_id": "snap_487_1775383955",
  "cycle": 487,
  "brier_score": 0.06412065928662827,
  "ece": 0.18953669225847727,
  "discrimination": 0.9978881579644283,
  "roi": -0.09,
  "edge_hit_rate": 0.3898,
  "health_score": 83.2,
  "model_weights": {
    "external_data": 0.0,
    "microstructure": 1.0
  },
  "approach": "time_series_heavy",
  "n_predictions": 3126,
  "timestamp": "2026-04-05T10:12:35.978362+00:00"
}