{
  "snapshot_id": "snap_826_1775389935",
  "cycle": 826,
  "brier_score": 0.06293475992838542,
  "ece": 0.18619498697916664,
  "discrimination": 0.9975353279872626,
  "roi": -0.0851,
  "edge_hit_rate": 0.4103,
  "health_score": 83.8,
  "model_weights": {
    "external_data": 0.0,
    "microstructure": 1.0
  },
  "approach": "time_series_heavy",
  "n_predictions": 3072,
  "timestamp": "2026-04-05T11:52:15.929781+00:00"
}