{
  "snapshot_id": "snap_605_1775386112",
  "cycle": 605,
  "brier_score": 0.09710530899871217,
  "ece": 0.12793995492594976,
  "discrimination": 0.9374150701005014,
  "roi": -0.1168,
  "edge_hit_rate": 0.3693,
  "health_score": 74.2,
  "model_weights": {
    "external_data": 0.0,
    "microstructure": 1.0
  },
  "approach": "time_series_heavy",
  "n_predictions": 3106,
  "timestamp": "2026-04-05T10:48:32.881108+00:00"
}