{
  "snapshot_id": "snap_812_1775389682",
  "cycle": 812,
  "brier_score": 0.06178297697530864,
  "ece": 0.18652378012933568,
  "discrimination": 0.9979276286674723,
  "roi": -0.1084,
  "edge_hit_rate": 0.3926,
  "health_score": 81.7,
  "model_weights": {
    "external_data": 0.0,
    "microstructure": 1.0
  },
  "approach": "time_series_heavy",
  "n_predictions": 3402,
  "timestamp": "2026-04-05T11:48:02.368196+00:00"
}