{
  "snapshot_id": "snap_784_1775389192",
  "cycle": 784,
  "brier_score": 0.06365172135479952,
  "ece": 0.18796130012150672,
  "discrimination": 0.9975382083449946,
  "roi": -0.1189,
  "edge_hit_rate": 0.3768,
  "health_score": 80.4,
  "model_weights": {
    "external_data": 0.0,
    "microstructure": 1.0
  },
  "approach": "time_series_heavy",
  "n_predictions": 3292,
  "timestamp": "2026-04-05T11:39:52.148143+00:00"
}