{
  "snapshot_id": "snap_179_1775378092",
  "cycle": 179,
  "brier_score": 0.06975725778613648,
  "ece": 0.21244513702310588,
  "discrimination": 0.99789787727571,
  "roi": -0.5546,
  "edge_hit_rate": 0.1263,
  "health_score": 71.5,
  "model_weights": {
    "external_data": 0.0,
    "microstructure": 1.0
  },
  "approach": "time_series_heavy",
  "n_predictions": 1861,
  "timestamp": "2026-04-05T08:34:52.571730+00:00"
}