{
  "snapshot_id": "snap_204_1775378568",
  "cycle": 204,
  "brier_score": 0.06888426929782081,
  "ece": 0.20067086359967715,
  "discrimination": 0.9976740494075738,
  "roi": -0.2672,
  "edge_hit_rate": 0.2726,
  "health_score": 71.6,
  "model_weights": {
    "external_data": 0.0,
    "microstructure": 1.0
  },
  "approach": "time_series_heavy",
  "n_predictions": 3717,
  "timestamp": "2026-04-05T08:42:48.676629+00:00"
}