{
  "snapshot_id": "snap_674_1775387288",
  "cycle": 674,
  "brier_score": 0.06300489878254989,
  "ece": 0.18706662157592155,
  "discrimination": 0.9975181106454861,
  "roi": -0.1774,
  "edge_hit_rate": 0.323,
  "health_score": 74.6,
  "model_weights": {
    "external_data": 0.0,
    "microstructure": 1.0
  },
  "approach": "time_series_heavy",
  "n_predictions": 2957,
  "timestamp": "2026-04-05T11:08:08.180597+00:00"
}