{
  "snapshot_id": "snap_848_1775390302",
  "cycle": 848,
  "brier_score": 0.06561440646432032,
  "ece": 0.1807937358734259,
  "discrimination": 0.9906696884410651,
  "roi": -0.127,
  "edge_hit_rate": 0.3622,
  "health_score": 79.1,
  "model_weights": {
    "external_data": 0.8472,
    "microstructure": 0.1528
  },
  "approach": "time_series_heavy",
  "n_predictions": 3097,
  "timestamp": "2026-04-05T11:58:22.697381+00:00"
}