{
  "snapshot_id": "snap_507_1775384317",
  "cycle": 507,
  "brier_score": 0.06265303583451805,
  "ece": 0.18769306226897928,
  "discrimination": 0.9974269284301517,
  "roi": -0.1218,
  "edge_hit_rate": 0.36,
  "health_score": 80.2,
  "model_weights": {
    "external_data": 0.0,
    "microstructure": 1.0
  },
  "approach": "time_series_heavy",
  "n_predictions": 3517,
  "timestamp": "2026-04-05T10:18:37.790633+00:00"
}