{
  "snapshot_id": "snap_777_1775389071",
  "cycle": 777,
  "brier_score": 0.0638857174649985,
  "ece": 0.18726729222520105,
  "discrimination": 0.9973496113490442,
  "roi": -0.1189,
  "edge_hit_rate": 0.3768,
  "health_score": 80.3,
  "model_weights": {
    "external_data": 0.0,
    "microstructure": 1.0
  },
  "approach": "time_series_heavy",
  "n_predictions": 3357,
  "timestamp": "2026-04-05T11:37:51.495091+00:00"
}