{
  "snapshot_id": "snap_815_1775389737",
  "cycle": 815,
  "brier_score": 0.06136321876091879,
  "ece": 0.18689010029116787,
  "discrimination": 0.9980663328669226,
  "roi": -0.1092,
  "edge_hit_rate": 0.3917,
  "health_score": 81.6,
  "model_weights": {
    "external_data": 0.0,
    "microstructure": 1.0
  },
  "approach": "time_series_heavy",
  "n_predictions": 3091,
  "timestamp": "2026-04-05T11:48:57.321558+00:00"
}