{
  "snapshot_id": "snap_643_1775386760",
  "cycle": 643,
  "brier_score": 0.06297265006185568,
  "ece": 0.1885246735395189,
  "discrimination": 0.9979075086894296,
  "roi": -0.1187,
  "edge_hit_rate": 0.3666,
  "health_score": 80.5,
  "model_weights": {
    "external_data": 0.0,
    "microstructure": 1.0
  },
  "approach": "time_series_heavy",
  "n_predictions": 2910,
  "timestamp": "2026-04-05T10:59:20.911506+00:00"
}