{
  "snapshot_id": "snap_61_1775375846",
  "cycle": 61,
  "brier_score": 0.06596721577142857,
  "ece": 0.21134571428571425,
  "discrimination": 0.9990434181856832,
  "roi": -0.5717,
  "edge_hit_rate": 0.1214,
  "health_score": 72.0,
  "model_weights": {
    "external_data": 0.0,
    "microstructure": 1.0
  },
  "approach": "time_series_heavy",
  "n_predictions": 700,
  "timestamp": "2026-04-05T07:57:26.936819+00:00"
}