{
  "snapshot_id": "snap_704_1775387811",
  "cycle": 704,
  "brier_score": 0.06371379861816916,
  "ece": 0.1867445527323355,
  "discrimination": 0.9976277867195651,
  "roi": -0.1544,
  "edge_hit_rate": 0.3496,
  "health_score": 76.8,
  "model_weights": {
    "external_data": 0.1859,
    "microstructure": 0.8141
  },
  "approach": "time_series_heavy",
  "n_predictions": 2873,
  "timestamp": "2026-04-05T11:16:51.711293+00:00"
}