{
  "snapshot_id": "snap_416_1775382583",
  "cycle": 416,
  "brier_score": 0.0630319905913642,
  "ece": 0.1911751877346683,
  "discrimination": 0.9976492824670217,
  "roi": -0.2956,
  "edge_hit_rate": 0.2488,
  "health_score": 72.3,
  "model_weights": {
    "external_data": 0.0,
    "microstructure": 1.0
  },
  "approach": "time_series_heavy",
  "n_predictions": 3196,
  "timestamp": "2026-04-05T09:49:43.557419+00:00"
}