{
  "snapshot_id": "snap_306_1775380483",
  "cycle": 306,
  "brier_score": 0.06549996372718836,
  "ece": 0.19431107330652647,
  "discrimination": 0.9977592480568999,
  "roi": -0.3376,
  "edge_hit_rate": 0.2373,
  "health_score": 72.1,
  "model_weights": {
    "external_data": 0.0,
    "microstructure": 1.0
  },
  "approach": "time_series_heavy",
  "n_predictions": 3233,
  "timestamp": "2026-04-05T09:14:43.730816+00:00"
}