{
  "snapshot_id": "snap_207_1775378629",
  "cycle": 207,
  "brier_score": 0.06920653587692308,
  "ece": 0.20244531468531468,
  "discrimination": 0.9976338469574302,
  "roi": -0.2685,
  "edge_hit_rate": 0.2717,
  "health_score": 71.6,
  "model_weights": {
    "external_data": 0.0,
    "microstructure": 1.0
  },
  "approach": "time_series_heavy",
  "n_predictions": 3575,
  "timestamp": "2026-04-05T08:43:49.261573+00:00"
}