{
  "snapshot_id": "snap_599_1775386009",
  "cycle": 599,
  "brier_score": 0.0629194265001665,
  "ece": 0.18654085914085913,
  "discrimination": 0.9977298355181126,
  "roi": -0.1273,
  "edge_hit_rate": 0.3666,
  "health_score": 79.6,
  "model_weights": {
    "external_data": 0.0,
    "microstructure": 1.0
  },
  "approach": "time_series_heavy",
  "n_predictions": 3003,
  "timestamp": "2026-04-05T10:46:49.562765+00:00"
}