{
  "snapshot_id": "snap_277_1775379970",
  "cycle": 277,
  "brier_score": 0.06331914597435898,
  "ece": 0.19269814102564106,
  "discrimination": 0.9976185359075267,
  "roi": -0.2971,
  "edge_hit_rate": 0.2513,
  "health_score": 72.3,
  "model_weights": {
    "external_data": 0.0,
    "microstructure": 1.0
  },
  "approach": "time_series_heavy",
  "n_predictions": 3120,
  "timestamp": "2026-04-05T09:06:10.800174+00:00"
}