{
  "snapshot_id": "snap_624_1775386428",
  "cycle": 624,
  "brier_score": 0.06369189547811448,
  "ece": 0.18988730639730644,
  "discrimination": 0.9975260570304818,
  "roi": -0.1157,
  "edge_hit_rate": 0.3838,
  "health_score": 80.7,
  "model_weights": {
    "external_data": 0.0,
    "microstructure": 1.0
  },
  "approach": "time_series_heavy",
  "n_predictions": 2970,
  "timestamp": "2026-04-05T10:53:48.104220+00:00"
}