{
  "snapshot_id": "snap_600_1775386026",
  "cycle": 600,
  "brier_score": 0.06305126983803046,
  "ece": 0.1868009394233884,
  "discrimination": 0.9977454391554014,
  "roi": -0.1273,
  "edge_hit_rate": 0.3666,
  "health_score": 79.6,
  "model_weights": {
    "external_data": 0.0,
    "microstructure": 1.0
  },
  "approach": "time_series_heavy",
  "n_predictions": 3087,
  "timestamp": "2026-04-05T10:47:06.390808+00:00"
}