{
  "snapshot_id": "snap_801_1775389491",
  "cycle": 801,
  "brier_score": 0.06268206574377656,
  "ece": 0.1878723740133576,
  "discrimination": 0.9977843942465968,
  "roi": -0.083,
  "edge_hit_rate": 0.4119,
  "health_score": 84.1,
  "model_weights": {
    "external_data": 0.0,
    "microstructure": 1.0
  },
  "approach": "time_series_heavy",
  "n_predictions": 3294,
  "timestamp": "2026-04-05T11:44:51.422739+00:00"
}