{
  "snapshot_id": "snap_817_1775389771",
  "cycle": 817,
  "brier_score": 0.06184835001740139,
  "ece": 0.18656803944315545,
  "discrimination": 0.9980207061875288,
  "roi": -0.1092,
  "edge_hit_rate": 0.3917,
  "health_score": 81.6,
  "model_weights": {
    "external_data": 0.0,
    "microstructure": 1.0
  },
  "approach": "time_series_heavy",
  "n_predictions": 3448,
  "timestamp": "2026-04-05T11:49:31.037041+00:00"
}