{
  "snapshot_id": "snap_722_1775388117",
  "cycle": 722,
  "brier_score": 0.06306446466888518,
  "ece": 0.1882165391014975,
  "discrimination": 0.9979966834695644,
  "roi": -0.1568,
  "edge_hit_rate": 0.3562,
  "health_score": 76.7,
  "model_weights": {
    "external_data": 0.0,
    "microstructure": 1.0
  },
  "approach": "time_series_heavy",
  "n_predictions": 3005,
  "timestamp": "2026-04-05T11:21:57.939227+00:00"
}