{
  "snapshot_id": "snap_380_1775381896",
  "cycle": 380,
  "brier_score": 0.06451969124123423,
  "ece": 0.19441458625525948,
  "discrimination": 0.9975796139477436,
  "roi": -0.3323,
  "edge_hit_rate": 0.2328,
  "health_score": 72.2,
  "model_weights": {
    "external_data": 0.0,
    "microstructure": 1.0
  },
  "approach": "time_series_heavy",
  "n_predictions": 2852,
  "timestamp": "2026-04-05T09:38:16.892730+00:00"
}