{
  "snapshot_id": "snap_818_1775389787",
  "cycle": 818,
  "brier_score": 0.06222912797709924,
  "ece": 0.18688599530240754,
  "discrimination": 0.9979340321447467,
  "roi": -0.1092,
  "edge_hit_rate": 0.3917,
  "health_score": 81.5,
  "model_weights": {
    "external_data": 0.0,
    "microstructure": 1.0
  },
  "approach": "time_series_heavy",
  "n_predictions": 3406,
  "timestamp": "2026-04-05T11:49:47.477435+00:00"
}