{
  "snapshot_id": "snap_322_1775380814",
  "cycle": 322,
  "brier_score": 0.06497166969653179,
  "ece": 0.1921450578034682,
  "discrimination": 0.9975708377084427,
  "roi": -0.2738,
  "edge_hit_rate": 0.2696,
  "health_score": 72.1,
  "model_weights": {
    "external_data": 0.0,
    "microstructure": 1.0
  },
  "approach": "time_series_heavy",
  "n_predictions": 3460,
  "timestamp": "2026-04-05T09:20:14.117479+00:00"
}