{
  "snapshot_id": "snap_723_1775388140",
  "cycle": 723,
  "brier_score": 0.0626928646273087,
  "ece": 0.1886718667546174,
  "discrimination": 0.9980636289926746,
  "roi": -0.1604,
  "edge_hit_rate": 0.3554,
  "health_score": 76.4,
  "model_weights": {
    "external_data": 0.0,
    "microstructure": 1.0
  },
  "approach": "time_series_heavy",
  "n_predictions": 3032,
  "timestamp": "2026-04-05T11:22:20.784053+00:00"
}