{
  "snapshot_id": "snap_879_1775390857",
  "cycle": 879,
  "brier_score": 0.07032266267653758,
  "ece": 0.1737615413819286,
  "discrimination": 0.98119992459513,
  "roi": -0.1143,
  "edge_hit_rate": 0.376,
  "health_score": 79.4,
  "model_weights": {
    "external_data": 1.0,
    "microstructure": 0.0
  },
  "approach": "time_series_heavy",
  "n_predictions": 2634,
  "timestamp": "2026-04-05T12:07:37.451467+00:00"
}