{
  "snapshot_id": "snap_869_1775390687",
  "cycle": 869,
  "brier_score": 0.06994957786879787,
  "ece": 0.17296483516483518,
  "discrimination": 0.9819402521125262,
  "roi": -0.1015,
  "edge_hit_rate": 0.389,
  "health_score": 80.7,
  "model_weights": {
    "external_data": 0.9888,
    "microstructure": 0.0112
  },
  "approach": "time_series_heavy",
  "n_predictions": 3003,
  "timestamp": "2026-04-05T12:04:47.103306+00:00"
}