{
  "snapshot_id": "snap_891_1775391073",
  "cycle": 891,
  "brier_score": 0.07267751679178885,
  "ece": 0.1730601759530792,
  "discrimination": 0.9758319471176875,
  "roi": -0.2927,
  "edge_hit_rate": 0.2453,
  "health_score": 70.3,
  "model_weights": {
    "external_data": 1.0,
    "microstructure": 0.0
  },
  "approach": "time_series_heavy",
  "n_predictions": 3410,
  "timestamp": "2026-04-05T12:11:13.744904+00:00"
}