{
  "snapshot_id": "snap_322_1775380783",
  "cycle": 322,
  "brier_score": 0.06513259421647338,
  "ece": 0.1926156110615522,
  "discrimination": 0.9975144555894946,
  "roi": -0.3085,
  "edge_hit_rate": 0.2496,
  "health_score": 72.1,
  "model_weights": {
    "external_data": 0.0,
    "microstructure": 1.0
  },
  "approach": "time_series_heavy",
  "n_predictions": 3363,
  "timestamp": "2026-04-05T09:19:43.024968+00:00"
}