{
  "snapshot_id": "snap_414_1775382543",
  "cycle": 414,
  "brier_score": 0.06275056827030379,
  "ece": 0.19205970241785492,
  "discrimination": 0.9977702385005756,
  "roi": -0.3168,
  "edge_hit_rate": 0.2374,
  "health_score": 72.4,
  "model_weights": {
    "external_data": 0.0,
    "microstructure": 1.0
  },
  "approach": "time_series_heavy",
  "n_predictions": 3226,
  "timestamp": "2026-04-05T09:49:03.912779+00:00"
}