{
  "snapshot_id": "snap_646_1775386822",
  "cycle": 646,
  "brier_score": 0.06311517857438016,
  "ece": 0.18931604683195588,
  "discrimination": 0.9979841394727802,
  "roi": -0.0938,
  "edge_hit_rate": 0.3926,
  "health_score": 83.0,
  "model_weights": {
    "external_data": 0.0,
    "microstructure": 1.0
  },
  "approach": "time_series_heavy",
  "n_predictions": 2904,
  "timestamp": "2026-04-05T11:00:22.655445+00:00"
}