{
  "snapshot_id": "snap_785_1775389199",
  "cycle": 785,
  "brier_score": 0.06365147338894038,
  "ece": 0.18808557306147672,
  "discrimination": 0.9975303364729936,
  "roi": -0.1189,
  "edge_hit_rate": 0.3768,
  "health_score": 80.4,
  "model_weights": {
    "external_data": 0.0,
    "microstructure": 1.0
  },
  "approach": "time_series_heavy",
  "n_predictions": 3237,
  "timestamp": "2026-04-05T11:39:59.371733+00:00"
}