{
  "snapshot_id": "snap_859_1775390940",
  "cycle": 859,
  "brier_score": 0.0742106149810964,
  "ece": 0.16372435412728417,
  "discrimination": 0.9720644959615548,
  "roi": -0.1263,
  "edge_hit_rate": 0.366,
  "health_score": 77.3,
  "model_weights": {
    "external_data": 1.0,
    "microstructure": 0.0
  },
  "approach": "time_series_heavy",
  "n_predictions": 3174,
  "timestamp": "2026-04-05T12:09:00.643969+00:00"
}