{
  "snapshot_id": "snap_169_1775377915",
  "cycle": 169,
  "brier_score": 0.07013467450885277,
  "ece": 0.20833150618481688,
  "discrimination": 0.9976697753132652,
  "roi": -0.3192,
  "edge_hit_rate": 0.2383,
  "health_score": 71.5,
  "model_weights": {
    "external_data": 0.0,
    "microstructure": 1.0
  },
  "approach": "time_series_heavy",
  "n_predictions": 4123,
  "timestamp": "2026-04-05T08:31:55.489969+00:00"
}