{
  "snapshot_id": "snap_615_1775386272",
  "cycle": 615,
  "brier_score": 0.06424967509537667,
  "ece": 0.18872340769479468,
  "discrimination": 0.9974713573441095,
  "roi": -0.0773,
  "edge_hit_rate": 0.4165,
  "health_score": 84.5,
  "model_weights": {
    "external_data": 0.0,
    "microstructure": 1.0
  },
  "approach": "time_series_heavy",
  "n_predictions": 3093,
  "timestamp": "2026-04-05T10:51:12.362519+00:00"
}