{
  "snapshot_id": "snap_817_1775389773",
  "cycle": 817,
  "brier_score": 0.06236177624374553,
  "ece": 0.18680389563974265,
  "discrimination": 0.9978436743534208,
  "roi": -0.1092,
  "edge_hit_rate": 0.3917,
  "health_score": 81.5,
  "model_weights": {
    "external_data": 0.0,
    "microstructure": 1.0
  },
  "approach": "time_series_heavy",
  "n_predictions": 2798,
  "timestamp": "2026-04-05T11:49:33.342779+00:00"
}