{
  "snapshot_id": "snap_554_1775385204",
  "cycle": 554,
  "brier_score": 0.06256010105168808,
  "ece": 0.18693379145503441,
  "discrimination": 0.9973411320936993,
  "roi": -0.1059,
  "edge_hit_rate": 0.3807,
  "health_score": 81.8,
  "model_weights": {
    "external_data": 0.0,
    "microstructure": 1.0
  },
  "approach": "time_series_heavy",
  "n_predictions": 3347,
  "timestamp": "2026-04-05T10:33:24.715934+00:00"
}