{
  "snapshot_id": "snap_614_1775386268",
  "cycle": 614,
  "brier_score": 0.06415714800389484,
  "ece": 0.18837916260954235,
  "discrimination": 0.9974671456894374,
  "roi": -0.0784,
  "edge_hit_rate": 0.4157,
  "health_score": 84.4,
  "model_weights": {
    "external_data": 0.0,
    "microstructure": 1.0
  },
  "approach": "time_series_heavy",
  "n_predictions": 3081,
  "timestamp": "2026-04-05T10:51:08.996848+00:00"
}