{
  "snapshot_id": "snap_271_1775379851",
  "cycle": 271,
  "brier_score": 0.06419318678260869,
  "ece": 0.19110332833583207,
  "discrimination": 0.9976649922633597,
  "roi": -0.204,
  "edge_hit_rate": 0.3094,
  "health_score": 72.2,
  "model_weights": {
    "external_data": 0.0,
    "microstructure": 1.0
  },
  "approach": "time_series_heavy",
  "n_predictions": 3335,
  "timestamp": "2026-04-05T09:04:11.587243+00:00"
}