{
  "snapshot_id": "snap_532_1775384812",
  "cycle": 532,
  "brier_score": 0.06306116511239564,
  "ece": 0.1935655748233783,
  "discrimination": 0.9978343651937919,
  "roi": -0.1557,
  "edge_hit_rate": 0.3308,
  "health_score": 76.8,
  "model_weights": {
    "external_data": 0.0,
    "microstructure": 1.0
  },
  "approach": "time_series_heavy",
  "n_predictions": 3114,
  "timestamp": "2026-04-05T10:26:52.860170+00:00"
}