{
  "snapshot_id": "snap_584_1775385750",
  "cycle": 584,
  "brier_score": 0.06271064897387353,
  "ece": 0.19031851571374478,
  "discrimination": 0.9978685015935014,
  "roi": -0.1196,
  "edge_hit_rate": 0.375,
  "health_score": 80.4,
  "model_weights": {
    "external_data": 0.0,
    "microstructure": 1.0
  },
  "approach": "time_series_heavy",
  "n_predictions": 2641,
  "timestamp": "2026-04-05T10:42:30.874264+00:00"
}