{
  "snapshot_id": "snap_648_1775386855",
  "cycle": 648,
  "brier_score": 0.06311229775832476,
  "ece": 0.18737401304497084,
  "discrimination": 0.9979205706932572,
  "roi": -0.1059,
  "edge_hit_rate": 0.3791,
  "health_score": 81.8,
  "model_weights": {
    "external_data": 0.0,
    "microstructure": 1.0
  },
  "approach": "time_series_heavy",
  "n_predictions": 2913,
  "timestamp": "2026-04-05T11:00:55.381539+00:00"
}