{
  "snapshot_id": "snap_173_1775377987",
  "cycle": 173,
  "brier_score": 0.07041153869519834,
  "ece": 0.20836748434238,
  "discrimination": 0.9975039620519812,
  "roi": -0.3486,
  "edge_hit_rate": 0.2201,
  "health_score": 71.5,
  "model_weights": {
    "external_data": 0.0,
    "microstructure": 1.0
  },
  "approach": "time_series_heavy",
  "n_predictions": 3832,
  "timestamp": "2026-04-05T08:33:07.442750+00:00"
}