{
  "snapshot_id": "snap_645_1775386794",
  "cycle": 645,
  "brier_score": 0.06311076055349307,
  "ece": 0.1888535268309146,
  "discrimination": 0.997900974403516,
  "roi": -0.1187,
  "edge_hit_rate": 0.3666,
  "health_score": 80.5,
  "model_weights": {
    "external_data": 0.0,
    "microstructure": 1.0
  },
  "approach": "time_series_heavy",
  "n_predictions": 2963,
  "timestamp": "2026-04-05T10:59:54.552453+00:00"
}