{
  "snapshot_id": "snap_443_1775383119",
  "cycle": 443,
  "brier_score": 0.06368048370430107,
  "ece": 0.18626193548387102,
  "discrimination": 0.9967241252586059,
  "roi": -0.2262,
  "edge_hit_rate": 0.2926,
  "health_score": 72.2,
  "model_weights": {
    "external_data": 0.0,
    "microstructure": 1.0
  },
  "approach": "time_series_heavy",
  "n_predictions": 3720,
  "timestamp": "2026-04-05T09:58:39.378630+00:00"
}