{
  "snapshot_id": "snap_810_1775389647",
  "cycle": 810,
  "brier_score": 0.061945996029678985,
  "ece": 0.1875489097516657,
  "discrimination": 0.9980354473628016,
  "roi": -0.0946,
  "edge_hit_rate": 0.4066,
  "health_score": 83.0,
  "model_weights": {
    "external_data": 0.0,
    "microstructure": 1.0
  },
  "approach": "time_series_heavy",
  "n_predictions": 3302,
  "timestamp": "2026-04-05T11:47:27.451944+00:00"
}