{
  "snapshot_id": "snap_506_1775384321",
  "cycle": 506,
  "brier_score": 0.06272368137166817,
  "ece": 0.1873571129080563,
  "discrimination": 0.9973899605441079,
  "roi": -0.1218,
  "edge_hit_rate": 0.36,
  "health_score": 80.2,
  "model_weights": {
    "external_data": 0.0,
    "microstructure": 1.0
  },
  "approach": "time_series_heavy",
  "n_predictions": 3339,
  "timestamp": "2026-04-05T10:18:41.726583+00:00"
}