{
  "snapshot_id": "snap_354_1775381405",
  "cycle": 354,
  "brier_score": 0.06546120893862326,
  "ece": 0.19145140725669718,
  "discrimination": 0.9970799324514494,
  "roi": -0.2466,
  "edge_hit_rate": 0.2827,
  "health_score": 72.0,
  "model_weights": {
    "external_data": 0.0,
    "microstructure": 1.0
  },
  "approach": "time_series_heavy",
  "n_predictions": 2949,
  "timestamp": "2026-04-05T09:30:05.467382+00:00"
}