{
  "snapshot_id": "snap_596_1775385942",
  "cycle": 596,
  "brier_score": 0.06251776041581458,
  "ece": 0.1879899113837764,
  "discrimination": 0.9979463839706944,
  "roi": -0.1251,
  "edge_hit_rate": 0.3672,
  "health_score": 79.9,
  "model_weights": {
    "external_data": 0.0,
    "microstructure": 1.0
  },
  "approach": "time_series_heavy",
  "n_predictions": 2934,
  "timestamp": "2026-04-05T10:45:42.327960+00:00"
}