{
  "snapshot_id": "snap_86_1775376241",
  "cycle": 86,
  "brier_score": 0.07004108727179487,
  "ece": 0.2134032820512821,
  "discrimination": 0.9980354689110271,
  "roi": -0.5439,
  "edge_hit_rate": 0.1309,
  "health_score": 71.5,
  "model_weights": {
    "external_data": 0.0,
    "microstructure": 1.0
  },
  "approach": "time_series_heavy",
  "n_predictions": 1950,
  "timestamp": "2026-04-05T08:04:01.837955+00:00"
}