{
  "snapshot_id": "snap_864_1775390588",
  "cycle": 864,
  "brier_score": 0.06875380876488095,
  "ece": 0.1761845535714286,
  "discrimination": 0.9842785265805233,
  "roi": -0.0907,
  "edge_hit_rate": 0.3996,
  "health_score": 82.1,
  "model_weights": {
    "external_data": 1.0,
    "microstructure": 0.0
  },
  "approach": "time_series_heavy",
  "n_predictions": 3360,
  "timestamp": "2026-04-05T12:03:08.011480+00:00"
}