{
  "snapshot_id": "snap_813_1775389699",
  "cycle": 813,
  "brier_score": 0.061796654506597826,
  "ece": 0.18689635685599543,
  "discrimination": 0.9979517968803683,
  "roi": -0.1092,
  "edge_hit_rate": 0.3917,
  "health_score": 81.6,
  "model_weights": {
    "external_data": 0.0,
    "microstructure": 1.0
  },
  "approach": "time_series_heavy",
  "n_predictions": 3486,
  "timestamp": "2026-04-05T11:48:19.396716+00:00"
}