{
  "snapshot_id": "snap_10_1775375048",
  "cycle": 10,
  "brier_score": 0.06827092538000001,
  "ece": 0.19764219999999996,
  "discrimination": 0.9982136596604284,
  "roi": -0.1042,
  "edge_hit_rate": 0.398,
  "health_score": 81.3,
  "model_weights": {},
  "approach": "external_data_driven",
  "n_predictions": 500,
  "timestamp": "2026-04-05T07:44:08.583732+00:00"
}