{
  "snapshot_id": "snap_390_1775382100",
  "cycle": 390,
  "brier_score": 0.06544094658727459,
  "ece": 0.19532044913235794,
  "discrimination": 0.9975156853718713,
  "roi": -0.2278,
  "edge_hit_rate": 0.2889,
  "health_score": 72.0,
  "model_weights": {
    "external_data": 0.0,
    "microstructure": 1.0
  },
  "approach": "time_series_heavy",
  "n_predictions": 2939,
  "timestamp": "2026-04-05T09:41:40.964915+00:00"
}