{
  "snapshot_id": "snap_184_1775378186",
  "cycle": 184,
  "brier_score": 0.06874345373026146,
  "ece": 0.2052500129433083,
  "discrimination": 0.9975640652095054,
  "roi": -0.3958,
  "edge_hit_rate": 0.1966,
  "health_score": 71.7,
  "model_weights": {
    "external_data": 0.0,
    "microstructure": 1.0
  },
  "approach": "time_series_heavy",
  "n_predictions": 3863,
  "timestamp": "2026-04-05T08:36:26.123475+00:00"
}