{
  "snapshot_id": "snap_541_1775384977",
  "cycle": 541,
  "brier_score": 0.06258122856630824,
  "ece": 0.18934301075268817,
  "discrimination": 0.9973415968610084,
  "roi": -0.1602,
  "edge_hit_rate": 0.3266,
  "health_score": 76.4,
  "model_weights": {
    "external_data": 0.0,
    "microstructure": 1.0
  },
  "approach": "time_series_heavy",
  "n_predictions": 3069,
  "timestamp": "2026-04-05T10:29:37.978376+00:00"
}