{
  "snapshot_id": "snap_854_1775390421",
  "cycle": 854,
  "brier_score": 0.06464968671747968,
  "ece": 0.18031703929539292,
  "discrimination": 0.9926733063846834,
  "roi": -0.0822,
  "edge_hit_rate": 0.404,
  "health_score": 83.7,
  "model_weights": {
    "external_data": 0.8482,
    "microstructure": 0.1518
  },
  "approach": "time_series_heavy",
  "n_predictions": 2952,
  "timestamp": "2026-04-05T12:00:21.272896+00:00"
}