{
  "snapshot_id": "snap_890_1775391051",
  "cycle": 890,
  "brier_score": 0.07240425604215457,
  "ece": 0.171873887587822,
  "discrimination": 0.9763188916300236,
  "roi": -0.2558,
  "edge_hit_rate": 0.2666,
  "health_score": 70.4,
  "model_weights": {
    "external_data": 1.0,
    "microstructure": 0.0
  },
  "approach": "time_series_heavy",
  "n_predictions": 3416,
  "timestamp": "2026-04-05T12:10:51.769387+00:00"
}