{
  "snapshot_id": "snap_468_1775383606",
  "cycle": 468,
  "brier_score": 0.0644604861831657,
  "ece": 0.18741932239280043,
  "discrimination": 0.9971846337223066,
  "roi": -0.1658,
  "edge_hit_rate": 0.3411,
  "health_score": 75.6,
  "model_weights": {
    "external_data": 0.0,
    "microstructure": 1.0
  },
  "approach": "time_series_heavy",
  "n_predictions": 3778,
  "timestamp": "2026-04-05T10:06:46.971199+00:00"
}