{
  "snapshot_id": "snap_795_1775389381",
  "cycle": 795,
  "brier_score": 0.06350942700750468,
  "ece": 0.18770115697310824,
  "discrimination": 0.9974852488622553,
  "roi": -0.0829,
  "edge_hit_rate": 0.4122,
  "health_score": 84.0,
  "model_weights": {
    "external_data": 0.0,
    "microstructure": 1.0
  },
  "approach": "time_series_heavy",
  "n_predictions": 3198,
  "timestamp": "2026-04-05T11:43:01.826552+00:00"
}