{
  "snapshot_id": "snap_786_1775389230",
  "cycle": 786,
  "brier_score": 0.06324510777019003,
  "ece": 0.18809219121140144,
  "discrimination": 0.9976380402806064,
  "roi": -0.102,
  "edge_hit_rate": 0.3879,
  "health_score": 82.1,
  "model_weights": {
    "external_data": 0.0,
    "microstructure": 1.0
  },
  "approach": "time_series_heavy",
  "n_predictions": 3368,
  "timestamp": "2026-04-05T11:40:30.570767+00:00"
}