{
  "snapshot_id": "snap_682_1775387426",
  "cycle": 682,
  "brier_score": 0.05921727279542567,
  "ece": 0.19006010165184245,
  "discrimination": 0.9984437283222033,
  "roi": -0.086,
  "edge_hit_rate": 0.3622,
  "health_score": 84.2,
  "model_weights": {
    "external_data": 0.0,
    "microstructure": 1.0
  },
  "approach": "time_series_heavy",
  "n_predictions": 787,
  "timestamp": "2026-04-05T11:10:26.878854+00:00"
}