{
  "snapshot_id": "snap_333_1775381022",
  "cycle": 333,
  "brier_score": 0.06482626632994784,
  "ece": 0.19137167169914904,
  "discrimination": 0.9974341171388015,
  "roi": -0.1841,
  "edge_hit_rate": 0.3207,
  "health_score": 73.7,
  "model_weights": {
    "external_data": 0.0,
    "microstructure": 1.0
  },
  "approach": "time_series_heavy",
  "n_predictions": 3643,
  "timestamp": "2026-04-05T09:23:42.490826+00:00"
}