{
  "snapshot_id": "snap_53_1775375708",
  "cycle": 53,
  "brier_score": 0.07602248786666667,
  "ece": 0.24115000000000006,
  "discrimination": 0.9992806494707636,
  "roi": -0.5717,
  "edge_hit_rate": 0.1214,
  "health_score": 70.8,
  "model_weights": {
    "external_data": 0.0,
    "microstructure": 1.0
  },
  "approach": "time_series_heavy",
  "n_predictions": 300,
  "timestamp": "2026-04-05T07:55:08.467987+00:00"
}