{
  "snapshot_id": "snap_717_1775388029",
  "cycle": 717,
  "brier_score": 0.0635435374122276,
  "ece": 0.18793507869249398,
  "discrimination": 0.9978112107512538,
  "roi": -0.14,
  "edge_hit_rate": 0.3664,
  "health_score": 78.3,
  "model_weights": {
    "external_data": 0.0,
    "microstructure": 1.0
  },
  "approach": "time_series_heavy",
  "n_predictions": 3304,
  "timestamp": "2026-04-05T11:20:29.605606+00:00"
}