{
  "snapshot_id": "snap_222_1775378937",
  "cycle": 222,
  "brier_score": 0.06868033259259258,
  "ece": 0.20115595750789556,
  "discrimination": 0.9972676465473074,
  "roi": -0.3794,
  "edge_hit_rate": 0.2078,
  "health_score": 71.6,
  "model_weights": {
    "external_data": 0.0,
    "microstructure": 1.0
  },
  "approach": "time_series_heavy",
  "n_predictions": 3483,
  "timestamp": "2026-04-05T08:48:57.237493+00:00"
}