{
  "snapshot_id": "snap_610_1775386185",
  "cycle": 610,
  "brier_score": 0.06310565084321029,
  "ece": 0.1900314933965459,
  "discrimination": 0.9976375906187362,
  "roi": -0.1142,
  "edge_hit_rate": 0.3713,
  "health_score": 80.9,
  "model_weights": {
    "external_data": 0.0,
    "microstructure": 1.0
  },
  "approach": "time_series_heavy",
  "n_predictions": 2953,
  "timestamp": "2026-04-05T10:49:45.112530+00:00"
}