{
  "snapshot_id": "snap_620_1775386370",
  "cycle": 620,
  "brier_score": 0.06788003911708253,
  "ece": 0.17931554702495206,
  "discrimination": 0.9948687242299297,
  "roi": -0.1794,
  "edge_hit_rate": 0.3558,
  "health_score": 73.7,
  "model_weights": {
    "external_data": 0.0,
    "microstructure": 1.0
  },
  "approach": "time_series_heavy",
  "n_predictions": 521,
  "timestamp": "2026-04-05T10:52:50.250569+00:00"
}