{
  "snapshot_id": "snap_492_1775384041",
  "cycle": 492,
  "brier_score": 0.0642783833408797,
  "ece": 0.18726827296248386,
  "discrimination": 0.9976283364859184,
  "roi": -0.1184,
  "edge_hit_rate": 0.3656,
  "health_score": 80.4,
  "model_weights": {
    "external_data": 0.0,
    "microstructure": 1.0
  },
  "approach": "time_series_heavy",
  "n_predictions": 3092,
  "timestamp": "2026-04-05T10:14:01.725309+00:00"
}