{
  "snapshot_id": "snap_737_1775388388",
  "cycle": 737,
  "brier_score": 0.06321646404153898,
  "ece": 0.18574596527068435,
  "discrimination": 0.9976429936324007,
  "roi": -0.1656,
  "edge_hit_rate": 0.3424,
  "health_score": 75.8,
  "model_weights": {
    "external_data": 0.0,
    "microstructure": 1.0
  },
  "approach": "time_series_heavy",
  "n_predictions": 2937,
  "timestamp": "2026-04-05T11:26:28.821909+00:00"
}