{
  "snapshot_id": "snap_263_1775379706",
  "cycle": 263,
  "brier_score": 0.06483217639836795,
  "ece": 0.19318727744807124,
  "discrimination": 0.9973409779177334,
  "roi": -0.4372,
  "edge_hit_rate": 0.1793,
  "health_score": 72.1,
  "model_weights": {
    "external_data": 0.0,
    "microstructure": 1.0
  },
  "approach": "time_series_heavy",
  "n_predictions": 2696,
  "timestamp": "2026-04-05T09:01:46.860895+00:00"
}