{
  "snapshot_id": "snap_525_1775384681",
  "cycle": 525,
  "brier_score": 0.06378306508751112,
  "ece": 0.18990634826460992,
  "discrimination": 0.9976627615973306,
  "roi": -0.1121,
  "edge_hit_rate": 0.3742,
  "health_score": 81.0,
  "model_weights": {
    "external_data": 0.0,
    "microstructure": 1.0
  },
  "approach": "time_series_heavy",
  "n_predictions": 3371,
  "timestamp": "2026-04-05T10:24:41.939315+00:00"
}