{
  "snapshot_id": "snap_732_1775388292",
  "cycle": 732,
  "brier_score": 0.06273559054371332,
  "ece": 0.18551902996601793,
  "discrimination": 0.9979157317496237,
  "roi": -0.1843,
  "edge_hit_rate": 0.3313,
  "health_score": 74.0,
  "model_weights": {
    "external_data": 0.0,
    "microstructure": 1.0
  },
  "approach": "time_series_heavy",
  "n_predictions": 3237,
  "timestamp": "2026-04-05T11:24:52.402639+00:00"
}