{
  "snapshot_id": "snap_404_1775382346",
  "cycle": 404,
  "brier_score": 0.06288817409219859,
  "ece": 0.1932909219858156,
  "discrimination": 0.9978685245744198,
  "roi": -0.273,
  "edge_hit_rate": 0.2634,
  "health_score": 72.4,
  "model_weights": {
    "external_data": 0.0,
    "microstructure": 1.0
  },
  "approach": "time_series_heavy",
  "n_predictions": 2820,
  "timestamp": "2026-04-05T09:45:46.656035+00:00"
}