{
  "snapshot_id": "snap_118_1775376799",
  "cycle": 118,
  "brier_score": 0.06963074970985915,
  "ece": 0.21348183098591547,
  "discrimination": 0.9978811919504644,
  "roi": -0.4891,
  "edge_hit_rate": 0.1527,
  "health_score": 71.6,
  "model_weights": {
    "external_data": 0.0,
    "microstructure": 1.0
  },
  "approach": "time_series_heavy",
  "n_predictions": 3550,
  "timestamp": "2026-04-05T08:13:19.093198+00:00"
}