{
  "snapshot_id": "snap_597_1775385958",
  "cycle": 597,
  "brier_score": 0.06300077294959128,
  "ece": 0.1887547683923706,
  "discrimination": 0.9978746957515203,
  "roi": -0.1286,
  "edge_hit_rate": 0.3657,
  "health_score": 79.5,
  "model_weights": {
    "external_data": 0.0,
    "microstructure": 1.0
  },
  "approach": "time_series_heavy",
  "n_predictions": 2936,
  "timestamp": "2026-04-05T10:45:58.025645+00:00"
}