{
  "snapshot_id": "snap_726_1775388187",
  "cycle": 726,
  "brier_score": 0.06277173352980353,
  "ece": 0.18851365301365303,
  "discrimination": 0.9980833502645936,
  "roi": -0.1868,
  "edge_hit_rate": 0.3357,
  "health_score": 73.7,
  "model_weights": {
    "external_data": 0.0,
    "microstructure": 1.0
  },
  "approach": "time_series_heavy",
  "n_predictions": 3003,
  "timestamp": "2026-04-05T11:23:07.306657+00:00"
}