{
  "snapshot_id": "snap_859_1775390508",
  "cycle": 859,
  "brier_score": 0.06700067971534654,
  "ece": 0.1920273514851485,
  "discrimination": 0.9975328788861976,
  "roi": -0.1866,
  "edge_hit_rate": 0.3198,
  "health_score": 73.2,
  "model_weights": {
    "external_data": 0.0,
    "microstructure": 1.0
  },
  "approach": "time_series_heavy",
  "n_predictions": 808,
  "timestamp": "2026-04-05T12:01:48.381892+00:00"
}