{
  "snapshot_id": "snap_254_1775379549",
  "cycle": 254,
  "brier_score": 0.06520027075521696,
  "ece": 0.1930097714474992,
  "discrimination": 0.9971558761380417,
  "roi": -0.3915,
  "edge_hit_rate": 0.1983,
  "health_score": 72.1,
  "model_weights": {
    "external_data": 0.0,
    "microstructure": 1.0
  },
  "approach": "time_series_heavy",
  "n_predictions": 3019,
  "timestamp": "2026-04-05T08:59:09.697720+00:00"
}