{
  "snapshot_id": "snap_845_1775390247",
  "cycle": 845,
  "brier_score": 0.06565674649275362,
  "ece": 0.18025365539452493,
  "discrimination": 0.9917741136216659,
  "roi": -0.1302,
  "edge_hit_rate": 0.3618,
  "health_score": 78.8,
  "model_weights": {
    "external_data": 0.7617,
    "microstructure": 0.2383
  },
  "approach": "time_series_heavy",
  "n_predictions": 3105,
  "timestamp": "2026-04-05T11:57:27.017741+00:00"
}