{
  "snapshot_id": "snap_519_1775384568",
  "cycle": 519,
  "brier_score": 0.06420509578408562,
  "ece": 0.1879071195905072,
  "discrimination": 0.9973567108774316,
  "roi": -0.1342,
  "edge_hit_rate": 0.3524,
  "health_score": 78.8,
  "model_weights": {
    "external_data": 0.0,
    "microstructure": 1.0
  },
  "approach": "time_series_heavy",
  "n_predictions": 2149,
  "timestamp": "2026-04-05T10:22:48.661588+00:00"
}