{
  "snapshot_id": "snap_670_1775387219",
  "cycle": 670,
  "brier_score": 0.06321105904226312,
  "ece": 0.18829192229038857,
  "discrimination": 0.9975644293133328,
  "roi": -0.1727,
  "edge_hit_rate": 0.3267,
  "health_score": 75.0,
  "model_weights": {
    "external_data": 0.0,
    "microstructure": 1.0
  },
  "approach": "time_series_heavy",
  "n_predictions": 2934,
  "timestamp": "2026-04-05T11:06:59.024343+00:00"
}