{
  "snapshot_id": "snap_742_1775388470",
  "cycle": 742,
  "brier_score": 0.06318681311571782,
  "ece": 0.1867569616336634,
  "discrimination": 0.9975869619539137,
  "roi": -0.1424,
  "edge_hit_rate": 0.3597,
  "health_score": 78.1,
  "model_weights": {
    "external_data": 0.0,
    "microstructure": 1.0
  },
  "approach": "time_series_heavy",
  "n_predictions": 3232,
  "timestamp": "2026-04-05T11:27:50.834762+00:00"
}