{
  "snapshot_id": "snap_860_1775390525",
  "cycle": 860,
  "brier_score": 0.06905651554205891,
  "ece": 0.17406529000911028,
  "discrimination": 0.9844503965860426,
  "roi": -0.0772,
  "edge_hit_rate": 0.4126,
  "health_score": 83.4,
  "model_weights": {
    "external_data": 1.0,
    "microstructure": 0.0
  },
  "approach": "time_series_heavy",
  "n_predictions": 3293,
  "timestamp": "2026-04-05T12:02:05.864078+00:00"
}