{
  "snapshot_id": "snap_477_1775383775",
  "cycle": 477,
  "brier_score": 0.063263063339599,
  "ece": 0.19033853383458646,
  "discrimination": 0.99793626692255,
  "roi": -0.1657,
  "edge_hit_rate": 0.328,
  "health_score": 75.8,
  "model_weights": {
    "external_data": 0.0,
    "microstructure": 1.0
  },
  "approach": "time_series_heavy",
  "n_predictions": 3192,
  "timestamp": "2026-04-05T10:09:35.217514+00:00"
}