{
  "snapshot_id": "snap_591_1775385876",
  "cycle": 591,
  "brier_score": 0.06260902769939738,
  "ece": 0.18885962424672104,
  "discrimination": 0.9978850851585773,
  "roi": -0.1251,
  "edge_hit_rate": 0.3672,
  "health_score": 79.9,
  "model_weights": {
    "external_data": 0.0,
    "microstructure": 1.0
  },
  "approach": "time_series_heavy",
  "n_predictions": 2821,
  "timestamp": "2026-04-05T10:44:36.756946+00:00"
}