{
  "snapshot_id": "snap_216_1775378820",
  "cycle": 216,
  "brier_score": 0.06863412836769274,
  "ece": 0.20049655464558033,
  "discrimination": 0.9972615744121514,
  "roi": -0.3427,
  "edge_hit_rate": 0.2272,
  "health_score": 71.7,
  "model_weights": {
    "external_data": 0.0,
    "microstructure": 1.0
  },
  "approach": "time_series_heavy",
  "n_predictions": 3541,
  "timestamp": "2026-04-05T08:47:00.163969+00:00"
}