{
  "snapshot_id": "snap_294_1775380265",
  "cycle": 294,
  "brier_score": 0.06539576560817084,
  "ece": 0.19513370473537606,
  "discrimination": 0.99784688191448,
  "roi": -0.3242,
  "edge_hit_rate": 0.2447,
  "health_score": 72.1,
  "model_weights": {
    "external_data": 0.0,
    "microstructure": 1.0
  },
  "approach": "time_series_heavy",
  "n_predictions": 3231,
  "timestamp": "2026-04-05T09:11:05.640386+00:00"
}