{
  "snapshot_id": "snap_431_1775382886",
  "cycle": 431,
  "brier_score": 0.06324611730093677,
  "ece": 0.19149069086651055,
  "discrimination": 0.997712621750633,
  "roi": -0.2232,
  "edge_hit_rate": 0.2899,
  "health_score": 72.3,
  "model_weights": {
    "external_data": 0.0,
    "microstructure": 1.0
  },
  "approach": "time_series_heavy",
  "n_predictions": 3416,
  "timestamp": "2026-04-05T09:54:46.323890+00:00"
}