{
  "snapshot_id": "snap_32_1775375358",
  "cycle": 32,
  "brier_score": 0.0669965803,
  "ece": 0.21039750000000004,
  "discrimination": 0.9991739715159256,
  "roi": -0.2595,
  "edge_hit_rate": 0.2787,
  "health_score": 71.9,
  "model_weights": {},
  "approach": "aggressive_momentum",
  "n_predictions": 1600,
  "timestamp": "2026-04-05T07:49:18.783593+00:00"
}