{
  "snapshot_id": "snap_894_1775391097",
  "cycle": 894,
  "brier_score": 0.07229047106830123,
  "ece": 0.17226479859894922,
  "discrimination": 0.9765584273151722,
  "roi": -0.2451,
  "edge_hit_rate": 0.2742,
  "health_score": 70.4,
  "model_weights": {
    "external_data": 1.0,
    "microstructure": 0.0
  },
  "approach": "time_series_heavy",
  "n_predictions": 3426,
  "timestamp": "2026-04-05T12:11:37.508076+00:00"
}