{
  "snapshot_id": "snap_439_1775383034",
  "cycle": 439,
  "brier_score": 0.06323421429097084,
  "ece": 0.18799000849136716,
  "discrimination": 0.9971250788181397,
  "roi": -0.2233,
  "edge_hit_rate": 0.2935,
  "health_score": 72.3,
  "model_weights": {
    "external_data": 0.0,
    "microstructure": 1.0
  },
  "approach": "time_series_heavy",
  "n_predictions": 3533,
  "timestamp": "2026-04-05T09:57:14.211616+00:00"
}