{
  "snapshot_id": "snap_188_1775378260",
  "cycle": 188,
  "brier_score": 0.06813868866005596,
  "ece": 0.2024630561912026,
  "discrimination": 0.9976334114597072,
  "roi": -0.3921,
  "edge_hit_rate": 0.1985,
  "health_score": 71.7,
  "model_weights": {
    "external_data": 0.0,
    "microstructure": 1.0
  },
  "approach": "time_series_heavy",
  "n_predictions": 3933,
  "timestamp": "2026-04-05T08:37:40.673791+00:00"
}