{
  "snapshot_id": "snap_329_1775380948",
  "cycle": 329,
  "brier_score": 0.064888251754173,
  "ece": 0.19136737481031868,
  "discrimination": 0.9973787589743855,
  "roi": -0.2606,
  "edge_hit_rate": 0.2729,
  "health_score": 72.1,
  "model_weights": {
    "external_data": 0.0,
    "microstructure": 1.0
  },
  "approach": "time_series_heavy",
  "n_predictions": 3295,
  "timestamp": "2026-04-05T09:22:28.355564+00:00"
}