{
  "snapshot_id": "snap_39_1775375467",
  "cycle": 39,
  "brier_score": 0.06797339382051282,
  "ece": 0.20779266666666663,
  "discrimination": 0.9980555708239432,
  "roi": -0.2981,
  "edge_hit_rate": 0.2537,
  "health_score": 71.8,
  "model_weights": {},
  "approach": "balanced",
  "n_predictions": 1950,
  "timestamp": "2026-04-05T07:51:07.425338+00:00"
}