{
  "snapshot_id": "snap_379_1775381884",
  "cycle": 379,
  "brier_score": 0.0643798207234957,
  "ece": 0.19357378223495703,
  "discrimination": 0.9975477827000365,
  "roi": -0.3323,
  "edge_hit_rate": 0.2328,
  "health_score": 72.2,
  "model_weights": {
    "external_data": 0.0,
    "microstructure": 1.0
  },
  "approach": "time_series_heavy",
  "n_predictions": 2792,
  "timestamp": "2026-04-05T09:38:04.689410+00:00"
}