{
  "snapshot_id": "snap_410_1775382470",
  "cycle": 410,
  "brier_score": 0.062199193566613166,
  "ece": 0.1919484430176565,
  "discrimination": 0.9979556087553096,
  "roi": -0.2741,
  "edge_hit_rate": 0.2624,
  "health_score": 72.5,
  "model_weights": {
    "external_data": 0.0,
    "microstructure": 1.0
  },
  "approach": "time_series_heavy",
  "n_predictions": 3115,
  "timestamp": "2026-04-05T09:47:50.654041+00:00"
}