{
  "snapshot_id": "snap_539_1775384935",
  "cycle": 539,
  "brier_score": 0.06193406472678513,
  "ece": 0.18896118002011394,
  "discrimination": 0.9977342766253562,
  "roi": -0.158,
  "edge_hit_rate": 0.3283,
  "health_score": 76.7,
  "model_weights": {
    "external_data": 0.0,
    "microstructure": 1.0
  },
  "approach": "time_series_heavy",
  "n_predictions": 2983,
  "timestamp": "2026-04-05T10:28:55.569760+00:00"
}