{
  "snapshot_id": "snap_383_1775381969",
  "cycle": 383,
  "brier_score": 0.06468208128336381,
  "ece": 0.1936998537477148,
  "discrimination": 0.9974730699594909,
  "roi": -0.3302,
  "edge_hit_rate": 0.2333,
  "health_score": 72.1,
  "model_weights": {
    "external_data": 0.0,
    "microstructure": 1.0
  },
  "approach": "time_series_heavy",
  "n_predictions": 2735,
  "timestamp": "2026-04-05T09:39:29.527256+00:00"
}