{
  "snapshot_id": "snap_167_1775377880",
  "cycle": 167,
  "brier_score": 0.06983188093962778,
  "ece": 0.20772982296867906,
  "discrimination": 0.9974349456178774,
  "roi": -0.326,
  "edge_hit_rate": 0.2344,
  "health_score": 71.5,
  "model_weights": {
    "external_data": 0.0,
    "microstructure": 1.0
  },
  "approach": "time_series_heavy",
  "n_predictions": 4406,
  "timestamp": "2026-04-05T08:31:20.508775+00:00"
}