{
  "snapshot_id": "snap_809_1775389631",
  "cycle": 809,
  "brier_score": 0.061835990223497436,
  "ece": 0.18753189368770767,
  "discrimination": 0.998037066598435,
  "roi": -0.0946,
  "edge_hit_rate": 0.4066,
  "health_score": 83.0,
  "model_weights": {
    "external_data": 0.0,
    "microstructure": 1.0
  },
  "approach": "time_series_heavy",
  "n_predictions": 3311,
  "timestamp": "2026-04-05T11:47:11.153252+00:00"
}