{
  "snapshot_id": "snap_193_1775378343",
  "cycle": 193,
  "brier_score": 0.06844143432134418,
  "ece": 0.20139761092150169,
  "discrimination": 0.9975502970104198,
  "roi": -0.3797,
  "edge_hit_rate": 0.2047,
  "health_score": 71.7,
  "model_weights": {
    "external_data": 0.0,
    "microstructure": 1.0
  },
  "approach": "time_series_heavy",
  "n_predictions": 3809,
  "timestamp": "2026-04-05T08:39:03.890787+00:00"
}