{
  "snapshot_id": "snap_149_1775377438",
  "cycle": 149,
  "brier_score": 0.07014708053137256,
  "ece": 0.21149707843137255,
  "discrimination": 0.9975983666716426,
  "roi": -0.384,
  "edge_hit_rate": 0.2033,
  "health_score": 71.5,
  "model_weights": {
    "external_data": 0.0,
    "microstructure": 1.0
  },
  "approach": "time_series_heavy",
  "n_predictions": 5100,
  "timestamp": "2026-04-05T08:23:58.184210+00:00"
}