{
  "snapshot_id": "snap_437_1775383000",
  "cycle": 437,
  "brier_score": 0.06299209064992614,
  "ece": 0.18756221565731163,
  "discrimination": 0.9975684076150303,
  "roi": -0.2233,
  "edge_hit_rate": 0.2935,
  "health_score": 72.3,
  "model_weights": {
    "external_data": 0.0,
    "microstructure": 1.0
  },
  "approach": "time_series_heavy",
  "n_predictions": 3385,
  "timestamp": "2026-04-05T09:56:40.233280+00:00"
}