{
  "snapshot_id": "snap_659_1775387029",
  "cycle": 659,
  "brier_score": 0.063625530562396,
  "ece": 0.18738602329450915,
  "discrimination": 0.9975022976649087,
  "roi": -0.1544,
  "edge_hit_rate": 0.3415,
  "health_score": 76.8,
  "model_weights": {
    "external_data": 0.0,
    "microstructure": 1.0
  },
  "approach": "time_series_heavy",
  "n_predictions": 3005,
  "timestamp": "2026-04-05T11:03:49.715829+00:00"
}