{
  "snapshot_id": "snap_789_1775389281",
  "cycle": 789,
  "brier_score": 0.0632555061595867,
  "ece": 0.18768616532721005,
  "discrimination": 0.997632842378541,
  "roi": -0.0812,
  "edge_hit_rate": 0.4095,
  "health_score": 84.2,
  "model_weights": {
    "external_data": 0.0,
    "microstructure": 1.0
  },
  "approach": "time_series_heavy",
  "n_predictions": 3484,
  "timestamp": "2026-04-05T11:41:21.806454+00:00"
}