{
  "snapshot_id": "snap_200_1775378491",
  "cycle": 200,
  "brier_score": 0.06914722429542981,
  "ece": 0.20206330250272037,
  "discrimination": 0.9976832909477865,
  "roi": -0.2978,
  "edge_hit_rate": 0.2542,
  "health_score": 71.6,
  "model_weights": {
    "external_data": 0.0,
    "microstructure": 1.0
  },
  "approach": "time_series_heavy",
  "n_predictions": 3676,
  "timestamp": "2026-04-05T08:41:31.949933+00:00"
}