{
  "snapshot_id": "snap_382_1775381942",
  "cycle": 382,
  "brier_score": 0.06461241572455544,
  "ece": 0.19412796065077567,
  "discrimination": 0.9975368858549984,
  "roi": -0.3302,
  "edge_hit_rate": 0.2333,
  "health_score": 72.1,
  "model_weights": {
    "external_data": 0.0,
    "microstructure": 1.0
  },
  "approach": "time_series_heavy",
  "n_predictions": 2643,
  "timestamp": "2026-04-05T09:39:02.402997+00:00"
}