{
  "snapshot_id": "snap_537_1775384902",
  "cycle": 537,
  "brier_score": 0.06226227054761905,
  "ece": 0.19027255102040821,
  "discrimination": 0.9977554327106367,
  "roi": -0.158,
  "edge_hit_rate": 0.3283,
  "health_score": 76.6,
  "model_weights": {
    "external_data": 0.0,
    "microstructure": 1.0
  },
  "approach": "time_series_heavy",
  "n_predictions": 2940,
  "timestamp": "2026-04-05T10:28:22.884023+00:00"
}