{
  "snapshot_id": "snap_99_1775376450",
  "cycle": 99,
  "brier_score": 0.06999788903076923,
  "ece": 0.21469323076923083,
  "discrimination": 0.9979792319889365,
  "roi": -0.567,
  "edge_hit_rate": 0.1218,
  "health_score": 71.5,
  "model_weights": {
    "external_data": 0.0,
    "microstructure": 1.0
  },
  "approach": "time_series_heavy",
  "n_predictions": 2600,
  "timestamp": "2026-04-05T08:07:30.018856+00:00"
}