{
  "snapshot_id": "snap_866_1775390628",
  "cycle": 866,
  "brier_score": 0.06875591184591195,
  "ece": 0.1750365094339623,
  "discrimination": 0.9826544975799526,
  "roi": -0.103,
  "edge_hit_rate": 0.3851,
  "health_score": 80.8,
  "model_weights": {
    "external_data": 0.9888,
    "microstructure": 0.0112
  },
  "approach": "time_series_heavy",
  "n_predictions": 3180,
  "timestamp": "2026-04-05T12:03:48.360416+00:00"
}