{
  "snapshot_id": "snap_589_1775385839",
  "cycle": 589,
  "brier_score": 0.06215621030181818,
  "ece": 0.18816585454545454,
  "discrimination": 0.99788765383626,
  "roi": -0.1251,
  "edge_hit_rate": 0.3672,
  "health_score": 79.9,
  "model_weights": {
    "external_data": 0.0,
    "microstructure": 1.0
  },
  "approach": "time_series_heavy",
  "n_predictions": 2750,
  "timestamp": "2026-04-05T10:43:59.990923+00:00"
}