{
  "snapshot_id": "snap_867_1775390645",
  "cycle": 867,
  "brier_score": 0.07005728192420778,
  "ece": 0.17276259392355442,
  "discrimination": 0.9809694029068549,
  "roi": -0.104,
  "edge_hit_rate": 0.3849,
  "health_score": 80.4,
  "model_weights": {
    "external_data": 0.9888,
    "microstructure": 0.0112
  },
  "approach": "time_series_heavy",
  "n_predictions": 3061,
  "timestamp": "2026-04-05T12:04:05.202422+00:00"
}