{
  "snapshot_id": "snap_784_1775389182",
  "cycle": 784,
  "brier_score": 0.06370649649984553,
  "ece": 0.18748387395736796,
  "discrimination": 0.9974962430860982,
  "roi": -0.1189,
  "edge_hit_rate": 0.3768,
  "health_score": 80.4,
  "model_weights": {
    "external_data": 0.0,
    "microstructure": 1.0
  },
  "approach": "time_series_heavy",
  "n_predictions": 3237,
  "timestamp": "2026-04-05T11:39:42.664557+00:00"
}