{
  "snapshot_id": "snap_283_1775380064",
  "cycle": 283,
  "brier_score": 0.06438527096604023,
  "ece": 0.19270458292120013,
  "discrimination": 0.9978270370144994,
  "roi": -0.3546,
  "edge_hit_rate": 0.2234,
  "health_score": 72.2,
  "model_weights": {
    "external_data": 0.0,
    "microstructure": 1.0
  },
  "approach": "time_series_heavy",
  "n_predictions": 3033,
  "timestamp": "2026-04-05T09:07:44.178663+00:00"
}