{
  "snapshot_id": "snap_493_1775384057",
  "cycle": 493,
  "brier_score": 0.06393039349328214,
  "ece": 0.18727594369801662,
  "discrimination": 0.9976726185607765,
  "roi": -0.1184,
  "edge_hit_rate": 0.3656,
  "health_score": 80.4,
  "model_weights": {
    "external_data": 0.0,
    "microstructure": 1.0
  },
  "approach": "time_series_heavy",
  "n_predictions": 3126,
  "timestamp": "2026-04-05T10:14:17.378826+00:00"
}