{
  "snapshot_id": "snap_811_1775389666",
  "cycle": 811,
  "brier_score": 0.06187874002694611,
  "ece": 0.18691182634730544,
  "discrimination": 0.9979545702646848,
  "roi": -0.1074,
  "edge_hit_rate": 0.3958,
  "health_score": 81.8,
  "model_weights": {
    "external_data": 0.0,
    "microstructure": 1.0
  },
  "approach": "time_series_heavy",
  "n_predictions": 3340,
  "timestamp": "2026-04-05T11:47:46.187919+00:00"
}