{
  "snapshot_id": "snap_229_1775379072",
  "cycle": 229,
  "brier_score": 0.06776048169730392,
  "ece": 0.1991390318627451,
  "discrimination": 0.997607706920529,
  "roi": -0.2882,
  "edge_hit_rate": 0.2573,
  "health_score": 71.8,
  "model_weights": {
    "external_data": 0.0,
    "microstructure": 1.0
  },
  "approach": "time_series_heavy",
  "n_predictions": 3264,
  "timestamp": "2026-04-05T08:51:12.218344+00:00"
}