{
  "snapshot_id": "snap_773_1775388995",
  "cycle": 773,
  "brier_score": 0.06245937673596673,
  "ece": 0.19936486486486485,
  "discrimination": 0.999061978877154,
  "roi": -0.0478,
  "edge_hit_rate": 0.4074,
  "health_score": 87.7,
  "model_weights": {
    "external_data": 0.0,
    "microstructure": 1.0
  },
  "approach": "time_series_heavy",
  "n_predictions": 481,
  "timestamp": "2026-04-05T11:36:35.246703+00:00"
}