{
  "snapshot_id": "snap_758_1775388746",
  "cycle": 758,
  "brier_score": 0.06342781346488502,
  "ece": 0.18817597886886264,
  "discrimination": 0.9976710996677217,
  "roi": -0.0844,
  "edge_hit_rate": 0.4104,
  "health_score": 83.9,
  "model_weights": {
    "external_data": 0.0,
    "microstructure": 1.0
  },
  "approach": "time_series_heavy",
  "n_predictions": 3218,
  "timestamp": "2026-04-05T11:32:26.330237+00:00"
}