{
  "snapshot_id": "snap_771_1775388967",
  "cycle": 771,
  "brier_score": 0.06312845189533714,
  "ece": 0.18609057363300904,
  "discrimination": 0.9975803545221827,
  "roi": -0.1128,
  "edge_hit_rate": 0.3832,
  "health_score": 81.0,
  "model_weights": {
    "external_data": 0.0,
    "microstructure": 1.0
  },
  "approach": "time_series_heavy",
  "n_predictions": 2981,
  "timestamp": "2026-04-05T11:36:07.937918+00:00"
}