{
  "snapshot_id": "snap_135_1775377134",
  "cycle": 135,
  "brier_score": 0.07029343887045454,
  "ece": 0.21353965909090908,
  "discrimination": 0.9976923264112938,
  "roi": -0.4616,
  "edge_hit_rate": 0.1656,
  "health_score": 71.5,
  "model_weights": {
    "external_data": 0.0,
    "microstructure": 1.0
  },
  "approach": "time_series_heavy",
  "n_predictions": 4400,
  "timestamp": "2026-04-05T08:18:54.381204+00:00"
}