{
  "snapshot_id": "snap_304_1775380446",
  "cycle": 304,
  "brier_score": 0.06571840176349261,
  "ece": 0.19469278102440704,
  "discrimination": 0.9977707552272446,
  "roi": -0.3405,
  "edge_hit_rate": 0.2345,
  "health_score": 72.0,
  "model_weights": {
    "external_data": 0.0,
    "microstructure": 1.0
  },
  "approach": "time_series_heavy",
  "n_predictions": 2909,
  "timestamp": "2026-04-05T09:14:06.458770+00:00"
}