{
  "snapshot_id": "snap_679_1775387371",
  "cycle": 679,
  "brier_score": 0.06326604123595506,
  "ece": 0.18913979702790865,
  "discrimination": 0.9975498926573797,
  "roi": -0.1755,
  "edge_hit_rate": 0.3237,
  "health_score": 74.8,
  "model_weights": {
    "external_data": 0.0,
    "microstructure": 1.0
  },
  "approach": "time_series_heavy",
  "n_predictions": 2759,
  "timestamp": "2026-04-05T11:09:31.805426+00:00"
}