{
  "snapshot_id": "snap_84_1775376210",
  "cycle": 84,
  "brier_score": 0.06953424934594593,
  "ece": 0.2124720540540541,
  "discrimination": 0.9981037700439978,
  "roi": -0.5327,
  "edge_hit_rate": 0.1361,
  "health_score": 71.6,
  "model_weights": {
    "external_data": 0.0,
    "microstructure": 1.0
  },
  "approach": "time_series_heavy",
  "n_predictions": 1850,
  "timestamp": "2026-04-05T08:03:30.390621+00:00"
}