{
  "snapshot_id": "snap_321_1775380760",
  "cycle": 321,
  "brier_score": 0.06480560494201605,
  "ece": 0.19150686886708299,
  "discrimination": 0.9974992225456031,
  "roi": -0.3085,
  "edge_hit_rate": 0.2496,
  "health_score": 72.1,
  "model_weights": {
    "external_data": 0.0,
    "microstructure": 1.0
  },
  "approach": "time_series_heavy",
  "n_predictions": 3363,
  "timestamp": "2026-04-05T09:19:20.384041+00:00"
}