{
  "snapshot_id": "snap_611_1775386217",
  "cycle": 611,
  "brier_score": 0.06358803987070433,
  "ece": 0.18903674719292277,
  "discrimination": 0.9974957288013668,
  "roi": -0.1403,
  "edge_hit_rate": 0.3614,
  "health_score": 78.2,
  "model_weights": {
    "external_data": 0.0,
    "microstructure": 1.0
  },
  "approach": "time_series_heavy",
  "n_predictions": 2939,
  "timestamp": "2026-04-05T10:50:17.160831+00:00"
}