{
  "snapshot_id": "snap_325_1775380869",
  "cycle": 325,
  "brier_score": 0.06481448448816653,
  "ece": 0.19099321357285431,
  "discrimination": 0.9974975429470435,
  "roi": -0.1826,
  "edge_hit_rate": 0.3271,
  "health_score": 73.9,
  "model_weights": {
    "external_data": 0.0,
    "microstructure": 1.0
  },
  "approach": "time_series_heavy",
  "n_predictions": 3507,
  "timestamp": "2026-04-05T09:21:09.969429+00:00"
}