{
  "snapshot_id": "snap_656_1775386995",
  "cycle": 656,
  "brier_score": 0.06317413182943604,
  "ece": 0.18746657496561206,
  "discrimination": 0.9978352558066541,
  "roi": -0.1349,
  "edge_hit_rate": 0.3579,
  "health_score": 78.8,
  "model_weights": {
    "external_data": 0.0,
    "microstructure": 1.0
  },
  "approach": "time_series_heavy",
  "n_predictions": 2908,
  "timestamp": "2026-04-05T11:03:15.461033+00:00"
}