{
  "snapshot_id": "snap_576_1775385608",
  "cycle": 576,
  "brier_score": 0.06268523370297678,
  "ece": 0.19045413804383385,
  "discrimination": 0.997803752431885,
  "roi": -0.133,
  "edge_hit_rate": 0.3556,
  "health_score": 79.1,
  "model_weights": {
    "external_data": 0.0,
    "microstructure": 1.0
  },
  "approach": "time_series_heavy",
  "n_predictions": 3057,
  "timestamp": "2026-04-05T10:40:08.264718+00:00"
}