{
  "snapshot_id": "snap_523_1775384639",
  "cycle": 523,
  "brier_score": 0.06390630923704867,
  "ece": 0.18870913657770802,
  "discrimination": 0.997486993841285,
  "roi": -0.1121,
  "edge_hit_rate": 0.3742,
  "health_score": 81.0,
  "model_weights": {
    "external_data": 0.0,
    "microstructure": 1.0
  },
  "approach": "time_series_heavy",
  "n_predictions": 3185,
  "timestamp": "2026-04-05T10:23:59.330529+00:00"
}