{
  "snapshot_id": "snap_573_1775385553",
  "cycle": 573,
  "brier_score": 0.06307083632043863,
  "ece": 0.1896593968930856,
  "discrimination": 0.997540545842126,
  "roi": -0.139,
  "edge_hit_rate": 0.3501,
  "health_score": 78.4,
  "model_weights": {
    "external_data": 0.0,
    "microstructure": 1.0
  },
  "approach": "time_series_heavy",
  "n_predictions": 3283,
  "timestamp": "2026-04-05T10:39:13.162072+00:00"
}