{
  "snapshot_id": "snap_559_1775385289",
  "cycle": 559,
  "brier_score": 0.06261353627083334,
  "ece": 0.18560514880952383,
  "discrimination": 0.997109868367559,
  "roi": -0.1377,
  "edge_hit_rate": 0.3559,
  "health_score": 78.6,
  "model_weights": {
    "external_data": 0.0,
    "microstructure": 1.0
  },
  "approach": "time_series_heavy",
  "n_predictions": 3360,
  "timestamp": "2026-04-05T10:34:49.863654+00:00"
}