{
  "snapshot_id": "snap_457_1775383395",
  "cycle": 457,
  "brier_score": 0.06344490451064909,
  "ece": 0.18677375760649087,
  "discrimination": 0.9971463298488717,
  "roi": -0.1175,
  "edge_hit_rate": 0.3824,
  "health_score": 80.5,
  "model_weights": {
    "external_data": 0.0,
    "microstructure": 1.0
  },
  "approach": "time_series_heavy",
  "n_predictions": 3944,
  "timestamp": "2026-04-05T10:03:15.274317+00:00"
}