{
  "snapshot_id": "snap_284_1775380080",
  "cycle": 284,
  "brier_score": 0.06411234772216876,
  "ece": 0.1924853063843439,
  "discrimination": 0.9978957260976132,
  "roi": -0.3546,
  "edge_hit_rate": 0.2234,
  "health_score": 72.2,
  "model_weights": {
    "external_data": 0.0,
    "microstructure": 1.0
  },
  "approach": "time_series_heavy",
  "n_predictions": 3117,
  "timestamp": "2026-04-05T09:08:00.451360+00:00"
}