{
  "snapshot_id": "snap_230_1775379092",
  "cycle": 230,
  "brier_score": 0.06800368517625792,
  "ece": 0.19891979511901176,
  "discrimination": 0.9970880244917812,
  "roi": -0.2899,
  "edge_hit_rate": 0.2544,
  "health_score": 71.7,
  "model_weights": {
    "external_data": 0.0,
    "microstructure": 1.0
  },
  "approach": "time_series_heavy",
  "n_predictions": 3319,
  "timestamp": "2026-04-05T08:51:32.054723+00:00"
}