{
  "snapshot_id": "snap_569_1775385478",
  "cycle": 569,
  "brier_score": 0.06304328687366167,
  "ece": 0.18818828387886205,
  "discrimination": 0.9972932564007336,
  "roi": -0.1361,
  "edge_hit_rate": 0.3576,
  "health_score": 78.7,
  "model_weights": {
    "external_data": 0.0,
    "microstructure": 1.0
  },
  "approach": "time_series_heavy",
  "n_predictions": 3269,
  "timestamp": "2026-04-05T10:37:58.757487+00:00"
}