{
  "snapshot_id": "snap_675_1775387323",
  "cycle": 675,
  "brier_score": 0.06285270016736402,
  "ece": 0.1873177341486965,
  "discrimination": 0.9975643050295645,
  "roi": -0.1774,
  "edge_hit_rate": 0.323,
  "health_score": 74.6,
  "model_weights": {
    "external_data": 0.0,
    "microstructure": 1.0
  },
  "approach": "time_series_heavy",
  "n_predictions": 3107,
  "timestamp": "2026-04-05T11:08:43.113265+00:00"
}