{
  "snapshot_id": "snap_839_1775390198",
  "cycle": 839,
  "brier_score": 0.06453501271181102,
  "ece": 0.1840755275590551,
  "discrimination": 0.9949917855556023,
  "roi": -0.1155,
  "edge_hit_rate": 0.3715,
  "health_score": 80.5,
  "model_weights": {
    "external_data": 0.0,
    "microstructure": 1.0
  },
  "approach": "time_series_heavy",
  "n_predictions": 3175,
  "timestamp": "2026-04-05T11:56:38.080071+00:00"
}