{
  "snapshot_id": "snap_469_1775383624",
  "cycle": 469,
  "brier_score": 0.06456180352956777,
  "ece": 0.18837032617342883,
  "discrimination": 0.9973450477344604,
  "roi": -0.1658,
  "edge_hit_rate": 0.3411,
  "health_score": 75.6,
  "model_weights": {
    "external_data": 0.0,
    "microstructure": 1.0
  },
  "approach": "time_series_heavy",
  "n_predictions": 3771,
  "timestamp": "2026-04-05T10:07:04.768247+00:00"
}