{
  "snapshot_id": "snap_409_1775382442",
  "cycle": 409,
  "brier_score": 0.06238032682425823,
  "ece": 0.19173136615585262,
  "discrimination": 0.9979019615330068,
  "roi": -0.2741,
  "edge_hit_rate": 0.2624,
  "health_score": 72.4,
  "model_weights": {
    "external_data": 0.0,
    "microstructure": 1.0
  },
  "approach": "time_series_heavy",
  "n_predictions": 3067,
  "timestamp": "2026-04-05T09:47:22.229091+00:00"
}