{
  "snapshot_id": "snap_246_1775379410",
  "cycle": 246,
  "brier_score": 0.06620769205583757,
  "ece": 0.20932208121827411,
  "discrimination": 0.9983579638752053,
  "roi": -0.5541,
  "edge_hit_rate": 0.1298,
  "health_score": 72.0,
  "model_weights": {
    "external_data": 0.0,
    "microstructure": 1.0
  },
  "approach": "time_series_heavy",
  "n_predictions": 394,
  "timestamp": "2026-04-05T08:56:50.064296+00:00"
}