{
  "snapshot_id": "snap_496_1775384111",
  "cycle": 496,
  "brier_score": 0.06347548245818871,
  "ece": 0.18675011044493534,
  "discrimination": 0.997739638638515,
  "roi": -0.1184,
  "edge_hit_rate": 0.3656,
  "health_score": 80.5,
  "model_weights": {
    "external_data": 0.0,
    "microstructure": 1.0
  },
  "approach": "time_series_heavy",
  "n_predictions": 3169,
  "timestamp": "2026-04-05T10:15:11.174989+00:00"
}