{
  "snapshot_id": "snap_308_1775380516",
  "cycle": 308,
  "brier_score": 0.06519438716485508,
  "ece": 0.1943348731884058,
  "discrimination": 0.9978005961570852,
  "roi": -0.3376,
  "edge_hit_rate": 0.2373,
  "health_score": 72.1,
  "model_weights": {
    "external_data": 0.0,
    "microstructure": 1.0
  },
  "approach": "time_series_heavy",
  "n_predictions": 3312,
  "timestamp": "2026-04-05T09:15:16.936636+00:00"
}