{
  "snapshot_id": "snap_107_1775376589",
  "cycle": 107,
  "brier_score": 0.06908591708666666,
  "ece": 0.2128098,
  "discrimination": 0.9980395181714168,
  "roi": -0.567,
  "edge_hit_rate": 0.1218,
  "health_score": 71.6,
  "model_weights": {
    "external_data": 0.0,
    "microstructure": 1.0
  },
  "approach": "time_series_heavy",
  "n_predictions": 3000,
  "timestamp": "2026-04-05T08:09:49.440836+00:00"
}