{
  "snapshot_id": "snap_716_1775388023",
  "cycle": 716,
  "brier_score": 0.06339645090464548,
  "ece": 0.18775250611246946,
  "discrimination": 0.9978212646431013,
  "roi": -0.142,
  "edge_hit_rate": 0.3641,
  "health_score": 78.1,
  "model_weights": {
    "external_data": 0.0,
    "microstructure": 1.0
  },
  "approach": "time_series_heavy",
  "n_predictions": 3272,
  "timestamp": "2026-04-05T11:20:23.452181+00:00"
}