{
  "snapshot_id": "snap_441_1775383082",
  "cycle": 441,
  "brier_score": 0.06386261102671119,
  "ece": 0.18731071229827492,
  "discrimination": 0.9967491940452831,
  "roi": -0.2233,
  "edge_hit_rate": 0.2935,
  "health_score": 72.2,
  "model_weights": {
    "external_data": 0.0,
    "microstructure": 1.0
  },
  "approach": "time_series_heavy",
  "n_predictions": 3594,
  "timestamp": "2026-04-05T09:58:02.282342+00:00"
}