{
  "snapshot_id": "snap_497_1775384134",
  "cycle": 497,
  "brier_score": 0.06338991504595878,
  "ece": 0.186608969889065,
  "discrimination": 0.9977506538796861,
  "roi": -0.1174,
  "edge_hit_rate": 0.3663,
  "health_score": 80.6,
  "model_weights": {
    "external_data": 0.0,
    "microstructure": 1.0
  },
  "approach": "time_series_heavy",
  "n_predictions": 3155,
  "timestamp": "2026-04-05T10:15:34.003743+00:00"
}