{
  "snapshot_id": "snap_164_1775377790",
  "cycle": 164,
  "brier_score": 0.06995408183944153,
  "ece": 0.209834554973822,
  "discrimination": 0.9974513219937825,
  "roi": -0.3732,
  "edge_hit_rate": 0.2094,
  "health_score": 71.5,
  "model_weights": {
    "external_data": 0.0,
    "microstructure": 1.0
  },
  "approach": "time_series_heavy",
  "n_predictions": 5730,
  "timestamp": "2026-04-05T08:29:50.413436+00:00"
}