{
  "snapshot_id": "snap_42_1775375515",
  "cycle": 42,
  "brier_score": 0.06830944319047619,
  "ece": 0.2099370476190476,
  "discrimination": 0.9981575081166377,
  "roi": -0.3227,
  "edge_hit_rate": 0.2391,
  "health_score": 71.7,
  "model_weights": {},
  "approach": "microstructure_focus",
  "n_predictions": 2100,
  "timestamp": "2026-04-05T07:51:55.448553+00:00"
}