{
  "snapshot_id": "snap_146_1775377377",
  "cycle": 146,
  "brier_score": 0.07046604208888889,
  "ece": 0.21237094949494953,
  "discrimination": 0.9974665775093604,
  "roi": -0.4175,
  "edge_hit_rate": 0.1864,
  "health_score": 71.4,
  "model_weights": {
    "external_data": 0.0,
    "microstructure": 1.0
  },
  "approach": "time_series_heavy",
  "n_predictions": 4950,
  "timestamp": "2026-04-05T08:22:57.835131+00:00"
}