{
  "snapshot_id": "snap_803_1775389527",
  "cycle": 803,
  "brier_score": 0.06242397786686838,
  "ece": 0.18667337367624814,
  "discrimination": 0.9977307996369279,
  "roi": -0.083,
  "edge_hit_rate": 0.4119,
  "health_score": 84.1,
  "model_weights": {
    "external_data": 0.0,
    "microstructure": 1.0
  },
  "approach": "time_series_heavy",
  "n_predictions": 3305,
  "timestamp": "2026-04-05T11:45:27.268910+00:00"
}