{
  "snapshot_id": "snap_510_1775384378",
  "cycle": 510,
  "brier_score": 0.06290573593831829,
  "ece": 0.18652173407041023,
  "discrimination": 0.9972501831118552,
  "roi": -0.1235,
  "edge_hit_rate": 0.3583,
  "health_score": 80.0,
  "model_weights": {
    "external_data": 0.0,
    "microstructure": 1.0
  },
  "approach": "time_series_heavy",
  "n_predictions": 3437,
  "timestamp": "2026-04-05T10:19:38.099717+00:00"
}