{
  "snapshot_id": "snap_540_1775384956",
  "cycle": 540,
  "brier_score": 0.06262677568471336,
  "ece": 0.19095859872611465,
  "discrimination": 0.9976523715241541,
  "roi": -0.158,
  "edge_hit_rate": 0.3283,
  "health_score": 76.6,
  "model_weights": {
    "external_data": 0.0,
    "microstructure": 1.0
  },
  "approach": "time_series_heavy",
  "n_predictions": 2512,
  "timestamp": "2026-04-05T10:29:16.827647+00:00"
}