{
  "snapshot_id": "snap_578_1775385648",
  "cycle": 578,
  "brier_score": 0.06384370276574475,
  "ece": 0.19110676441186275,
  "discrimination": 0.9976384348442963,
  "roi": -0.1216,
  "edge_hit_rate": 0.3733,
  "health_score": 80.1,
  "model_weights": {
    "external_data": 0.0,
    "microstructure": 1.0
  },
  "approach": "time_series_heavy",
  "n_predictions": 3001,
  "timestamp": "2026-04-05T10:40:48.190028+00:00"
}