{
  "snapshot_id": "snap_517_1775384537",
  "cycle": 517,
  "brier_score": 0.06311397306334973,
  "ece": 0.18886745733294763,
  "discrimination": 0.9974652248271438,
  "roi": -0.1245,
  "edge_hit_rate": 0.3748,
  "health_score": 79.9,
  "model_weights": {
    "external_data": 0.0,
    "microstructure": 1.0
  },
  "approach": "time_series_heavy",
  "n_predictions": 3457,
  "timestamp": "2026-04-05T10:22:17.493510+00:00"
}