{
  "snapshot_id": "snap_697_1775387698",
  "cycle": 697,
  "brier_score": 0.06389679174127466,
  "ece": 0.18804191957511382,
  "discrimination": 0.997588674410629,
  "roi": -0.127,
  "edge_hit_rate": 0.37,
  "health_score": 79.5,
  "model_weights": {
    "external_data": 0.0,
    "microstructure": 1.0
  },
  "approach": "time_series_heavy",
  "n_predictions": 2636,
  "timestamp": "2026-04-05T11:14:58.144095+00:00"
}