{
  "snapshot_id": "snap_41_1775375500",
  "cycle": 41,
  "brier_score": 0.06790882794146341,
  "ece": 0.20883726829268295,
  "discrimination": 0.9981487810435179,
  "roi": -0.3164,
  "edge_hit_rate": 0.2421,
  "health_score": 71.8,
  "model_weights": {
    "external_data": 0.0,
    "microstructure": 1.0
  },
  "approach": "balanced",
  "n_predictions": 2050,
  "timestamp": "2026-04-05T07:51:40.502207+00:00"
}