{
  "snapshot_id": "snap_720_1775388079",
  "cycle": 720,
  "brier_score": 0.06311958933745279,
  "ece": 0.18833223480947478,
  "discrimination": 0.9980359248532872,
  "roi": -0.1689,
  "edge_hit_rate": 0.3497,
  "health_score": 75.5,
  "model_weights": {
    "external_data": 0.0,
    "microstructure": 1.0
  },
  "approach": "time_series_heavy",
  "n_predictions": 2913,
  "timestamp": "2026-04-05T11:21:19.259225+00:00"
}