{
  "snapshot_id": "snap_356_1775381447",
  "cycle": 356,
  "brier_score": 0.06539348249576701,
  "ece": 0.19287717575347105,
  "discrimination": 0.9972170225496735,
  "roi": -0.2103,
  "edge_hit_rate": 0.3059,
  "health_score": 72.0,
  "model_weights": {
    "external_data": 0.0,
    "microstructure": 1.0
  },
  "approach": "time_series_heavy",
  "n_predictions": 2953,
  "timestamp": "2026-04-05T09:30:47.141142+00:00"
}