{
  "snapshot_id": "snap_390_1775382087",
  "cycle": 390,
  "brier_score": 0.0658307210427178,
  "ece": 0.1946975445677767,
  "discrimination": 0.997399432235507,
  "roi": -0.252,
  "edge_hit_rate": 0.2746,
  "health_score": 72.0,
  "model_weights": {
    "external_data": 0.0,
    "microstructure": 1.0
  },
  "approach": "time_series_heavy",
  "n_predictions": 2973,
  "timestamp": "2026-04-05T09:41:27.905277+00:00"
}