{
  "snapshot_id": "snap_385_1775382011",
  "cycle": 385,
  "brier_score": 0.06491229586294417,
  "ece": 0.19423346627991295,
  "discrimination": 0.9974520517950096,
  "roi": -0.3075,
  "edge_hit_rate": 0.2453,
  "health_score": 72.1,
  "model_weights": {
    "external_data": 0.0,
    "microstructure": 1.0
  },
  "approach": "time_series_heavy",
  "n_predictions": 2758,
  "timestamp": "2026-04-05T09:40:11.645297+00:00"
}