{
  "snapshot_id": "snap_317_1775380684",
  "cycle": 317,
  "brier_score": 0.06477159674837982,
  "ece": 0.19276241194702728,
  "discrimination": 0.9975091492294721,
  "roi": -0.3144,
  "edge_hit_rate": 0.2485,
  "health_score": 72.1,
  "model_weights": {
    "external_data": 0.0,
    "microstructure": 1.0
  },
  "approach": "time_series_heavy",
  "n_predictions": 3549,
  "timestamp": "2026-04-05T09:18:04.835852+00:00"
}