{
  "snapshot_id": "snap_259_1775379635",
  "cycle": 259,
  "brier_score": 0.06487215935897436,
  "ece": 0.19347185897435895,
  "discrimination": 0.9974845814977974,
  "roi": -0.302,
  "edge_hit_rate": 0.2497,
  "health_score": 72.1,
  "model_weights": {
    "external_data": 0.0,
    "microstructure": 1.0
  },
  "approach": "time_series_heavy",
  "n_predictions": 3120,
  "timestamp": "2026-04-05T09:00:35.336588+00:00"
}