{
  "snapshot_id": "snap_419_1775382643",
  "cycle": 419,
  "brier_score": 0.06314628209956076,
  "ece": 0.19176266471449485,
  "discrimination": 0.9977700237640995,
  "roi": -0.2319,
  "edge_hit_rate": 0.2889,
  "health_score": 72.3,
  "model_weights": {
    "external_data": 0.0,
    "microstructure": 1.0
  },
  "approach": "time_series_heavy",
  "n_predictions": 3415,
  "timestamp": "2026-04-05T09:50:43.703304+00:00"
}