{
  "snapshot_id": "snap_857_1775390867",
  "cycle": 857,
  "brier_score": 0.07346750350919505,
  "ece": 0.16630208019294546,
  "discrimination": 0.9731462851181161,
  "roi": -0.123,
  "edge_hit_rate": 0.3665,
  "health_score": 77.8,
  "model_weights": {
    "external_data": 1.0,
    "microstructure": 0.0
  },
  "approach": "time_series_heavy",
  "n_predictions": 3317,
  "timestamp": "2026-04-05T12:07:47.377128+00:00"
}