{
  "snapshot_id": "snap_469_1775383635",
  "cycle": 469,
  "brier_score": 0.06454091647940075,
  "ece": 0.18860262172284645,
  "discrimination": 0.997353054223296,
  "roi": -0.1658,
  "edge_hit_rate": 0.3411,
  "health_score": 75.6,
  "model_weights": {
    "external_data": 0.0,
    "microstructure": 1.0
  },
  "approach": "time_series_heavy",
  "n_predictions": 3738,
  "timestamp": "2026-04-05T10:07:15.076190+00:00"
}