{
  "snapshot_id": "snap_366_1775381635",
  "cycle": 366,
  "brier_score": 0.06501094725412541,
  "ece": 0.1926486468646865,
  "discrimination": 0.997448011319981,
  "roi": -0.2859,
  "edge_hit_rate": 0.2564,
  "health_score": 72.1,
  "model_weights": {
    "external_data": 0.0,
    "microstructure": 1.0
  },
  "approach": "time_series_heavy",
  "n_predictions": 3030,
  "timestamp": "2026-04-05T09:33:55.274804+00:00"
}