{
  "snapshot_id": "snap_75_1775376077",
  "cycle": 75,
  "brier_score": 0.06678929519285715,
  "ece": 0.21111821428571428,
  "discrimination": 0.9986506739734089,
  "roi": -0.5222,
  "edge_hit_rate": 0.1385,
  "health_score": 71.9,
  "model_weights": {
    "external_data": 0.0,
    "microstructure": 1.0
  },
  "approach": "time_series_heavy",
  "n_predictions": 1400,
  "timestamp": "2026-04-05T08:01:17.925372+00:00"
}