{
  "snapshot_id": "snap_676_1775387324",
  "cycle": 676,
  "brier_score": 0.06282477570877532,
  "ece": 0.18730662166505943,
  "discrimination": 0.9975706361116801,
  "roi": -0.1774,
  "edge_hit_rate": 0.323,
  "health_score": 74.6,
  "model_weights": {
    "external_data": 0.0,
    "microstructure": 1.0
  },
  "approach": "time_series_heavy",
  "n_predictions": 3111,
  "timestamp": "2026-04-05T11:08:44.377807+00:00"
}