{
  "snapshot_id": "snap_307_1775380499",
  "cycle": 307,
  "brier_score": 0.06543726831270752,
  "ece": 0.19409586477512833,
  "discrimination": 0.997756514781913,
  "roi": -0.3376,
  "edge_hit_rate": 0.2373,
  "health_score": 72.1,
  "model_weights": {
    "external_data": 0.0,
    "microstructure": 1.0
  },
  "approach": "time_series_heavy",
  "n_predictions": 3313,
  "timestamp": "2026-04-05T09:14:59.812498+00:00"
}