{
  "snapshot_id": "snap_684_1775387477",
  "cycle": 684,
  "brier_score": 0.06301999723835247,
  "ece": 0.18968075624577987,
  "discrimination": 0.9979806138933764,
  "roi": -0.1508,
  "edge_hit_rate": 0.3454,
  "health_score": 77.3,
  "model_weights": {
    "external_data": 0.0,
    "microstructure": 1.0
  },
  "approach": "time_series_heavy",
  "n_predictions": 2962,
  "timestamp": "2026-04-05T11:11:17.900530+00:00"
}