{
  "snapshot_id": "snap_608_1775386153",
  "cycle": 608,
  "brier_score": 0.10510649392880686,
  "ece": 0.12290197758734345,
  "discrimination": 0.9238599650769862,
  "roi": -0.1168,
  "edge_hit_rate": 0.3693,
  "health_score": 72.7,
  "model_weights": {
    "external_data": 0.0,
    "microstructure": 1.0
  },
  "approach": "time_series_heavy",
  "n_predictions": 3034,
  "timestamp": "2026-04-05T10:49:13.492174+00:00"
}