{
  "snapshot_id": "snap_887_1775390991",
  "cycle": 887,
  "brier_score": 0.07269121722171112,
  "ece": 0.16714222631094752,
  "discrimination": 0.9755869478403928,
  "roi": -0.1438,
  "edge_hit_rate": 0.3421,
  "health_score": 75.9,
  "model_weights": {
    "external_data": 1.0,
    "microstructure": 0.0
  },
  "approach": "time_series_heavy",
  "n_predictions": 3261,
  "timestamp": "2026-04-05T12:09:51.496349+00:00"
}