{
  "snapshot_id": "snap_248_1775379444",
  "cycle": 248,
  "brier_score": 0.06520662259316293,
  "ece": 0.1926094240837697,
  "discrimination": 0.9969864483474448,
  "roi": -0.3552,
  "edge_hit_rate": 0.2167,
  "health_score": 72.1,
  "model_weights": {
    "external_data": 0.0,
    "microstructure": 1.0
  },
  "approach": "time_series_heavy",
  "n_predictions": 3247,
  "timestamp": "2026-04-05T08:57:24.568485+00:00"
}