{
  "snapshot_id": "snap_148_1775377419",
  "cycle": 148,
  "brier_score": 0.0702768595980198,
  "ece": 0.21167261386138614,
  "discrimination": 0.9975410993611843,
  "roi": -0.3944,
  "edge_hit_rate": 0.198,
  "health_score": 71.5,
  "model_weights": {
    "external_data": 0.0,
    "microstructure": 1.0
  },
  "approach": "time_series_heavy",
  "n_predictions": 5050,
  "timestamp": "2026-04-05T08:23:39.322015+00:00"
}