{
  "snapshot_id": "snap_392_1775382125",
  "cycle": 392,
  "brier_score": 0.06592034038570418,
  "ece": 0.19538807501769284,
  "discrimination": 0.99738106308895,
  "roi": -0.2683,
  "edge_hit_rate": 0.2663,
  "health_score": 72.0,
  "model_weights": {
    "external_data": 0.0,
    "microstructure": 1.0
  },
  "approach": "time_series_heavy",
  "n_predictions": 2826,
  "timestamp": "2026-04-05T09:42:05.858465+00:00"
}