{
  "snapshot_id": "snap_721_1775388101",
  "cycle": 721,
  "brier_score": 0.0628378422952512,
  "ece": 0.1875396765313145,
  "discrimination": 0.9980044342633705,
  "roi": -0.1567,
  "edge_hit_rate": 0.3569,
  "health_score": 76.7,
  "model_weights": {
    "external_data": 0.0,
    "microstructure": 1.0
  },
  "approach": "time_series_heavy",
  "n_predictions": 2906,
  "timestamp": "2026-04-05T11:21:41.053789+00:00"
}