{
  "snapshot_id": "snap_683_1775387461",
  "cycle": 683,
  "brier_score": 0.06298376550433275,
  "ece": 0.18937143847486998,
  "discrimination": 0.9979365539662155,
  "roi": -0.1496,
  "edge_hit_rate": 0.3463,
  "health_score": 77.4,
  "model_weights": {
    "external_data": 0.0,
    "microstructure": 1.0
  },
  "approach": "time_series_heavy",
  "n_predictions": 2885,
  "timestamp": "2026-04-05T11:11:01.678555+00:00"
}