{
  "snapshot_id": "snap_214_1775378758",
  "cycle": 214,
  "brier_score": 0.06891763084942085,
  "ece": 0.20196534006534003,
  "discrimination": 0.9972506921352182,
  "roi": -0.342,
  "edge_hit_rate": 0.2276,
  "health_score": 71.6,
  "model_weights": {
    "external_data": 0.0,
    "microstructure": 1.0
  },
  "approach": "time_series_heavy",
  "n_predictions": 3367,
  "timestamp": "2026-04-05T08:45:58.930604+00:00"
}