{
  "snapshot_id": "snap_672_1775387255",
  "cycle": 672,
  "brier_score": 0.06316746375567191,
  "ece": 0.18683120418848168,
  "discrimination": 0.9975163298955997,
  "roi": -0.1774,
  "edge_hit_rate": 0.323,
  "health_score": 74.6,
  "model_weights": {
    "external_data": 0.0,
    "microstructure": 1.0
  },
  "approach": "time_series_heavy",
  "n_predictions": 2865,
  "timestamp": "2026-04-05T11:07:35.312220+00:00"
}