{
  "snapshot_id": "snap_795_1775389386",
  "cycle": 795,
  "brier_score": 0.06354528519751165,
  "ece": 0.18801353032659407,
  "discrimination": 0.9974871086534278,
  "roi": -0.0829,
  "edge_hit_rate": 0.4122,
  "health_score": 84.0,
  "model_weights": {
    "external_data": 0.0,
    "microstructure": 1.0
  },
  "approach": "time_series_heavy",
  "n_predictions": 3215,
  "timestamp": "2026-04-05T11:43:06.251392+00:00"
}