{
  "snapshot_id": "snap_253_1775379522",
  "cycle": 253,
  "brier_score": 0.06507151562616242,
  "ece": 0.19236078735275883,
  "discrimination": 0.9968780326464389,
  "roi": -0.3559,
  "edge_hit_rate": 0.2162,
  "health_score": 72.1,
  "model_weights": {
    "external_data": 0.0,
    "microstructure": 1.0
  },
  "approach": "time_series_heavy",
  "n_predictions": 3226,
  "timestamp": "2026-04-05T08:58:42.458295+00:00"
}