{
  "snapshot_id": "snap_858_1775390904",
  "cycle": 858,
  "brier_score": 0.07398383571002387,
  "ece": 0.1647491050119332,
  "discrimination": 0.9712429406200705,
  "roi": -0.1239,
  "edge_hit_rate": 0.3667,
  "health_score": 77.6,
  "model_weights": {
    "external_data": 1.0,
    "microstructure": 0.0
  },
  "approach": "time_series_heavy",
  "n_predictions": 3352,
  "timestamp": "2026-04-05T12:08:24.020176+00:00"
}