{
  "snapshot_id": "snap_579_1775385652",
  "cycle": 579,
  "brier_score": 0.06373120926893813,
  "ece": 0.1910175984121733,
  "discrimination": 0.9976663799276697,
  "roi": -0.1213,
  "edge_hit_rate": 0.3762,
  "health_score": 80.1,
  "model_weights": {
    "external_data": 0.0,
    "microstructure": 1.0
  },
  "approach": "time_series_heavy",
  "n_predictions": 3023,
  "timestamp": "2026-04-05T10:40:52.701566+00:00"
}