{
  "snapshot_id": "snap_424_1775382753",
  "cycle": 424,
  "brier_score": 0.06334931694905552,
  "ece": 0.190278992558672,
  "discrimination": 0.9975628056962677,
  "roi": -0.1691,
  "edge_hit_rate": 0.3313,
  "health_score": 75.4,
  "model_weights": {
    "external_data": 0.0,
    "microstructure": 1.0
  },
  "approach": "time_series_heavy",
  "n_predictions": 3494,
  "timestamp": "2026-04-05T09:52:33.096112+00:00"
}