{
  "snapshot_id": "snap_304_1775380464",
  "cycle": 304,
  "brier_score": 0.06594379365861311,
  "ece": 0.1953185754628177,
  "discrimination": 0.9977868137836409,
  "roi": -0.3405,
  "edge_hit_rate": 0.2345,
  "health_score": 72.0,
  "model_weights": {
    "external_data": 0.0,
    "microstructure": 1.0
  },
  "approach": "time_series_heavy",
  "n_predictions": 3187,
  "timestamp": "2026-04-05T09:14:24.638296+00:00"
}