{
  "snapshot_id": "snap_760_1775388772",
  "cycle": 760,
  "brier_score": 0.06311035890032154,
  "ece": 0.1894190996784566,
  "discrimination": 0.9978148545774375,
  "roi": -0.0814,
  "edge_hit_rate": 0.4083,
  "health_score": 84.2,
  "model_weights": {
    "external_data": 0.0,
    "microstructure": 1.0
  },
  "approach": "time_series_heavy",
  "n_predictions": 3110,
  "timestamp": "2026-04-05T11:32:52.159258+00:00"
}