{
  "snapshot_id": "snap_464_1775383526",
  "cycle": 464,
  "brier_score": 0.06400070969189188,
  "ece": 0.18685545945945944,
  "discrimination": 0.9972120918012215,
  "roi": -0.1462,
  "edge_hit_rate": 0.3588,
  "health_score": 77.6,
  "model_weights": {
    "external_data": 0.0,
    "microstructure": 1.0
  },
  "approach": "time_series_heavy",
  "n_predictions": 3700,
  "timestamp": "2026-04-05T10:05:26.833194+00:00"
}