{
  "snapshot_id": "snap_375_1775381805",
  "cycle": 375,
  "brier_score": 0.06430917455918511,
  "ece": 0.19329964875307343,
  "discrimination": 0.9977406326558439,
  "roi": -0.3279,
  "edge_hit_rate": 0.2366,
  "health_score": 72.2,
  "model_weights": {
    "external_data": 0.0,
    "microstructure": 1.0
  },
  "approach": "time_series_heavy",
  "n_predictions": 2847,
  "timestamp": "2026-04-05T09:36:45.844123+00:00"
}