{
  "snapshot_id": "snap_505_1775384288",
  "cycle": 505,
  "brier_score": 0.0628231910851126,
  "ece": 0.1871211465340743,
  "discrimination": 0.9973525733586837,
  "roi": -0.1218,
  "edge_hit_rate": 0.36,
  "health_score": 80.2,
  "model_weights": {
    "external_data": 0.0,
    "microstructure": 1.0
  },
  "approach": "time_series_heavy",
  "n_predictions": 3419,
  "timestamp": "2026-04-05T10:18:08.899009+00:00"
}