{
  "snapshot_id": "snap_702_1775387791",
  "cycle": 702,
  "brier_score": 0.06361097699575373,
  "ece": 0.1862565109695683,
  "discrimination": 0.9976134462888668,
  "roi": -0.1527,
  "edge_hit_rate": 0.351,
  "health_score": 77.0,
  "model_weights": {
    "external_data": 0.1859,
    "microstructure": 0.8141
  },
  "approach": "time_series_heavy",
  "n_predictions": 2826,
  "timestamp": "2026-04-05T11:16:31.634941+00:00"
}