{
  "snapshot_id": "snap_647_1775386830",
  "cycle": 647,
  "brier_score": 0.06333830030220712,
  "ece": 0.1885546689303905,
  "discrimination": 0.9979393685386979,
  "roi": -0.1011,
  "edge_hit_rate": 0.3866,
  "health_score": 82.2,
  "model_weights": {
    "external_data": 0.0,
    "microstructure": 1.0
  },
  "approach": "time_series_heavy",
  "n_predictions": 2945,
  "timestamp": "2026-04-05T11:00:30.659623+00:00"
}