{
  "snapshot_id": "snap_361_1775381549",
  "cycle": 361,
  "brier_score": 0.06534238688551633,
  "ece": 0.1928706367535467,
  "discrimination": 0.9974520287565084,
  "roi": -0.2218,
  "edge_hit_rate": 0.2951,
  "health_score": 72.1,
  "model_weights": {
    "external_data": 0.0,
    "microstructure": 1.0
  },
  "approach": "time_series_heavy",
  "n_predictions": 3031,
  "timestamp": "2026-04-05T09:32:29.733944+00:00"
}