{
  "snapshot_id": "snap_55_1775375745",
  "cycle": 55,
  "brier_score": 0.07245722190000001,
  "ece": 0.23042300000000002,
  "discrimination": 0.9993770764119602,
  "roi": -0.5717,
  "edge_hit_rate": 0.1214,
  "health_score": 71.3,
  "model_weights": {
    "external_data": 0.0,
    "microstructure": 1.0
  },
  "approach": "time_series_heavy",
  "n_predictions": 400,
  "timestamp": "2026-04-05T07:55:45.001894+00:00"
}