{
  "snapshot_id": "snap_563_1775385360",
  "cycle": 563,
  "brier_score": 0.06289201536392405,
  "ece": 0.1868380696202532,
  "discrimination": 0.9970388323872257,
  "roi": -0.1414,
  "edge_hit_rate": 0.3491,
  "health_score": 78.2,
  "model_weights": {
    "external_data": 0.0,
    "microstructure": 1.0
  },
  "approach": "time_series_heavy",
  "n_predictions": 3160,
  "timestamp": "2026-04-05T10:36:00.859965+00:00"
}