{
  "snapshot_id": "snap_596_1775385959",
  "cycle": 596,
  "brier_score": 0.06297633032937182,
  "ece": 0.1887930730050934,
  "discrimination": 0.9978799185888738,
  "roi": -0.1286,
  "edge_hit_rate": 0.3657,
  "health_score": 79.5,
  "model_weights": {
    "external_data": 0.0,
    "microstructure": 1.0
  },
  "approach": "time_series_heavy",
  "n_predictions": 2945,
  "timestamp": "2026-04-05T10:45:59.934353+00:00"
}