{
  "snapshot_id": "snap_377_1775381846",
  "cycle": 377,
  "brier_score": 0.06459779475839174,
  "ece": 0.19510516414607154,
  "discrimination": 0.9976137621486176,
  "roi": -0.3323,
  "edge_hit_rate": 0.2328,
  "health_score": 72.2,
  "model_weights": {
    "external_data": 0.0,
    "microstructure": 1.0
  },
  "approach": "time_series_heavy",
  "n_predictions": 2711,
  "timestamp": "2026-04-05T09:37:26.919100+00:00"
}