{
  "snapshot_id": "snap_450_1775383253",
  "cycle": 450,
  "brier_score": 0.06329889708892616,
  "ece": 0.1885252516778523,
  "discrimination": 0.9973523105805856,
  "roi": -0.1832,
  "edge_hit_rate": 0.3261,
  "health_score": 74.0,
  "model_weights": {
    "external_data": 0.0,
    "microstructure": 1.0
  },
  "approach": "time_series_heavy",
  "n_predictions": 3576,
  "timestamp": "2026-04-05T10:00:53.761103+00:00"
}