{
  "snapshot_id": "snap_400_1775382268",
  "cycle": 400,
  "brier_score": 0.0642304469132948,
  "ece": 0.19402897880539502,
  "discrimination": 0.9976241578572423,
  "roi": -0.2781,
  "edge_hit_rate": 0.2599,
  "health_score": 72.2,
  "model_weights": {
    "external_data": 0.0,
    "microstructure": 1.0
  },
  "approach": "time_series_heavy",
  "n_predictions": 2595,
  "timestamp": "2026-04-05T09:44:28.490336+00:00"
}