{
  "snapshot_id": "snap_543_1775385012",
  "cycle": 543,
  "brier_score": 0.06256162078566734,
  "ece": 0.1898431623931624,
  "discrimination": 0.9976055572200584,
  "roi": -0.1307,
  "edge_hit_rate": 0.3523,
  "health_score": 79.3,
  "model_weights": {
    "external_data": 0.0,
    "microstructure": 1.0
  },
  "approach": "time_series_heavy",
  "n_predictions": 3042,
  "timestamp": "2026-04-05T10:30:12.135370+00:00"
}