{
  "snapshot_id": "snap_855_1775390438",
  "cycle": 855,
  "brier_score": 0.06469607021452145,
  "ece": 0.17958280528052803,
  "discrimination": 0.9922433651168572,
  "roi": -0.0771,
  "edge_hit_rate": 0.4091,
  "health_score": 84.2,
  "model_weights": {
    "external_data": 0.8375,
    "microstructure": 0.1625
  },
  "approach": "time_series_heavy",
  "n_predictions": 3030,
  "timestamp": "2026-04-05T12:00:38.957399+00:00"
}