{
  "snapshot_id": "snap_450_1775383252",
  "cycle": 450,
  "brier_score": 0.07058292079113923,
  "ece": 0.21334841772151905,
  "discrimination": 0.9991980753809142,
  "roi": -0.3439,
  "edge_hit_rate": 0.2295,
  "health_score": 71.5,
  "model_weights": {
    "external_data": 0.0,
    "microstructure": 1.0
  },
  "approach": "time_series_heavy",
  "n_predictions": 316,
  "timestamp": "2026-04-05T10:00:52.979171+00:00"
}