{
  "snapshot_id": "snap_885_1775390960",
  "cycle": 885,
  "brier_score": 0.0743065060299054,
  "ece": 0.1647434848947208,
  "discrimination": 0.9723509916070113,
  "roi": -0.126,
  "edge_hit_rate": 0.3659,
  "health_score": 77.4,
  "model_weights": {
    "external_data": 1.0,
    "microstructure": 0.0
  },
  "approach": "time_series_heavy",
  "n_predictions": 3277,
  "timestamp": "2026-04-05T12:09:20.840711+00:00"
}