{
  "snapshot_id": "snap_533_1775384829",
  "cycle": 533,
  "brier_score": 0.06249689154757874,
  "ece": 0.1925072807314595,
  "discrimination": 0.9978878263316553,
  "roi": -0.1557,
  "edge_hit_rate": 0.3308,
  "health_score": 76.8,
  "model_weights": {
    "external_data": 0.0,
    "microstructure": 1.0
  },
  "approach": "time_series_heavy",
  "n_predictions": 2953,
  "timestamp": "2026-04-05T10:27:09.301626+00:00"
}