{
  "snapshot_id": "snap_798_1775389438",
  "cycle": 798,
  "brier_score": 0.06381623234870318,
  "ece": 0.18756383285302594,
  "discrimination": 0.9974532690337999,
  "roi": -0.1075,
  "edge_hit_rate": 0.3845,
  "health_score": 81.5,
  "model_weights": {
    "external_data": 0.0,
    "microstructure": 1.0
  },
  "approach": "time_series_heavy",
  "n_predictions": 2776,
  "timestamp": "2026-04-05T11:43:58.256525+00:00"
}