{
  "snapshot_id": "snap_569_1775385469",
  "cycle": 569,
  "brier_score": 0.06447583075187971,
  "ece": 0.20811804511278195,
  "discrimination": 1.0,
  "roi": -0.1598,
  "edge_hit_rate": 0.3333,
  "health_score": 76.3,
  "model_weights": {
    "external_data": 0.0,
    "microstructure": 1.0
  },
  "approach": "time_series_heavy",
  "n_predictions": 133,
  "timestamp": "2026-04-05T10:37:49.979918+00:00"
}