{
  "snapshot_id": "snap_731_1775388284",
  "cycle": 731,
  "brier_score": 0.06282588691778682,
  "ece": 0.1853927164738981,
  "discrimination": 0.9979046518686785,
  "roi": -0.1843,
  "edge_hit_rate": 0.3313,
  "health_score": 73.9,
  "model_weights": {
    "external_data": 0.0,
    "microstructure": 1.0
  },
  "approach": "time_series_heavy",
  "n_predictions": 3199,
  "timestamp": "2026-04-05T11:24:44.624116+00:00"
}