{
  "snapshot_id": "snap_646_1775386814",
  "cycle": 646,
  "brier_score": 0.06309367273141656,
  "ece": 0.18918509817671814,
  "discrimination": 0.9979562128680551,
  "roi": -0.1052,
  "edge_hit_rate": 0.3832,
  "health_score": 81.8,
  "model_weights": {
    "external_data": 0.0,
    "microstructure": 1.0
  },
  "approach": "time_series_heavy",
  "n_predictions": 2852,
  "timestamp": "2026-04-05T11:00:14.820632+00:00"
}