{
  "snapshot_id": "snap_763_1775388831",
  "cycle": 763,
  "brier_score": 0.06305947747497578,
  "ece": 0.18896286729092673,
  "discrimination": 0.9977557725529763,
  "roi": -0.0821,
  "edge_hit_rate": 0.4075,
  "health_score": 84.1,
  "model_weights": {
    "external_data": 0.0,
    "microstructure": 1.0
  },
  "approach": "time_series_heavy",
  "n_predictions": 3097,
  "timestamp": "2026-04-05T11:33:51.171690+00:00"
}