{
  "snapshot_id": "snap_744_1775388498",
  "cycle": 744,
  "brier_score": 0.06397353919856068,
  "ece": 0.1853315996074583,
  "discrimination": 0.9973907406524124,
  "roi": -0.1475,
  "edge_hit_rate": 0.3577,
  "health_score": 77.5,
  "model_weights": {
    "external_data": 0.0,
    "microstructure": 1.0
  },
  "approach": "time_series_heavy",
  "n_predictions": 3057,
  "timestamp": "2026-04-05T11:28:18.099096+00:00"
}