{
  "snapshot_id": "snap_375_1775381808",
  "cycle": 375,
  "brier_score": 0.06428232861851332,
  "ece": 0.19330420757363254,
  "discrimination": 0.9977460805214858,
  "roi": -0.3279,
  "edge_hit_rate": 0.2366,
  "health_score": 72.2,
  "model_weights": {
    "external_data": 0.0,
    "microstructure": 1.0
  },
  "approach": "time_series_heavy",
  "n_predictions": 2852,
  "timestamp": "2026-04-05T09:36:48.602049+00:00"
}