{
  "snapshot_id": "snap_488_1775383967",
  "cycle": 488,
  "brier_score": 0.06397565854258674,
  "ece": 0.1893802523659306,
  "discrimination": 0.9979354788598324,
  "roi": -0.09,
  "edge_hit_rate": 0.3898,
  "health_score": 83.2,
  "model_weights": {
    "external_data": 0.0,
    "microstructure": 1.0
  },
  "approach": "time_series_heavy",
  "n_predictions": 3170,
  "timestamp": "2026-04-05T10:12:47.003461+00:00"
}