{
  "snapshot_id": "snap_500_1775384177",
  "cycle": 500,
  "brier_score": 0.06319426649074074,
  "ece": 0.18633811728395058,
  "discrimination": 0.9973463207948157,
  "roi": -0.1373,
  "edge_hit_rate": 0.3487,
  "health_score": 78.6,
  "model_weights": {
    "external_data": 0.0,
    "microstructure": 1.0
  },
  "approach": "time_series_heavy",
  "n_predictions": 3240,
  "timestamp": "2026-04-05T10:16:17.556656+00:00"
}