{
  "snapshot_id": "snap_302_1775380427",
  "cycle": 302,
  "brier_score": 0.06475138652902454,
  "ece": 0.19455212447636144,
  "discrimination": 0.9979612998125975,
  "roi": -0.3405,
  "edge_hit_rate": 0.2345,
  "health_score": 72.1,
  "model_weights": {
    "external_data": 0.0,
    "microstructure": 1.0
  },
  "approach": "time_series_heavy",
  "n_predictions": 3342,
  "timestamp": "2026-04-05T09:13:47.938135+00:00"
}