{
  "snapshot_id": "snap_329_1775380919",
  "cycle": 329,
  "brier_score": 0.06524908280612245,
  "ece": 0.19076345327604724,
  "discrimination": 0.9974802087689201,
  "roi": -0.1916,
  "edge_hit_rate": 0.3206,
  "health_score": 72.9,
  "model_weights": {
    "external_data": 0.0,
    "microstructure": 1.0
  },
  "approach": "time_series_heavy",
  "n_predictions": 3724,
  "timestamp": "2026-04-05T09:21:59.636162+00:00"
}