{
  "snapshot_id": "snap_842_1775390314",
  "cycle": 842,
  "brier_score": 0.06536102018012223,
  "ece": 0.18081447410743004,
  "discrimination": 0.9907913765834986,
  "roi": -0.1263,
  "edge_hit_rate": 0.3627,
  "health_score": 79.2,
  "model_weights": {
    "external_data": 0.8472,
    "microstructure": 0.1528
  },
  "approach": "time_series_heavy",
  "n_predictions": 3109,
  "timestamp": "2026-04-05T11:58:34.621243+00:00"
}