{
  "snapshot_id": "snap_172_1775377954",
  "cycle": 172,
  "brier_score": 0.07011440941649377,
  "ece": 0.20887793049792527,
  "discrimination": 0.9976895338748837,
  "roi": -0.3486,
  "edge_hit_rate": 0.2216,
  "health_score": 71.5,
  "model_weights": {
    "external_data": 0.0,
    "microstructure": 1.0
  },
  "approach": "time_series_heavy",
  "n_predictions": 3856,
  "timestamp": "2026-04-05T08:32:34.100975+00:00"
}