{
  "snapshot_id": "snap_191_1775378313",
  "cycle": 191,
  "brier_score": 0.0687655954057626,
  "ece": 0.20298815754692046,
  "discrimination": 0.9975820841241518,
  "roi": -0.3869,
  "edge_hit_rate": 0.2011,
  "health_score": 71.7,
  "model_weights": {
    "external_data": 0.0,
    "microstructure": 1.0
  },
  "approach": "time_series_heavy",
  "n_predictions": 3783,
  "timestamp": "2026-04-05T08:38:33.249307+00:00"
}