{
  "snapshot_id": "snap_220_1775378887",
  "cycle": 220,
  "brier_score": 0.06868994357919483,
  "ece": 0.20130984425506906,
  "discrimination": 0.9972928829580205,
  "roi": -0.3715,
  "edge_hit_rate": 0.2122,
  "health_score": 71.6,
  "model_weights": {
    "external_data": 0.0,
    "microstructure": 1.0
  },
  "approach": "time_series_heavy",
  "n_predictions": 3403,
  "timestamp": "2026-04-05T08:48:07.643997+00:00"
}