{
  "snapshot_id": "snap_109_1775376626",
  "cycle": 109,
  "brier_score": 0.06948393055483872,
  "ece": 0.21171109677419353,
  "discrimination": 0.9974489489503363,
  "roi": -0.5634,
  "edge_hit_rate": 0.1231,
  "health_score": 71.6,
  "model_weights": {
    "external_data": 0.0,
    "microstructure": 1.0
  },
  "approach": "time_series_heavy",
  "n_predictions": 3100,
  "timestamp": "2026-04-05T08:10:26.678130+00:00"
}