{
  "snapshot_id": "snap_823_1775389874",
  "cycle": 823,
  "brier_score": 0.06261175176045741,
  "ece": 0.1863383087571472,
  "discrimination": 0.997950770445752,
  "roi": -0.0974,
  "edge_hit_rate": 0.4008,
  "health_score": 82.7,
  "model_weights": {
    "external_data": 0.0,
    "microstructure": 1.0
  },
  "approach": "time_series_heavy",
  "n_predictions": 3323,
  "timestamp": "2026-04-05T11:51:14.380936+00:00"
}