{
  "snapshot_id": "snap_79_1775376135",
  "cycle": 79,
  "brier_score": 0.067640547175,
  "ece": 0.213446625,
  "discrimination": 0.9986638996572841,
  "roi": -0.5315,
  "edge_hit_rate": 0.1362,
  "health_score": 71.8,
  "model_weights": {
    "external_data": 0.0,
    "microstructure": 1.0
  },
  "approach": "time_series_heavy",
  "n_predictions": 1600,
  "timestamp": "2026-04-05T08:02:15.505914+00:00"
}