{
  "snapshot_id": "snap_400_1775382284",
  "cycle": 400,
  "brier_score": 0.06462515797171717,
  "ece": 0.19348387878787876,
  "discrimination": 0.9974517857142857,
  "roi": -0.2761,
  "edge_hit_rate": 0.2616,
  "health_score": 72.1,
  "model_weights": {
    "external_data": 0.0,
    "microstructure": 1.0
  },
  "approach": "time_series_heavy",
  "n_predictions": 2475,
  "timestamp": "2026-04-05T09:44:44.166515+00:00"
}