{
  "snapshot_id": "snap_518_1775384556",
  "cycle": 518,
  "brier_score": 0.0637546800498753,
  "ece": 0.190756608478803,
  "discrimination": 0.9977878842582938,
  "roi": -0.1314,
  "edge_hit_rate": 0.3685,
  "health_score": 79.1,
  "model_weights": {
    "external_data": 0.0,
    "microstructure": 1.0
  },
  "approach": "time_series_heavy",
  "n_predictions": 3208,
  "timestamp": "2026-04-05T10:22:36.365229+00:00"
}