{
  "snapshot_id": "snap_893_1775391090",
  "cycle": 893,
  "brier_score": 0.07252329255325443,
  "ece": 0.17184713017751482,
  "discrimination": 0.9762145156570091,
  "roi": -0.2453,
  "edge_hit_rate": 0.2738,
  "health_score": 70.3,
  "model_weights": {
    "external_data": 1.0,
    "microstructure": 0.0
  },
  "approach": "time_series_heavy",
  "n_predictions": 3380,
  "timestamp": "2026-04-05T12:11:30.780187+00:00"
}