{
  "snapshot_id": "snap_401_1775382303",
  "cycle": 401,
  "brier_score": 0.06380273258243793,
  "ece": 0.19383253056687663,
  "discrimination": 0.9976910468679479,
  "roi": -0.2761,
  "edge_hit_rate": 0.2616,
  "health_score": 72.3,
  "model_weights": {
    "external_data": 0.0,
    "microstructure": 1.0
  },
  "approach": "time_series_heavy",
  "n_predictions": 2699,
  "timestamp": "2026-04-05T09:45:03.829034+00:00"
}