{
  "snapshot_id": "snap_837_1775390124",
  "cycle": 837,
  "brier_score": 0.06391918086419753,
  "ece": 0.20549382716049386,
  "discrimination": 0.9996928746928747,
  "roi": 0.2278,
  "edge_hit_rate": 0.6667,
  "health_score": 100,
  "model_weights": {
    "external_data": 0.0,
    "microstructure": 1.0
  },
  "approach": "time_series_heavy",
  "n_predictions": 162,
  "timestamp": "2026-04-05T11:55:24.956630+00:00"
}