{
  "snapshot_id": "snap_166_1775377845",
  "cycle": 166,
  "brier_score": 0.06941297241225051,
  "ece": 0.21152522367515486,
  "discrimination": 0.9974359445743239,
  "roi": -0.5436,
  "edge_hit_rate": 0.1309,
  "health_score": 71.6,
  "model_weights": {
    "external_data": 0.0,
    "microstructure": 1.0
  },
  "approach": "time_series_heavy",
  "n_predictions": 2906,
  "timestamp": "2026-04-05T08:30:45.336429+00:00"
}