{
  "snapshot_id": "snap_354_1775381410",
  "cycle": 354,
  "brier_score": 0.06555802711470794,
  "ece": 0.1926226600985222,
  "discrimination": 0.9971038901438698,
  "roi": -0.2602,
  "edge_hit_rate": 0.2738,
  "health_score": 72.0,
  "model_weights": {
    "external_data": 0.0,
    "microstructure": 1.0
  },
  "approach": "time_series_heavy",
  "n_predictions": 2842,
  "timestamp": "2026-04-05T09:30:10.821697+00:00"
}