{
  "snapshot_id": "snap_483_1775383880",
  "cycle": 483,
  "brier_score": 0.06423888127615679,
  "ece": 0.18970265251989393,
  "discrimination": 0.9978920847514233,
  "roi": -0.091,
  "edge_hit_rate": 0.3885,
  "health_score": 83.1,
  "model_weights": {
    "external_data": 0.0,
    "microstructure": 1.0
  },
  "approach": "time_series_heavy",
  "n_predictions": 3393,
  "timestamp": "2026-04-05T10:11:20.130538+00:00"
}