{
  "snapshot_id": "snap_203_1775378551",
  "cycle": 203,
  "brier_score": 0.06894562547216157,
  "ece": 0.2005191866812227,
  "discrimination": 0.9976347527076539,
  "roi": -0.268,
  "edge_hit_rate": 0.273,
  "health_score": 71.6,
  "model_weights": {
    "external_data": 0.0,
    "microstructure": 1.0
  },
  "approach": "time_series_heavy",
  "n_predictions": 3664,
  "timestamp": "2026-04-05T08:42:31.784118+00:00"
}