{
  "snapshot_id": "snap_734_1775388334",
  "cycle": 734,
  "brier_score": 0.06250691141324341,
  "ece": 0.18615404659717963,
  "discrimination": 0.998005093823477,
  "roi": -0.1865,
  "edge_hit_rate": 0.33,
  "health_score": 73.8,
  "model_weights": {
    "external_data": 0.0,
    "microstructure": 1.0
  },
  "approach": "time_series_heavy",
  "n_predictions": 3262,
  "timestamp": "2026-04-05T11:25:34.432462+00:00"
}