{
  "snapshot_id": "snap_452_1775383293",
  "cycle": 452,
  "brier_score": 0.06339405714705883,
  "ece": 0.18773205882352942,
  "discrimination": 0.9972428575176744,
  "roi": -0.1082,
  "edge_hit_rate": 0.3879,
  "health_score": 81.5,
  "model_weights": {
    "external_data": 0.0,
    "microstructure": 1.0
  },
  "approach": "time_series_heavy",
  "n_predictions": 3740,
  "timestamp": "2026-04-05T10:01:33.498002+00:00"
}