{
  "snapshot_id": "snap_751_1775388626",
  "cycle": 751,
  "brier_score": 0.06280881468195719,
  "ece": 0.18437837920489294,
  "discrimination": 0.997510601126522,
  "roi": -0.1135,
  "edge_hit_rate": 0.3843,
  "health_score": 81.0,
  "model_weights": {
    "external_data": 0.0,
    "microstructure": 1.0
  },
  "approach": "time_series_heavy",
  "n_predictions": 3270,
  "timestamp": "2026-04-05T11:30:26.281904+00:00"
}