{
  "snapshot_id": "snap_661_1775387065",
  "cycle": 661,
  "brier_score": 0.06405870491808992,
  "ece": 0.18812642035552452,
  "discrimination": 0.9974304830237803,
  "roi": -0.164,
  "edge_hit_rate": 0.3327,
  "health_score": 75.8,
  "model_weights": {
    "external_data": 0.0,
    "microstructure": 1.0
  },
  "approach": "time_series_heavy",
  "n_predictions": 2869,
  "timestamp": "2026-04-05T11:04:25.657327+00:00"
}