{
  "snapshot_id": "snap_585_1775385766",
  "cycle": 585,
  "brier_score": 0.06287329477561705,
  "ece": 0.19052165295437548,
  "discrimination": 0.9978895404414387,
  "roi": -0.1196,
  "edge_hit_rate": 0.375,
  "health_score": 80.4,
  "model_weights": {
    "external_data": 0.0,
    "microstructure": 1.0
  },
  "approach": "time_series_heavy",
  "n_predictions": 2674,
  "timestamp": "2026-04-05T10:42:46.953863+00:00"
}