{
  "snapshot_id": "snap_813_1775389700",
  "cycle": 813,
  "brier_score": 0.06177951162897223,
  "ece": 0.18690168909247062,
  "discrimination": 0.9979544723349785,
  "roi": -0.1092,
  "edge_hit_rate": 0.3917,
  "health_score": 81.6,
  "model_weights": {
    "external_data": 0.0,
    "microstructure": 1.0
  },
  "approach": "time_series_heavy",
  "n_predictions": 3493,
  "timestamp": "2026-04-05T11:48:20.938042+00:00"
}