{
  "snapshot_id": "snap_401_1775382289",
  "cycle": 401,
  "brier_score": 0.06815065930654059,
  "ece": 0.19346698187549252,
  "discrimination": 0.9966069631018084,
  "roi": -0.416,
  "edge_hit_rate": 0.1898,
  "health_score": 71.7,
  "model_weights": {
    "external_data": 0.0,
    "microstructure": 1.0
  },
  "approach": "time_series_heavy",
  "n_predictions": 1269,
  "timestamp": "2026-04-05T09:44:49.551518+00:00"
}