{
  "snapshot_id": "snap_882_1775390912",
  "cycle": 882,
  "brier_score": 0.0734621362665066,
  "ece": 0.1654545018007203,
  "discrimination": 0.9726334948089206,
  "roi": -0.1218,
  "edge_hit_rate": 0.3681,
  "health_score": 77.9,
  "model_weights": {
    "external_data": 1.0,
    "microstructure": 0.0
  },
  "approach": "time_series_heavy",
  "n_predictions": 3332,
  "timestamp": "2026-04-05T12:08:32.474394+00:00"
}