{
  "snapshot_id": "snap_253_1775379533",
  "cycle": 253,
  "brier_score": 0.07088321688811189,
  "ece": 0.22048706293706294,
  "discrimination": 0.9983402489626556,
  "roi": -0.5491,
  "edge_hit_rate": 0.1318,
  "health_score": 71.4,
  "model_weights": {
    "external_data": 0.0,
    "microstructure": 1.0
  },
  "approach": "time_series_heavy",
  "n_predictions": 286,
  "timestamp": "2026-04-05T08:58:53.318054+00:00"
}