{
  "snapshot_id": "snap_655_1775386976",
  "cycle": 655,
  "brier_score": 0.06326919849485269,
  "ece": 0.18661405750798724,
  "discrimination": 0.9977535913221929,
  "roi": -0.1349,
  "edge_hit_rate": 0.3579,
  "health_score": 78.8,
  "model_weights": {
    "external_data": 0.0,
    "microstructure": 1.0
  },
  "approach": "time_series_heavy",
  "n_predictions": 2817,
  "timestamp": "2026-04-05T11:02:56.627989+00:00"
}