{
  "snapshot_id": "snap_671_1775387255",
  "cycle": 671,
  "brier_score": 0.06313940105685385,
  "ece": 0.18680387164283221,
  "discrimination": 0.9975203005912102,
  "roi": -0.1774,
  "edge_hit_rate": 0.323,
  "health_score": 74.6,
  "model_weights": {
    "external_data": 0.0,
    "microstructure": 1.0
  },
  "approach": "time_series_heavy",
  "n_predictions": 2867,
  "timestamp": "2026-04-05T11:07:35.789829+00:00"
}