{
  "snapshot_id": "snap_862_1775390553",
  "cycle": 862,
  "brier_score": 0.06870371695472033,
  "ece": 0.1748893459603433,
  "discrimination": 0.9848853257051089,
  "roi": -0.0772,
  "edge_hit_rate": 0.4126,
  "health_score": 83.4,
  "model_weights": {
    "external_data": 1.0,
    "microstructure": 0.0
  },
  "approach": "time_series_heavy",
  "n_predictions": 3379,
  "timestamp": "2026-04-05T12:02:33.096041+00:00"
}