{
  "snapshot_id": "snap_122_1775376875",
  "cycle": 122,
  "brier_score": 0.07037259149333334,
  "ece": 0.21335088,
  "discrimination": 0.9976651507259152,
  "roi": -0.4628,
  "edge_hit_rate": 0.1644,
  "health_score": 71.5,
  "model_weights": {
    "external_data": 0.0,
    "microstructure": 1.0
  },
  "approach": "time_series_heavy",
  "n_predictions": 3750,
  "timestamp": "2026-04-05T08:14:35.149556+00:00"
}