{
  "snapshot_id": "snap_872_1775390733",
  "cycle": 872,
  "brier_score": 0.07191379801123224,
  "ece": 0.17064935579781965,
  "discrimination": 0.9778169817652981,
  "roi": -0.103,
  "edge_hit_rate": 0.3852,
  "health_score": 80.2,
  "model_weights": {
    "external_data": 1.0,
    "microstructure": 0.0
  },
  "approach": "time_series_heavy",
  "n_predictions": 3027,
  "timestamp": "2026-04-05T12:05:33.260091+00:00"
}