{
  "snapshot_id": "snap_368_1775381672",
  "cycle": 368,
  "brier_score": 0.06460581630273753,
  "ece": 0.19191780998389693,
  "discrimination": 0.9975462474794692,
  "roi": -0.3033,
  "edge_hit_rate": 0.2468,
  "health_score": 72.1,
  "model_weights": {
    "external_data": 0.0,
    "microstructure": 1.0
  },
  "approach": "time_series_heavy",
  "n_predictions": 3105,
  "timestamp": "2026-04-05T09:34:32.618048+00:00"
}