{
  "snapshot_id": "snap_848_1775390529",
  "cycle": 848,
  "brier_score": 0.06905037459745762,
  "ece": 0.1738654055690073,
  "discrimination": 0.9844870236755423,
  "roi": -0.0772,
  "edge_hit_rate": 0.4126,
  "health_score": 83.4,
  "model_weights": {
    "external_data": 1.0,
    "microstructure": 0.0
  },
  "approach": "time_series_heavy",
  "n_predictions": 3304,
  "timestamp": "2026-04-05T12:02:09.701820+00:00"
}