{
  "snapshot_id": "snap_886_1775390974",
  "cycle": 886,
  "brier_score": 0.07321159555386489,
  "ece": 0.16685596469872185,
  "discrimination": 0.9748440266259342,
  "roi": -0.1239,
  "edge_hit_rate": 0.364,
  "health_score": 77.8,
  "model_weights": {
    "external_data": 1.0,
    "microstructure": 0.0
  },
  "approach": "time_series_heavy",
  "n_predictions": 3286,
  "timestamp": "2026-04-05T12:09:34.655696+00:00"
}