{
  "snapshot_id": "snap_667_1775387187",
  "cycle": 667,
  "brier_score": 0.06330137848190348,
  "ece": 0.1874414544235925,
  "discrimination": 0.9973748061210025,
  "roi": -0.1654,
  "edge_hit_rate": 0.3327,
  "health_score": 75.8,
  "model_weights": {
    "external_data": 0.0,
    "microstructure": 1.0
  },
  "approach": "time_series_heavy",
  "n_predictions": 2984,
  "timestamp": "2026-04-05T11:06:27.551987+00:00"
}