{
  "snapshot_id": "snap_357_1775381465",
  "cycle": 357,
  "brier_score": 0.06592410020329477,
  "ece": 0.19250858745180513,
  "discrimination": 0.9970902218046559,
  "roi": -0.2115,
  "edge_hit_rate": 0.3049,
  "health_score": 72.0,
  "model_weights": {
    "external_data": 0.0,
    "microstructure": 1.0
  },
  "approach": "time_series_heavy",
  "n_predictions": 2853,
  "timestamp": "2026-04-05T09:31:05.544406+00:00"
}