{
  "snapshot_id": "snap_565_1775385400",
  "cycle": 565,
  "brier_score": 0.06283704271464646,
  "ece": 0.18618541666666666,
  "discrimination": 0.9970225330670508,
  "roi": -0.1428,
  "edge_hit_rate": 0.3485,
  "health_score": 78.1,
  "model_weights": {
    "external_data": 0.0,
    "microstructure": 1.0
  },
  "approach": "time_series_heavy",
  "n_predictions": 3168,
  "timestamp": "2026-04-05T10:36:40.251805+00:00"
}