{
  "snapshot_id": "snap_236_1775379228",
  "cycle": 236,
  "brier_score": 0.0686537800265164,
  "ece": 0.2000101425256878,
  "discrimination": 0.9965925941883803,
  "roi": -0.3642,
  "edge_hit_rate": 0.214,
  "health_score": 71.6,
  "model_weights": {
    "external_data": 0.0,
    "microstructure": 1.0
  },
  "approach": "time_series_heavy",
  "n_predictions": 3017,
  "timestamp": "2026-04-05T08:53:48.134073+00:00"
}