{
  "snapshot_id": "snap_5_1775374978",
  "cycle": 5,
  "brier_score": 0.0647582474,
  "ece": 0.19839639999999997,
  "discrimination": 0.9987290119740451,
  "roi": -0.0853,
  "edge_hit_rate": 0.396,
  "health_score": 83.6,
  "model_weights": {},
  "approach": "balanced",
  "n_predictions": 250,
  "timestamp": "2026-04-05T07:42:58.869321+00:00"
}