{
  "snapshot_id": "snap_208_1775378649",
  "cycle": 208,
  "brier_score": 0.06896709336959553,
  "ece": 0.2012534728033473,
  "discrimination": 0.9975763353314391,
  "roi": -0.2619,
  "edge_hit_rate": 0.2759,
  "health_score": 71.6,
  "model_weights": {
    "external_data": 0.0,
    "microstructure": 1.0
  },
  "approach": "time_series_heavy",
  "n_predictions": 3585,
  "timestamp": "2026-04-05T08:44:09.711274+00:00"
}