{
  "snapshot_id": "snap_197_1775378438",
  "cycle": 197,
  "brier_score": 0.06902348437037037,
  "ece": 0.20205100137174212,
  "discrimination": 0.9975588442861371,
  "roi": -0.358,
  "edge_hit_rate": 0.2182,
  "health_score": 71.6,
  "model_weights": {
    "external_data": 0.0,
    "microstructure": 1.0
  },
  "approach": "time_series_heavy",
  "n_predictions": 3645,
  "timestamp": "2026-04-05T08:40:38.125765+00:00"
}