{
  "snapshot_id": "snap_621_1775386376",
  "cycle": 621,
  "brier_score": 0.0638078111649874,
  "ece": 0.18858217884130984,
  "discrimination": 0.99747259726973,
  "roi": -0.1103,
  "edge_hit_rate": 0.3904,
  "health_score": 81.2,
  "model_weights": {
    "external_data": 0.0,
    "microstructure": 1.0
  },
  "approach": "time_series_heavy",
  "n_predictions": 3176,
  "timestamp": "2026-04-05T10:52:56.560496+00:00"
}