{
  "snapshot_id": "snap_744_1775388502",
  "cycle": 744,
  "brier_score": 0.06395820135205749,
  "ece": 0.1853260613977792,
  "discrimination": 0.9974046200575809,
  "roi": -0.1475,
  "edge_hit_rate": 0.3577,
  "health_score": 77.5,
  "model_weights": {
    "external_data": 0.0,
    "microstructure": 1.0
  },
  "approach": "time_series_heavy",
  "n_predictions": 3062,
  "timestamp": "2026-04-05T11:28:22.812129+00:00"
}