{
  "snapshot_id": "snap_781_1775389131",
  "cycle": 781,
  "brier_score": 0.06398859825682382,
  "ece": 0.18645421836228285,
  "discrimination": 0.9973326531688096,
  "roi": -0.1189,
  "edge_hit_rate": 0.3768,
  "health_score": 80.3,
  "model_weights": {
    "external_data": 0.0,
    "microstructure": 1.0
  },
  "approach": "time_series_heavy",
  "n_predictions": 3224,
  "timestamp": "2026-04-05T11:38:51.126424+00:00"
}