{
  "snapshot_id": "snap_486_1775383939",
  "cycle": 486,
  "brier_score": 0.06409344251732829,
  "ece": 0.18899190296156268,
  "discrimination": 0.99783679500862,
  "roi": -0.09,
  "edge_hit_rate": 0.3898,
  "health_score": 83.2,
  "model_weights": {
    "external_data": 0.0,
    "microstructure": 1.0
  },
  "approach": "time_series_heavy",
  "n_predictions": 3174,
  "timestamp": "2026-04-05T10:12:19.851348+00:00"
}