{
  "snapshot_id": "snap_546_1775385066",
  "cycle": 546,
  "brier_score": 0.062416615780998386,
  "ece": 0.18932302737520132,
  "discrimination": 0.9977286148225248,
  "roi": -0.096,
  "edge_hit_rate": 0.3863,
  "health_score": 82.8,
  "model_weights": {
    "external_data": 0.0,
    "microstructure": 1.0
  },
  "approach": "time_series_heavy",
  "n_predictions": 3105,
  "timestamp": "2026-04-05T10:31:06.411111+00:00"
}