{
  "snapshot_id": "snap_280_1775380014",
  "cycle": 280,
  "brier_score": 0.06360503421273844,
  "ece": 0.19387513740704818,
  "discrimination": 0.9980671917071515,
  "roi": -0.2986,
  "edge_hit_rate": 0.2507,
  "health_score": 72.3,
  "model_weights": {
    "external_data": 0.0,
    "microstructure": 1.0
  },
  "approach": "time_series_heavy",
  "n_predictions": 3093,
  "timestamp": "2026-04-05T09:06:54.081719+00:00"
}