{
  "snapshot_id": "snap_106_1775376574",
  "cycle": 106,
  "brier_score": 0.06909320718305086,
  "ece": 0.2130603050847458,
  "discrimination": 0.9980970873786408,
  "roi": -0.567,
  "edge_hit_rate": 0.1218,
  "health_score": 71.6,
  "model_weights": {
    "external_data": 0.0,
    "microstructure": 1.0
  },
  "approach": "time_series_heavy",
  "n_predictions": 2950,
  "timestamp": "2026-04-05T08:09:34.035923+00:00"
}