{
  "snapshot_id": "snap_556_1775385240",
  "cycle": 556,
  "brier_score": 0.06262247721900348,
  "ece": 0.1873151796060255,
  "discrimination": 0.9973023557209257,
  "roi": -0.1059,
  "edge_hit_rate": 0.3807,
  "health_score": 81.8,
  "model_weights": {
    "external_data": 0.0,
    "microstructure": 1.0
  },
  "approach": "time_series_heavy",
  "n_predictions": 3452,
  "timestamp": "2026-04-05T10:34:00.318407+00:00"
}