{
  "snapshot_id": "snap_500_1775384184",
  "cycle": 500,
  "brier_score": 0.06293941003979185,
  "ece": 0.18609862258953172,
  "discrimination": 0.9973826833130206,
  "roi": -0.1373,
  "edge_hit_rate": 0.3487,
  "health_score": 78.6,
  "model_weights": {
    "external_data": 0.0,
    "microstructure": 1.0
  },
  "approach": "time_series_heavy",
  "n_predictions": 3267,
  "timestamp": "2026-04-05T10:16:24.911593+00:00"
}