{
  "snapshot_id": "snap_413_1775382526",
  "cycle": 413,
  "brier_score": 0.06818605286180632,
  "ece": 0.19333819368879213,
  "discrimination": 0.9960966958898945,
  "roi": -0.4707,
  "edge_hit_rate": 0.1633,
  "health_score": 71.7,
  "model_weights": {
    "external_data": 0.0,
    "microstructure": 1.0
  },
  "approach": "time_series_heavy",
  "n_predictions": 919,
  "timestamp": "2026-04-05T09:48:46.307619+00:00"
}