{
  "snapshot_id": "snap_593_1775385908",
  "cycle": 593,
  "brier_score": 0.0626023433548387,
  "ece": 0.18841333333333332,
  "discrimination": 0.9979022897541416,
  "roi": -0.1251,
  "edge_hit_rate": 0.3672,
  "health_score": 79.9,
  "model_weights": {
    "external_data": 0.0,
    "microstructure": 1.0
  },
  "approach": "time_series_heavy",
  "n_predictions": 2790,
  "timestamp": "2026-04-05T10:45:08.099242+00:00"
}