{
  "snapshot_id": "snap_394_1775382178",
  "cycle": 394,
  "brier_score": 0.06564046244436594,
  "ece": 0.19546351112681035,
  "discrimination": 0.9974933028027603,
  "roi": -0.2679,
  "edge_hit_rate": 0.2661,
  "health_score": 72.0,
  "model_weights": {
    "external_data": 0.0,
    "microstructure": 1.0
  },
  "approach": "time_series_heavy",
  "n_predictions": 2831,
  "timestamp": "2026-04-05T09:42:58.592777+00:00"
}