{
  "snapshot_id": "snap_639_1775386690",
  "cycle": 639,
  "brier_score": 0.06336407619685498,
  "ece": 0.18778031450203841,
  "discrimination": 0.9973063819003506,
  "roi": -0.1222,
  "edge_hit_rate": 0.3735,
  "health_score": 80.1,
  "model_weights": {
    "external_data": 0.0,
    "microstructure": 1.0
  },
  "approach": "time_series_heavy",
  "n_predictions": 3434,
  "timestamp": "2026-04-05T10:58:10.810465+00:00"
}