{
  "snapshot_id": "snap_583_1775385735",
  "cycle": 583,
  "brier_score": 0.06518484427331887,
  "ece": 0.18670368763557482,
  "discrimination": 0.9963493048170468,
  "roi": -0.1942,
  "edge_hit_rate": 0.3404,
  "health_score": 72.6,
  "model_weights": {
    "external_data": 0.0,
    "microstructure": 1.0
  },
  "approach": "time_series_heavy",
  "n_predictions": 922,
  "timestamp": "2026-04-05T10:42:15.146129+00:00"
}