{
  "snapshot_id": "snap_132_1775377072",
  "cycle": 132,
  "brier_score": 0.07072503442588235,
  "ece": 0.21380148235294116,
  "discrimination": 0.9975808583042234,
  "roi": -0.4616,
  "edge_hit_rate": 0.1656,
  "health_score": 71.4,
  "model_weights": {
    "external_data": 0.0,
    "microstructure": 1.0
  },
  "approach": "time_series_heavy",
  "n_predictions": 4250,
  "timestamp": "2026-04-05T08:17:52.423357+00:00"
}