{
  "snapshot_id": "snap_527_1775384714",
  "cycle": 527,
  "brier_score": 0.06348214171077506,
  "ece": 0.1902864839319471,
  "discrimination": 0.9976547563428227,
  "roi": -0.1472,
  "edge_hit_rate": 0.3407,
  "health_score": 77.6,
  "model_weights": {
    "external_data": 0.0,
    "microstructure": 1.0
  },
  "approach": "time_series_heavy",
  "n_predictions": 3174,
  "timestamp": "2026-04-05T10:25:14.793609+00:00"
}