{
  "snapshot_id": "snap_183_1775378168",
  "cycle": 183,
  "brier_score": 0.06881180796390442,
  "ece": 0.20470449923741738,
  "discrimination": 0.9973424969097652,
  "roi": -0.3926,
  "edge_hit_rate": 0.1979,
  "health_score": 71.6,
  "model_weights": {
    "external_data": 0.0,
    "microstructure": 1.0
  },
  "approach": "time_series_heavy",
  "n_predictions": 3934,
  "timestamp": "2026-04-05T08:36:08.551554+00:00"
}