{
  "snapshot_id": "snap_876_1775390805",
  "cycle": 876,
  "brier_score": 0.07202291082113303,
  "ece": 0.16837422024188417,
  "discrimination": 0.9775258396407613,
  "roi": -0.1173,
  "edge_hit_rate": 0.3717,
  "health_score": 78.7,
  "model_weights": {
    "external_data": 1.0,
    "microstructure": 0.0
  },
  "approach": "time_series_heavy",
  "n_predictions": 3142,
  "timestamp": "2026-04-05T12:06:45.003224+00:00"
}