{
  "snapshot_id": "snap_772_1775388984",
  "cycle": 772,
  "brier_score": 0.063622130547812,
  "ece": 0.1859647974068071,
  "discrimination": 0.9973948578828581,
  "roi": -0.1128,
  "edge_hit_rate": 0.3832,
  "health_score": 81.0,
  "model_weights": {
    "external_data": 0.0,
    "microstructure": 1.0
  },
  "approach": "time_series_heavy",
  "n_predictions": 3085,
  "timestamp": "2026-04-05T11:36:24.227391+00:00"
}