{
  "snapshot_id": "snap_464_1775383535",
  "cycle": 464,
  "brier_score": 0.06388565697002141,
  "ece": 0.18664079229122058,
  "discrimination": 0.9972376603280327,
  "roi": -0.1462,
  "edge_hit_rate": 0.3588,
  "health_score": 77.6,
  "model_weights": {
    "external_data": 0.0,
    "microstructure": 1.0
  },
  "approach": "time_series_heavy",
  "n_predictions": 3736,
  "timestamp": "2026-04-05T10:05:35.693386+00:00"
}