{
  "snapshot_id": "snap_741_1775388449",
  "cycle": 741,
  "brier_score": 0.06280575174952199,
  "ece": 0.18659678138942004,
  "discrimination": 0.9976414170061363,
  "roi": -0.1424,
  "edge_hit_rate": 0.3597,
  "health_score": 78.1,
  "model_weights": {
    "external_data": 0.0,
    "microstructure": 1.0
  },
  "approach": "time_series_heavy",
  "n_predictions": 3138,
  "timestamp": "2026-04-05T11:27:29.885999+00:00"
}