{
  "snapshot_id": "snap_819_1775389804",
  "cycle": 819,
  "brier_score": 0.06205557081251794,
  "ece": 0.1868558713752512,
  "discrimination": 0.9979850097987357,
  "roi": -0.1131,
  "edge_hit_rate": 0.3889,
  "health_score": 81.2,
  "model_weights": {
    "external_data": 0.0,
    "microstructure": 1.0
  },
  "approach": "time_series_heavy",
  "n_predictions": 3483,
  "timestamp": "2026-04-05T11:50:04.488571+00:00"
}