{
  "snapshot_id": "snap_666_1775387153",
  "cycle": 666,
  "brier_score": 0.06302376964248525,
  "ece": 0.18675994446372784,
  "discrimination": 0.9975169326943277,
  "roi": -0.1654,
  "edge_hit_rate": 0.3327,
  "health_score": 75.8,
  "model_weights": {
    "external_data": 0.0,
    "microstructure": 1.0
  },
  "approach": "time_series_heavy",
  "n_predictions": 2881,
  "timestamp": "2026-04-05T11:05:53.564036+00:00"
}