{
  "snapshot_id": "snap_72_1775376025",
  "cycle": 72,
  "brier_score": 0.066795439216,
  "ece": 0.21020752,
  "discrimination": 0.998445935403339,
  "roi": -0.6151,
  "edge_hit_rate": 0.1061,
  "health_score": 71.9,
  "model_weights": {
    "external_data": 0.0,
    "microstructure": 1.0
  },
  "approach": "time_series_heavy",
  "n_predictions": 1250,
  "timestamp": "2026-04-05T08:00:25.117174+00:00"
}