{
  "snapshot_id": "snap_170_1775377932",
  "cycle": 170,
  "brier_score": 0.07049361314751511,
  "ece": 0.20926068892979227,
  "discrimination": 0.997592983441429,
  "roi": -0.355,
  "edge_hit_rate": 0.2188,
  "health_score": 71.4,
  "model_weights": {
    "external_data": 0.0,
    "microstructure": 1.0
  },
  "approach": "time_series_heavy",
  "n_predictions": 3803,
  "timestamp": "2026-04-05T08:32:12.555147+00:00"
}