{
  "snapshot_id": "snap_645_1775386803",
  "cycle": 645,
  "brier_score": 0.06324591177541208,
  "ece": 0.18849309752747254,
  "discrimination": 0.9978647592438684,
  "roi": -0.1098,
  "edge_hit_rate": 0.3761,
  "health_score": 81.3,
  "model_weights": {
    "external_data": 0.0,
    "microstructure": 1.0
  },
  "approach": "time_series_heavy",
  "n_predictions": 2912,
  "timestamp": "2026-04-05T11:00:03.162170+00:00"
}