{
  "snapshot_id": "snap_176_1775378042",
  "cycle": 176,
  "brier_score": 0.07048157983614951,
  "ece": 0.20835878136200717,
  "discrimination": 0.9974871378306283,
  "roi": -0.3541,
  "edge_hit_rate": 0.2172,
  "health_score": 71.4,
  "model_weights": {
    "external_data": 0.0,
    "microstructure": 1.0
  },
  "approach": "time_series_heavy",
  "n_predictions": 3906,
  "timestamp": "2026-04-05T08:34:02.571059+00:00"
}