{
  "snapshot_id": "snap_260_1775379646",
  "cycle": 260,
  "brier_score": 0.06492567834349919,
  "ece": 0.19302189406099518,
  "discrimination": 0.9974633269107257,
  "roi": -0.2651,
  "edge_hit_rate": 0.271,
  "health_score": 72.1,
  "model_weights": {
    "external_data": 0.0,
    "microstructure": 1.0
  },
  "approach": "time_series_heavy",
  "n_predictions": 3115,
  "timestamp": "2026-04-05T09:00:46.358086+00:00"
}