{
  "snapshot_id": "snap_439_1775383036",
  "cycle": 439,
  "brier_score": 0.06323263053002538,
  "ece": 0.18776298280236822,
  "discrimination": 0.9971217587925205,
  "roi": -0.2233,
  "edge_hit_rate": 0.2935,
  "health_score": 72.3,
  "model_weights": {
    "external_data": 0.0,
    "microstructure": 1.0
  },
  "approach": "time_series_heavy",
  "n_predictions": 3547,
  "timestamp": "2026-04-05T09:57:16.282809+00:00"
}