{
  "snapshot_id": "snap_389_1775382083",
  "cycle": 389,
  "brier_score": 0.06579573056271186,
  "ece": 0.19443701694915252,
  "discrimination": 0.9973907707008468,
  "roi": -0.2661,
  "edge_hit_rate": 0.2674,
  "health_score": 72.0,
  "model_weights": {
    "external_data": 0.0,
    "microstructure": 1.0
  },
  "approach": "time_series_heavy",
  "n_predictions": 2950,
  "timestamp": "2026-04-05T09:41:23.651253+00:00"
}