{
  "snapshot_id": "snap_252_1775379514",
  "cycle": 252,
  "brier_score": 0.06516495136783734,
  "ece": 0.19189963031423288,
  "discrimination": 0.996839014110615,
  "roi": -0.3566,
  "edge_hit_rate": 0.2159,
  "health_score": 72.1,
  "model_weights": {
    "external_data": 0.0,
    "microstructure": 1.0
  },
  "approach": "time_series_heavy",
  "n_predictions": 3246,
  "timestamp": "2026-04-05T08:58:34.698317+00:00"
}