{
  "snapshot_id": "snap_701_1775387763",
  "cycle": 701,
  "brier_score": 0.06356481124058802,
  "ece": 0.18576998924345645,
  "discrimination": 0.9975638314143913,
  "roi": -0.1553,
  "edge_hit_rate": 0.3495,
  "health_score": 76.7,
  "model_weights": {
    "external_data": 0.1859,
    "microstructure": 0.8141
  },
  "approach": "time_series_heavy",
  "n_predictions": 2789,
  "timestamp": "2026-04-05T11:16:03.252190+00:00"
}