{
  "snapshot_id": "snap_892_1775391090",
  "cycle": 892,
  "brier_score": 0.07251561622892636,
  "ece": 0.17186013013901213,
  "discrimination": 0.9762318872366247,
  "roi": -0.2453,
  "edge_hit_rate": 0.2738,
  "health_score": 70.3,
  "model_weights": {
    "external_data": 1.0,
    "microstructure": 0.0
  },
  "approach": "time_series_heavy",
  "n_predictions": 3381,
  "timestamp": "2026-04-05T12:11:30.979539+00:00"
}