{
  "snapshot_id": "snap_283_1775380072",
  "cycle": 283,
  "brier_score": 0.0641296657769831,
  "ece": 0.19215295838751625,
  "discrimination": 0.9978724184148162,
  "roi": -0.3546,
  "edge_hit_rate": 0.2234,
  "health_score": 72.2,
  "model_weights": {
    "external_data": 0.0,
    "microstructure": 1.0
  },
  "approach": "time_series_heavy",
  "n_predictions": 3076,
  "timestamp": "2026-04-05T09:07:52.453113+00:00"
}