{
  "snapshot_id": "snap_318_1775380728",
  "cycle": 318,
  "brier_score": 0.06455755513926324,
  "ece": 0.19178787061994612,
  "discrimination": 0.9975548627284034,
  "roi": -0.3096,
  "edge_hit_rate": 0.2492,
  "health_score": 72.2,
  "model_weights": {
    "external_data": 0.0,
    "microstructure": 1.0
  },
  "approach": "time_series_heavy",
  "n_predictions": 3339,
  "timestamp": "2026-04-05T09:18:48.406245+00:00"
}