{
  "snapshot_id": "snap_343_1775381190",
  "cycle": 343,
  "brier_score": 0.06631570539073306,
  "ece": 0.19235950899031812,
  "discrimination": 0.996796284095965,
  "roi": -0.2337,
  "edge_hit_rate": 0.2926,
  "health_score": 71.9,
  "model_weights": {
    "external_data": 0.0,
    "microstructure": 1.0
  },
  "approach": "time_series_heavy",
  "n_predictions": 2892,
  "timestamp": "2026-04-05T09:26:30.676918+00:00"
}