{
  "snapshot_id": "snap_874_1775390767",
  "cycle": 874,
  "brier_score": 0.07203590860406091,
  "ece": 0.16831027918781727,
  "discrimination": 0.9776411259515332,
  "roi": -0.1087,
  "edge_hit_rate": 0.3799,
  "health_score": 79.6,
  "model_weights": {
    "external_data": 1.0,
    "microstructure": 0.0
  },
  "approach": "time_series_heavy",
  "n_predictions": 3152,
  "timestamp": "2026-04-05T12:06:07.325118+00:00"
}