{
  "snapshot_id": "snap_506_1775384300",
  "cycle": 506,
  "brier_score": 0.06285186101709649,
  "ece": 0.1874644161112721,
  "discrimination": 0.9973711680377199,
  "roi": -0.1218,
  "edge_hit_rate": 0.36,
  "health_score": 80.2,
  "model_weights": {
    "external_data": 0.0,
    "microstructure": 1.0
  },
  "approach": "time_series_heavy",
  "n_predictions": 3451,
  "timestamp": "2026-04-05T10:18:20.071361+00:00"
}