{
  "snapshot_id": "snap_588_1775385823",
  "cycle": 588,
  "brier_score": 0.0623349789380863,
  "ece": 0.18799861163227022,
  "discrimination": 0.9978052062201855,
  "roi": -0.1251,
  "edge_hit_rate": 0.3672,
  "health_score": 79.9,
  "model_weights": {
    "external_data": 0.0,
    "microstructure": 1.0
  },
  "approach": "time_series_heavy",
  "n_predictions": 2665,
  "timestamp": "2026-04-05T10:43:43.327807+00:00"
}