{
  "snapshot_id": "snap_615_1775386285",
  "cycle": 615,
  "brier_score": 0.07025387084210524,
  "ece": 0.21369157894736843,
  "discrimination": 0.9982857142857143,
  "roi": -0.1793,
  "edge_hit_rate": 0.34,
  "health_score": 73.6,
  "model_weights": {
    "external_data": 0.0,
    "microstructure": 1.0
  },
  "approach": "time_series_heavy",
  "n_predictions": 95,
  "timestamp": "2026-04-05T10:51:25.862173+00:00"
}