{
  "snapshot_id": "snap_203_1775378548",
  "cycle": 203,
  "brier_score": 0.06896069979206566,
  "ece": 0.20048673050615595,
  "discrimination": 0.9976226554789741,
  "roi": -0.2702,
  "edge_hit_rate": 0.2715,
  "health_score": 71.6,
  "model_weights": {
    "external_data": 0.0,
    "microstructure": 1.0
  },
  "approach": "time_series_heavy",
  "n_predictions": 3655,
  "timestamp": "2026-04-05T08:42:28.523088+00:00"
}