{
  "snapshot_id": "snap_431_1775382885",
  "cycle": 431,
  "brier_score": 0.0632941351450337,
  "ece": 0.1915825080574275,
  "discrimination": 0.9977093787757993,
  "roi": -0.2232,
  "edge_hit_rate": 0.2899,
  "health_score": 72.3,
  "model_weights": {
    "external_data": 0.0,
    "microstructure": 1.0
  },
  "approach": "time_series_heavy",
  "n_predictions": 3413,
  "timestamp": "2026-04-05T09:54:45.427377+00:00"
}