{
  "snapshot_id": "snap_126_1775376957",
  "cycle": 126,
  "brier_score": 0.07091142698734176,
  "ece": 0.2139675949367089,
  "discrimination": 0.997556824025251,
  "roi": -0.4592,
  "edge_hit_rate": 0.1663,
  "health_score": 71.4,
  "model_weights": {
    "external_data": 0.0,
    "microstructure": 1.0
  },
  "approach": "time_series_heavy",
  "n_predictions": 3950,
  "timestamp": "2026-04-05T08:15:57.176827+00:00"
}