{
  "snapshot_id": "snap_369_1775381686",
  "cycle": 369,
  "brier_score": 0.0645789779290921,
  "ece": 0.19272176938369784,
  "discrimination": 0.997544605069939,
  "roi": -0.3033,
  "edge_hit_rate": 0.2468,
  "health_score": 72.2,
  "model_weights": {
    "external_data": 0.0,
    "microstructure": 1.0
  },
  "approach": "time_series_heavy",
  "n_predictions": 3018,
  "timestamp": "2026-04-05T09:34:46.651609+00:00"
}