{
  "snapshot_id": "snap_484_1775383905",
  "cycle": 484,
  "brier_score": 0.06440298772942289,
  "ece": 0.18900753705455695,
  "discrimination": 0.9978209607703222,
  "roi": -0.072,
  "edge_hit_rate": 0.4044,
  "health_score": 85.0,
  "model_weights": {
    "external_data": 0.0,
    "microstructure": 1.0
  },
  "approach": "time_series_heavy",
  "n_predictions": 3171,
  "timestamp": "2026-04-05T10:11:45.687334+00:00"
}