{
  "snapshot_id": "snap_461_1775383475",
  "cycle": 461,
  "brier_score": 0.06334951914167528,
  "ece": 0.18731685625646327,
  "discrimination": 0.9973323851722189,
  "roi": -0.1605,
  "edge_hit_rate": 0.3429,
  "health_score": 76.2,
  "model_weights": {
    "external_data": 0.0,
    "microstructure": 1.0
  },
  "approach": "time_series_heavy",
  "n_predictions": 3868,
  "timestamp": "2026-04-05T10:04:35.175775+00:00"
}