{
  "snapshot_id": "snap_682_1775387445",
  "cycle": 682,
  "brier_score": 0.06262387009190527,
  "ece": 0.1886350300459527,
  "discrimination": 0.9979738477605632,
  "roi": -0.1604,
  "edge_hit_rate": 0.3388,
  "health_score": 76.4,
  "model_weights": {
    "external_data": 0.0,
    "microstructure": 1.0
  },
  "approach": "time_series_heavy",
  "n_predictions": 2829,
  "timestamp": "2026-04-05T11:10:45.421466+00:00"
}