{
  "snapshot_id": "snap_687_1775387516",
  "cycle": 687,
  "brier_score": 0.0632438825632144,
  "ece": 0.1897133356425355,
  "discrimination": 0.9978380021664252,
  "roi": -0.1334,
  "edge_hit_rate": 0.358,
  "health_score": 79.0,
  "model_weights": {
    "external_data": 0.0,
    "microstructure": 1.0
  },
  "approach": "time_series_heavy",
  "n_predictions": 2887,
  "timestamp": "2026-04-05T11:11:56.541868+00:00"
}