{
  "snapshot_id": "snap_103_1775376514",
  "cycle": 103,
  "brier_score": 0.06945011019285714,
  "ece": 0.21340507142857146,
  "discrimination": 0.9980230847073678,
  "roi": -0.567,
  "edge_hit_rate": 0.1218,
  "health_score": 71.6,
  "model_weights": {
    "external_data": 0.0,
    "microstructure": 1.0
  },
  "approach": "time_series_heavy",
  "n_predictions": 2800,
  "timestamp": "2026-04-05T08:08:34.493140+00:00"
}