{
  "snapshot_id": "snap_65_1775375909",
  "cycle": 65,
  "brier_score": 0.06438107166666666,
  "ece": 0.20891555555555552,
  "discrimination": 0.9991893033718129,
  "roi": -0.5717,
  "edge_hit_rate": 0.1214,
  "health_score": 72.2,
  "model_weights": {
    "external_data": 0.0,
    "microstructure": 1.0
  },
  "approach": "time_series_heavy",
  "n_predictions": 900,
  "timestamp": "2026-04-05T07:58:29.320853+00:00"
}