{
  "snapshot_id": "snap_860_1775390512",
  "cycle": 860,
  "brier_score": 0.06917842914762198,
  "ece": 0.17331797405806054,
  "discrimination": 0.9841629047497054,
  "roi": -0.0772,
  "edge_hit_rate": 0.4126,
  "health_score": 83.3,
  "model_weights": {
    "external_data": 0.0,
    "microstructure": 1.0
  },
  "approach": "time_series_heavy",
  "n_predictions": 3238,
  "timestamp": "2026-04-05T12:01:52.785816+00:00"
}