{
  "snapshot_id": "snap_344_1775381207",
  "cycle": 344,
  "brier_score": 0.06575373747945205,
  "ece": 0.191987397260274,
  "discrimination": 0.9969083010236157,
  "roi": -0.2337,
  "edge_hit_rate": 0.2926,
  "health_score": 72.0,
  "model_weights": {
    "external_data": 0.0,
    "microstructure": 1.0
  },
  "approach": "time_series_heavy",
  "n_predictions": 2920,
  "timestamp": "2026-04-05T09:26:47.175644+00:00"
}