{
  "snapshot_id": "snap_358_1775381485",
  "cycle": 358,
  "brier_score": 0.06609509384803922,
  "ece": 0.19338869047619048,
  "discrimination": 0.9972688834045413,
  "roi": -0.2328,
  "edge_hit_rate": 0.2892,
  "health_score": 72.0,
  "model_weights": {
    "external_data": 0.0,
    "microstructure": 1.0
  },
  "approach": "time_series_heavy",
  "n_predictions": 2856,
  "timestamp": "2026-04-05T09:31:25.047045+00:00"
}