{
  "snapshot_id": "snap_66_1775375924",
  "cycle": 66,
  "brier_score": 0.06485954406315789,
  "ece": 0.20905621052631582,
  "discrimination": 0.9990346680097373,
  "roi": -0.5717,
  "edge_hit_rate": 0.1214,
  "health_score": 72.2,
  "model_weights": {
    "external_data": 0.0,
    "microstructure": 1.0
  },
  "approach": "time_series_heavy",
  "n_predictions": 950,
  "timestamp": "2026-04-05T07:58:44.017353+00:00"
}