{
  "snapshot_id": "snap_548_1775385100",
  "cycle": 548,
  "brier_score": 0.06283155313381386,
  "ece": 0.18878874960827324,
  "discrimination": 0.9974045717251228,
  "roi": -0.1086,
  "edge_hit_rate": 0.378,
  "health_score": 81.5,
  "model_weights": {
    "external_data": 0.0,
    "microstructure": 1.0
  },
  "approach": "time_series_heavy",
  "n_predictions": 3191,
  "timestamp": "2026-04-05T10:31:40.719574+00:00"
}