{
  "snapshot_id": "snap_402_1775382306",
  "cycle": 402,
  "brier_score": 0.06390776554078997,
  "ece": 0.19366271686969364,
  "discrimination": 0.9976794224235427,
  "roi": -0.2761,
  "edge_hit_rate": 0.2616,
  "health_score": 72.2,
  "model_weights": {
    "external_data": 0.0,
    "microstructure": 1.0
  },
  "approach": "time_series_heavy",
  "n_predictions": 2709,
  "timestamp": "2026-04-05T09:45:06.017196+00:00"
}