{
  "snapshot_id": "snap_681_1775387429",
  "cycle": 681,
  "brier_score": 0.06258404651730419,
  "ece": 0.18892936247723133,
  "discrimination": 0.9979563216838951,
  "roi": -0.1689,
  "edge_hit_rate": 0.3295,
  "health_score": 75.5,
  "model_weights": {
    "external_data": 0.0,
    "microstructure": 1.0
  },
  "approach": "time_series_heavy",
  "n_predictions": 2745,
  "timestamp": "2026-04-05T11:10:29.563789+00:00"
}