{
  "snapshot_id": "snap_522_1775384625",
  "cycle": 522,
  "brier_score": 0.06372135607611128,
  "ece": 0.1894238887112248,
  "discrimination": 0.9976638060152243,
  "roi": -0.1121,
  "edge_hit_rate": 0.3742,
  "health_score": 81.0,
  "model_weights": {
    "external_data": 0.0,
    "microstructure": 1.0
  },
  "approach": "time_series_heavy",
  "n_predictions": 3127,
  "timestamp": "2026-04-05T10:23:45.971079+00:00"
}