{
  "snapshot_id": "snap_338_1775381096",
  "cycle": 338,
  "brier_score": 0.06602748722142857,
  "ece": 0.19112042857142855,
  "discrimination": 0.9970055092439749,
  "roi": -0.2365,
  "edge_hit_rate": 0.2885,
  "health_score": 72.0,
  "model_weights": {
    "external_data": 0.0,
    "microstructure": 1.0
  },
  "approach": "time_series_heavy",
  "n_predictions": 2800,
  "timestamp": "2026-04-05T09:24:56.452752+00:00"
}