{
  "snapshot_id": "snap_836_1775390109",
  "cycle": 836,
  "brier_score": 0.06353612048661801,
  "ece": 0.1860011122697254,
  "discrimination": 0.9977053910296007,
  "roi": -0.1091,
  "edge_hit_rate": 0.3788,
  "health_score": 81.4,
  "model_weights": {
    "external_data": 0.0,
    "microstructure": 1.0
  },
  "approach": "time_series_heavy",
  "n_predictions": 2877,
  "timestamp": "2026-04-05T11:55:09.086676+00:00"
}