{
  "snapshot_id": "snap_735_1775388351",
  "cycle": 735,
  "brier_score": 0.06339089396596859,
  "ece": 0.1925052356020942,
  "discrimination": 0.9981024852405699,
  "roi": -0.211,
  "edge_hit_rate": 0.3172,
  "health_score": 72.3,
  "model_weights": {
    "external_data": 0.0,
    "microstructure": 1.0
  },
  "approach": "time_series_heavy",
  "n_predictions": 1528,
  "timestamp": "2026-04-05T11:25:51.773057+00:00"
}