{
  "snapshot_id": "snap_474_1775383718",
  "cycle": 474,
  "brier_score": 0.06432023835097002,
  "ece": 0.19015258671369784,
  "discrimination": 0.9976111831910079,
  "roi": -0.177,
  "edge_hit_rate": 0.3207,
  "health_score": 74.5,
  "model_weights": {
    "external_data": 0.0,
    "microstructure": 1.0
  },
  "approach": "time_series_heavy",
  "n_predictions": 3402,
  "timestamp": "2026-04-05T10:08:38.613547+00:00"
}