{
  "snapshot_id": "snap_888_1775391007",
  "cycle": 888,
  "brier_score": 0.07280071829487564,
  "ece": 0.16692031765058438,
  "discrimination": 0.9754133320925615,
  "roi": -0.1669,
  "edge_hit_rate": 0.328,
  "health_score": 73.6,
  "model_weights": {
    "external_data": 1.0,
    "microstructure": 0.0
  },
  "approach": "time_series_heavy",
  "n_predictions": 3337,
  "timestamp": "2026-04-05T12:10:07.958198+00:00"
}