{
  "snapshot_id": "snap_343_1775381205",
  "cycle": 343,
  "brier_score": 0.0657748582492276,
  "ece": 0.19194212152420187,
  "discrimination": 0.9968997774980023,
  "roi": -0.2337,
  "edge_hit_rate": 0.2926,
  "health_score": 72.0,
  "model_weights": {
    "external_data": 0.0,
    "microstructure": 1.0
  },
  "approach": "time_series_heavy",
  "n_predictions": 2913,
  "timestamp": "2026-04-05T09:26:45.008215+00:00"
}