{
  "snapshot_id": "snap_488_1775383972",
  "cycle": 488,
  "brier_score": 0.06396363230865354,
  "ece": 0.18921480787253983,
  "discrimination": 0.9978779242447358,
  "roi": -0.09,
  "edge_hit_rate": 0.3898,
  "health_score": 83.2,
  "model_weights": {
    "external_data": 0.0,
    "microstructure": 1.0
  },
  "approach": "time_series_heavy",
  "n_predictions": 3201,
  "timestamp": "2026-04-05T10:12:52.875806+00:00"
}