{
  "snapshot_id": "snap_561_1775385326",
  "cycle": 561,
  "brier_score": 0.06325843724040277,
  "ece": 0.18639971680302078,
  "discrimination": 0.9969586852655302,
  "roi": -0.1487,
  "edge_hit_rate": 0.3475,
  "health_score": 77.4,
  "model_weights": {
    "external_data": 0.0,
    "microstructure": 1.0
  },
  "approach": "time_series_heavy",
  "n_predictions": 3178,
  "timestamp": "2026-04-05T10:35:26.997297+00:00"
}