{
  "snapshot_id": "snap_262_1775379690",
  "cycle": 262,
  "brier_score": 0.06531148782661048,
  "ece": 0.19278663455749548,
  "discrimination": 0.9974965692498683,
  "roi": -0.2121,
  "edge_hit_rate": 0.3072,
  "health_score": 72.1,
  "model_weights": {
    "external_data": 0.0,
    "microstructure": 1.0
  },
  "approach": "time_series_heavy",
  "n_predictions": 3322,
  "timestamp": "2026-04-05T09:01:30.339082+00:00"
}