{
  "snapshot_id": "snap_750_1775388605",
  "cycle": 750,
  "brier_score": 0.06318385138505024,
  "ece": 0.18462082286432166,
  "discrimination": 0.9974247054038831,
  "roi": -0.1268,
  "edge_hit_rate": 0.3784,
  "health_score": 79.6,
  "model_weights": {
    "external_data": 0.0,
    "microstructure": 1.0
  },
  "approach": "time_series_heavy",
  "n_predictions": 3184,
  "timestamp": "2026-04-05T11:30:05.252777+00:00"
}