{
  "snapshot_id": "snap_93_1775376350",
  "cycle": 93,
  "brier_score": 0.0699750784,
  "ece": 0.21498756521739132,
  "discrimination": 0.9982786938739993,
  "roi": -0.567,
  "edge_hit_rate": 0.1218,
  "health_score": 71.5,
  "model_weights": {
    "external_data": 0.0,
    "microstructure": 1.0
  },
  "approach": "time_series_heavy",
  "n_predictions": 2300,
  "timestamp": "2026-04-05T08:05:50.683114+00:00"
}