{
  "snapshot_id": "snap_217_1775378835",
  "cycle": 217,
  "brier_score": 0.06849511871225071,
  "ece": 0.20009150997151,
  "discrimination": 0.9973717541051549,
  "roi": -0.3488,
  "edge_hit_rate": 0.2232,
  "health_score": 71.7,
  "model_weights": {
    "external_data": 0.0,
    "microstructure": 1.0
  },
  "approach": "time_series_heavy",
  "n_predictions": 3510,
  "timestamp": "2026-04-05T08:47:15.946789+00:00"
}