{
  "snapshot_id": "snap_286_1775380121",
  "cycle": 286,
  "brier_score": 0.06355070445199136,
  "ece": 0.19142439024390248,
  "discrimination": 0.9979501242436095,
  "roi": -0.3546,
  "edge_hit_rate": 0.2234,
  "health_score": 72.3,
  "model_weights": {
    "external_data": 0.0,
    "microstructure": 1.0
  },
  "approach": "time_series_heavy",
  "n_predictions": 3239,
  "timestamp": "2026-04-05T09:08:41.842316+00:00"
}