{
  "snapshot_id": "snap_398_1775382250",
  "cycle": 398,
  "brier_score": 0.06460027966939079,
  "ece": 0.19387819465081724,
  "discrimination": 0.9975431134595285,
  "roi": -0.2798,
  "edge_hit_rate": 0.2589,
  "health_score": 72.1,
  "model_weights": {
    "external_data": 0.0,
    "microstructure": 1.0
  },
  "approach": "time_series_heavy",
  "n_predictions": 2692,
  "timestamp": "2026-04-05T09:44:10.673354+00:00"
}