{
  "snapshot_id": "snap_315_1775380645",
  "cycle": 315,
  "brier_score": 0.06485505358157057,
  "ece": 0.19291066357577513,
  "discrimination": 0.9975156065796865,
  "roi": -0.3144,
  "edge_hit_rate": 0.2485,
  "health_score": 72.1,
  "model_weights": {
    "external_data": 0.0,
    "microstructure": 1.0
  },
  "approach": "time_series_heavy",
  "n_predictions": 3451,
  "timestamp": "2026-04-05T09:17:25.660067+00:00"
}