{
  "snapshot_id": "snap_880_1775390870",
  "cycle": 880,
  "brier_score": 0.07308424930762222,
  "ece": 0.16668317643486183,
  "discrimination": 0.9742024929677867,
  "roi": -0.1221,
  "edge_hit_rate": 0.3675,
  "health_score": 78.0,
  "model_weights": {
    "external_data": 1.0,
    "microstructure": 0.0
  },
  "approach": "time_series_heavy",
  "n_predictions": 3293,
  "timestamp": "2026-04-05T12:07:50.246501+00:00"
}