{
  "snapshot_id": "snap_191_1775378310",
  "cycle": 191,
  "brier_score": 0.06878421378013244,
  "ece": 0.20320598675496693,
  "discrimination": 0.9975817702047579,
  "roi": -0.3869,
  "edge_hit_rate": 0.2011,
  "health_score": 71.6,
  "model_weights": {
    "external_data": 0.0,
    "microstructure": 1.0
  },
  "approach": "time_series_heavy",
  "n_predictions": 3775,
  "timestamp": "2026-04-05T08:38:30.722011+00:00"
}