{
  "snapshot_id": "snap_846_1775390459",
  "cycle": 846,
  "brier_score": 0.06633223301271601,
  "ece": 0.17706087381806326,
  "discrimination": 0.9904584191111158,
  "roi": -0.0818,
  "edge_hit_rate": 0.4076,
  "health_score": 83.5,
  "model_weights": {
    "external_data": 0.0,
    "microstructure": 1.0
  },
  "approach": "time_series_heavy",
  "n_predictions": 3067,
  "timestamp": "2026-04-05T12:00:59.636154+00:00"
}