{
  "snapshot_id": "snap_340_1775381136",
  "cycle": 340,
  "brier_score": 0.06645448838664812,
  "ece": 0.19388219749652297,
  "discrimination": 0.9970324260194856,
  "roi": -0.2365,
  "edge_hit_rate": 0.2885,
  "health_score": 71.9,
  "model_weights": {
    "external_data": 0.0,
    "microstructure": 1.0
  },
  "approach": "time_series_heavy",
  "n_predictions": 2876,
  "timestamp": "2026-04-05T09:25:36.409430+00:00"
}