{
  "snapshot_id": "snap_595_1775385940",
  "cycle": 595,
  "brier_score": 0.06258830788862317,
  "ece": 0.1880961052271951,
  "discrimination": 0.9979358378056052,
  "roi": -0.1251,
  "edge_hit_rate": 0.3672,
  "health_score": 79.9,
  "model_weights": {
    "external_data": 0.0,
    "microstructure": 1.0
  },
  "approach": "time_series_heavy",
  "n_predictions": 2927,
  "timestamp": "2026-04-05T10:45:40.311591+00:00"
}