{
  "snapshot_id": "snap_321_1775380790",
  "cycle": 321,
  "brier_score": 0.06495074860677467,
  "ece": 0.19249991163475694,
  "discrimination": 0.9975528965905681,
  "roi": -0.3085,
  "edge_hit_rate": 0.2496,
  "health_score": 72.1,
  "model_weights": {
    "external_data": 0.0,
    "microstructure": 1.0
  },
  "approach": "time_series_heavy",
  "n_predictions": 3395,
  "timestamp": "2026-04-05T09:19:50.591455+00:00"
}