{
  "snapshot_id": "snap_59_1775375815",
  "cycle": 59,
  "brier_score": 0.06693266858333334,
  "ece": 0.21293850000000003,
  "discrimination": 0.9989693262530528,
  "roi": -0.5717,
  "edge_hit_rate": 0.1214,
  "health_score": 71.9,
  "model_weights": {
    "external_data": 0.0,
    "microstructure": 1.0
  },
  "approach": "time_series_heavy",
  "n_predictions": 600,
  "timestamp": "2026-04-05T07:56:55.938117+00:00"
}