{
  "snapshot_id": "snap_227_1775379038",
  "cycle": 227,
  "brier_score": 0.06761173784146342,
  "ece": 0.20039274390243905,
  "discrimination": 0.9978107854002842,
  "roi": -0.3403,
  "edge_hit_rate": 0.2316,
  "health_score": 71.8,
  "model_weights": {
    "external_data": 0.0,
    "microstructure": 1.0
  },
  "approach": "time_series_heavy",
  "n_predictions": 3280,
  "timestamp": "2026-04-05T08:50:38.923933+00:00"
}