{
  "snapshot_id": "snap_617_1775386321",
  "cycle": 617,
  "brier_score": 0.06420479732926829,
  "ece": 0.18936121951219512,
  "discrimination": 0.9975421838948575,
  "roi": -0.0885,
  "edge_hit_rate": 0.4045,
  "health_score": 83.3,
  "model_weights": {
    "external_data": 0.0,
    "microstructure": 1.0
  },
  "approach": "time_series_heavy",
  "n_predictions": 3280,
  "timestamp": "2026-04-05T10:52:01.221483+00:00"
}