{
  "snapshot_id": "snap_331_1775380958",
  "cycle": 331,
  "brier_score": 0.06486097928809788,
  "ece": 0.1904555061179088,
  "discrimination": 0.9973938755016896,
  "roi": -0.1849,
  "edge_hit_rate": 0.3224,
  "health_score": 73.6,
  "model_weights": {
    "external_data": 0.0,
    "microstructure": 1.0
  },
  "approach": "time_series_heavy",
  "n_predictions": 3596,
  "timestamp": "2026-04-05T09:22:38.963236+00:00"
}