{
  "snapshot_id": "snap_824_1775389890",
  "cycle": 824,
  "brier_score": 0.06250619738060358,
  "ece": 0.18610905361851748,
  "discrimination": 0.9980043427889091,
  "roi": -0.094,
  "edge_hit_rate": 0.4063,
  "health_score": 83.0,
  "model_weights": {
    "external_data": 0.0,
    "microstructure": 1.0
  },
  "approach": "time_series_heavy",
  "n_predictions": 3413,
  "timestamp": "2026-04-05T11:51:30.656327+00:00"
}