{
  "snapshot_id": "snap_334_1775381025",
  "cycle": 334,
  "brier_score": 0.06482000714715536,
  "ece": 0.19149964442013132,
  "discrimination": 0.9974367468730934,
  "roi": -0.1841,
  "edge_hit_rate": 0.3207,
  "health_score": 73.7,
  "model_weights": {
    "external_data": 0.0,
    "microstructure": 1.0
  },
  "approach": "time_series_heavy",
  "n_predictions": 3656,
  "timestamp": "2026-04-05T09:23:45.239693+00:00"
}