{
  "snapshot_id": "snap_521_1775384605",
  "cycle": 521,
  "brier_score": 0.06340031272214854,
  "ece": 0.18884452917771882,
  "discrimination": 0.9976318069928379,
  "roi": -0.1121,
  "edge_hit_rate": 0.3742,
  "health_score": 81.1,
  "model_weights": {
    "external_data": 0.0,
    "microstructure": 1.0
  },
  "approach": "time_series_heavy",
  "n_predictions": 3016,
  "timestamp": "2026-04-05T10:23:25.278525+00:00"
}