{
  "snapshot_id": "snap_467_1775383589",
  "cycle": 467,
  "brier_score": 0.0641394061948956,
  "ece": 0.186802810002578,
  "discrimination": 0.9972234917541807,
  "roi": -0.1658,
  "edge_hit_rate": 0.3411,
  "health_score": 75.6,
  "model_weights": {
    "external_data": 0.0,
    "microstructure": 1.0
  },
  "approach": "time_series_heavy",
  "n_predictions": 3879,
  "timestamp": "2026-04-05T10:06:29.461032+00:00"
}