{
  "snapshot_id": "snap_832_1775390042",
  "cycle": 832,
  "brier_score": 0.06494928442462088,
  "ece": 0.1914322925958965,
  "discrimination": 0.9978042576426484,
  "roi": -0.197,
  "edge_hit_rate": 0.3127,
  "health_score": 72.4,
  "model_weights": {
    "external_data": 0.0,
    "microstructure": 1.0
  },
  "approach": "time_series_heavy",
  "n_predictions": 1121,
  "timestamp": "2026-04-05T11:54:02.117999+00:00"
}