{
  "snapshot_id": "snap_258_1775379612",
  "cycle": 258,
  "brier_score": 0.06526160760091894,
  "ece": 0.1933935674433869,
  "discrimination": 0.9973439038327041,
  "roi": -0.422,
  "edge_hit_rate": 0.1858,
  "health_score": 72.1,
  "model_weights": {
    "external_data": 0.0,
    "microstructure": 1.0
  },
  "approach": "time_series_heavy",
  "n_predictions": 3047,
  "timestamp": "2026-04-05T09:00:12.528190+00:00"
}