{
  "snapshot_id": "snap_498_1775384150",
  "cycle": 498,
  "brier_score": 0.06338386225210628,
  "ece": 0.1871627025275438,
  "discrimination": 0.9976972345532952,
  "roi": -0.1373,
  "edge_hit_rate": 0.3487,
  "health_score": 78.6,
  "model_weights": {
    "external_data": 0.0,
    "microstructure": 1.0
  },
  "approach": "time_series_heavy",
  "n_predictions": 3086,
  "timestamp": "2026-04-05T10:15:50.330498+00:00"
}