{
  "snapshot_id": "snap_758_1775388739",
  "cycle": 758,
  "brier_score": 0.06336492598233996,
  "ece": 0.19428631346578373,
  "discrimination": 0.9985197869291944,
  "roi": -0.1513,
  "edge_hit_rate": 0.362,
  "health_score": 77.2,
  "model_weights": {
    "external_data": 0.0,
    "microstructure": 1.0
  },
  "approach": "time_series_heavy",
  "n_predictions": 906,
  "timestamp": "2026-04-05T11:32:19.432994+00:00"
}