{
  "snapshot_id": "snap_668_1775387186",
  "cycle": 668,
  "brier_score": 0.06332167001678415,
  "ece": 0.18743779791876472,
  "discrimination": 0.9973679002117278,
  "roi": -0.1654,
  "edge_hit_rate": 0.3327,
  "health_score": 75.8,
  "model_weights": {
    "external_data": 0.0,
    "microstructure": 1.0
  },
  "approach": "time_series_heavy",
  "n_predictions": 2979,
  "timestamp": "2026-04-05T11:06:26.386273+00:00"
}