{
  "snapshot_id": "snap_268_1775379802",
  "cycle": 268,
  "brier_score": 0.06488640498302993,
  "ece": 0.19128852206109226,
  "discrimination": 0.9975668020944466,
  "roi": -0.192,
  "edge_hit_rate": 0.3193,
  "health_score": 72.9,
  "model_weights": {
    "external_data": 0.0,
    "microstructure": 1.0
  },
  "approach": "time_series_heavy",
  "n_predictions": 3241,
  "timestamp": "2026-04-05T09:03:22.576372+00:00"
}