{
  "snapshot_id": "snap_828_1775389969",
  "cycle": 828,
  "brier_score": 0.062482178410003086,
  "ece": 0.18496792219820934,
  "discrimination": 0.9975703978414102,
  "roi": -0.0847,
  "edge_hit_rate": 0.4107,
  "health_score": 83.9,
  "model_weights": {
    "external_data": 0.0,
    "microstructure": 1.0
  },
  "approach": "time_series_heavy",
  "n_predictions": 3239,
  "timestamp": "2026-04-05T11:52:49.278672+00:00"
}