{
  "snapshot_id": "snap_111_1775376666",
  "cycle": 111,
  "brier_score": 0.069646031228125,
  "ece": 0.21271834375,
  "discrimination": 0.9975264521364587,
  "roi": -0.5628,
  "edge_hit_rate": 0.1235,
  "health_score": 71.5,
  "model_weights": {
    "external_data": 0.0,
    "microstructure": 1.0
  },
  "approach": "time_series_heavy",
  "n_predictions": 3200,
  "timestamp": "2026-04-05T08:11:06.994773+00:00"
}