{
  "snapshot_id": "snap_675_1775387303",
  "cycle": 675,
  "brier_score": 0.059949380070621464,
  "ece": 0.1888891242937853,
  "discrimination": 0.9982476682358791,
  "roi": -0.0751,
  "edge_hit_rate": 0.3721,
  "health_score": 85.2,
  "model_weights": {
    "external_data": 0.0,
    "microstructure": 1.0
  },
  "approach": "time_series_heavy",
  "n_predictions": 708,
  "timestamp": "2026-04-05T11:08:23.921291+00:00"
}