{
  "snapshot_id": "snap_297_1775380341",
  "cycle": 297,
  "brier_score": 0.06591701746238426,
  "ece": 0.19539945023148145,
  "discrimination": 0.9978303158779809,
  "roi": -0.2585,
  "edge_hit_rate": 0.2842,
  "health_score": 72.0,
  "model_weights": {
    "external_data": 0.0,
    "microstructure": 1.0
  },
  "approach": "time_series_heavy",
  "n_predictions": 3456,
  "timestamp": "2026-04-05T09:12:21.315396+00:00"
}