{
  "snapshot_id": "snap_511_1775384411",
  "cycle": 511,
  "brier_score": 0.0632090491016615,
  "ece": 0.18668544072092375,
  "discrimination": 0.9972082294752502,
  "roi": -0.1237,
  "edge_hit_rate": 0.358,
  "health_score": 79.9,
  "model_weights": {
    "external_data": 0.0,
    "microstructure": 1.0
  },
  "approach": "time_series_heavy",
  "n_predictions": 3551,
  "timestamp": "2026-04-05T10:20:11.010085+00:00"
}