{
  "snapshot_id": "snap_501_1775384214",
  "cycle": 501,
  "brier_score": 0.06288871989383663,
  "ece": 0.1871449130050133,
  "discrimination": 0.9975091705763229,
  "roi": -0.1373,
  "edge_hit_rate": 0.3487,
  "health_score": 78.6,
  "model_weights": {
    "external_data": 0.0,
    "microstructure": 1.0
  },
  "approach": "time_series_heavy",
  "n_predictions": 3391,
  "timestamp": "2026-04-05T10:16:54.895335+00:00"
}