{
  "snapshot_id": "snap_622_1775386394",
  "cycle": 622,
  "brier_score": 0.06370317498313091,
  "ece": 0.19003350202429153,
  "discrimination": 0.9976095682613769,
  "roi": -0.1155,
  "edge_hit_rate": 0.3836,
  "health_score": 80.7,
  "model_weights": {
    "external_data": 0.0,
    "microstructure": 1.0
  },
  "approach": "time_series_heavy",
  "n_predictions": 2964,
  "timestamp": "2026-04-05T10:53:14.472921+00:00"
}