{
  "snapshot_id": "snap_883_1775390927",
  "cycle": 883,
  "brier_score": 0.07347451348743407,
  "ece": 0.16391805771020793,
  "discrimination": 0.9724053135531379,
  "roi": -0.1193,
  "edge_hit_rate": 0.3708,
  "health_score": 78.1,
  "model_weights": {
    "external_data": 1.0,
    "microstructure": 0.0
  },
  "approach": "time_series_heavy",
  "n_predictions": 3223,
  "timestamp": "2026-04-05T12:08:47.941175+00:00"
}