{
  "snapshot_id": "snap_407_1775382417",
  "cycle": 407,
  "brier_score": 0.06277031931681179,
  "ece": 0.19152578700602813,
  "discrimination": 0.9976765872815999,
  "roi": -0.2741,
  "edge_hit_rate": 0.2624,
  "health_score": 72.4,
  "model_weights": {
    "external_data": 0.0,
    "microstructure": 1.0
  },
  "approach": "time_series_heavy",
  "n_predictions": 2986,
  "timestamp": "2026-04-05T09:46:57.612845+00:00"
}