{
  "snapshot_id": "snap_231_1775379120",
  "cycle": 231,
  "brier_score": 0.06802654616184595,
  "ece": 0.19757894052648683,
  "discrimination": 0.9968736571906732,
  "roi": -0.3067,
  "edge_hit_rate": 0.2422,
  "health_score": 71.7,
  "model_weights": {
    "external_data": 0.0,
    "microstructure": 1.0
  },
  "approach": "time_series_heavy",
  "n_predictions": 3077,
  "timestamp": "2026-04-05T08:52:00.147776+00:00"
}