{
  "snapshot_id": "snap_255_1775379565",
  "cycle": 255,
  "brier_score": 0.06534614779967689,
  "ece": 0.1924534410339257,
  "discrimination": 0.9970880515695981,
  "roi": -0.3915,
  "edge_hit_rate": 0.1983,
  "health_score": 72.0,
  "model_weights": {
    "external_data": 0.0,
    "microstructure": 1.0
  },
  "approach": "time_series_heavy",
  "n_predictions": 3095,
  "timestamp": "2026-04-05T08:59:25.456820+00:00"
}