{
  "snapshot_id": "snap_845_1775390415",
  "cycle": 845,
  "brier_score": 0.06468031518739635,
  "ece": 0.1798987396351575,
  "discrimination": 0.9921156933891297,
  "roi": -0.085,
  "edge_hit_rate": 0.4005,
  "health_score": 83.4,
  "model_weights": {
    "external_data": 0.9387,
    "microstructure": 0.0613
  },
  "approach": "time_series_heavy",
  "n_predictions": 3015,
  "timestamp": "2026-04-05T12:00:15.774443+00:00"
}