{
  "snapshot_id": "snap_604_1775386096",
  "cycle": 604,
  "brier_score": 0.08817822157299741,
  "ece": 0.14333678940568476,
  "discrimination": 0.9528810798606632,
  "roi": -0.1269,
  "edge_hit_rate": 0.3675,
  "health_score": 74.8,
  "model_weights": {
    "external_data": 0.0,
    "microstructure": 1.0
  },
  "approach": "time_series_heavy",
  "n_predictions": 3096,
  "timestamp": "2026-04-05T10:48:16.038161+00:00"
}