{
  "snapshot_id": "snap_124_1775376910",
  "cycle": 124,
  "brier_score": 0.07050306067012987,
  "ece": 0.21354981818181826,
  "discrimination": 0.997593893129771,
  "roi": -0.4687,
  "edge_hit_rate": 0.1618,
  "health_score": 71.4,
  "model_weights": {
    "external_data": 0.0,
    "microstructure": 1.0
  },
  "approach": "time_series_heavy",
  "n_predictions": 3850,
  "timestamp": "2026-04-05T08:15:10.664285+00:00"
}