{
  "snapshot_id": "snap_826_1775389926",
  "cycle": 826,
  "brier_score": 0.06284283232789854,
  "ece": 0.1859362016908213,
  "discrimination": 0.9975718777866429,
  "roi": -0.0813,
  "edge_hit_rate": 0.4163,
  "health_score": 84.2,
  "model_weights": {
    "external_data": 0.0,
    "microstructure": 1.0
  },
  "approach": "time_series_heavy",
  "n_predictions": 3312,
  "timestamp": "2026-04-05T11:52:06.471706+00:00"
}