{
  "snapshot_id": "snap_632_1775386567",
  "cycle": 632,
  "brier_score": 0.06242018891072619,
  "ece": 0.18705986009327116,
  "discrimination": 0.9975686384329466,
  "roi": -0.1222,
  "edge_hit_rate": 0.3735,
  "health_score": 80.2,
  "model_weights": {
    "external_data": 0.0,
    "microstructure": 1.0
  },
  "approach": "time_series_heavy",
  "n_predictions": 3002,
  "timestamp": "2026-04-05T10:56:07.764420+00:00"
}