{
  "snapshot_id": "snap_202_1775378530",
  "cycle": 202,
  "brier_score": 0.06907143113823368,
  "ece": 0.2002391387822271,
  "discrimination": 0.997601684709877,
  "roi": -0.2731,
  "edge_hit_rate": 0.2704,
  "health_score": 71.6,
  "model_weights": {
    "external_data": 0.0,
    "microstructure": 1.0
  },
  "approach": "time_series_heavy",
  "n_predictions": 3646,
  "timestamp": "2026-04-05T08:42:10.534299+00:00"
}