{
  "snapshot_id": "snap_549_1775385115",
  "cycle": 549,
  "brier_score": 0.06325985681832251,
  "ece": 0.18944543484989165,
  "discrimination": 0.9973975011605126,
  "roi": -0.1116,
  "edge_hit_rate": 0.3776,
  "health_score": 81.1,
  "model_weights": {
    "external_data": 0.0,
    "microstructure": 1.0
  },
  "approach": "time_series_heavy",
  "n_predictions": 3231,
  "timestamp": "2026-04-05T10:31:55.223893+00:00"
}