{
  "snapshot_id": "snap_799_1775389454",
  "cycle": 799,
  "brier_score": 0.06317293378402904,
  "ece": 0.18792398669086513,
  "discrimination": 0.9976865070732341,
  "roi": -0.0822,
  "edge_hit_rate": 0.4126,
  "health_score": 84.1,
  "model_weights": {
    "external_data": 0.0,
    "microstructure": 1.0
  },
  "approach": "time_series_heavy",
  "n_predictions": 3306,
  "timestamp": "2026-04-05T11:44:14.056111+00:00"
}