{
  "snapshot_id": "snap_436_1775382983",
  "cycle": 436,
  "brier_score": 0.06301795218926134,
  "ece": 0.18820732720261052,
  "discrimination": 0.9976015028553361,
  "roi": -0.2233,
  "edge_hit_rate": 0.2935,
  "health_score": 72.3,
  "model_weights": {
    "external_data": 0.0,
    "microstructure": 1.0
  },
  "approach": "time_series_heavy",
  "n_predictions": 3371,
  "timestamp": "2026-04-05T09:56:23.201400+00:00"
}