{
  "snapshot_id": "snap_361_1775381546",
  "cycle": 361,
  "brier_score": 0.06543742672624958,
  "ece": 0.19298483945713338,
  "discrimination": 0.9974336361231149,
  "roi": -0.2218,
  "edge_hit_rate": 0.2951,
  "health_score": 72.0,
  "model_weights": {
    "external_data": 0.0,
    "microstructure": 1.0
  },
  "approach": "time_series_heavy",
  "n_predictions": 3021,
  "timestamp": "2026-04-05T09:32:26.994572+00:00"
}