{
  "snapshot_id": "snap_503_1775384231",
  "cycle": 503,
  "brier_score": 0.06307147601113716,
  "ece": 0.18624410902696367,
  "discrimination": 0.9974139727398531,
  "roi": -0.1373,
  "edge_hit_rate": 0.3487,
  "health_score": 78.6,
  "model_weights": {
    "external_data": 0.0,
    "microstructure": 1.0
  },
  "approach": "time_series_heavy",
  "n_predictions": 3412,
  "timestamp": "2026-04-05T10:17:11.261614+00:00"
}