{
  "snapshot_id": "snap_116_1775376751",
  "cycle": 116,
  "brier_score": 0.06931692306086956,
  "ece": 0.21256098550724636,
  "discrimination": 0.9978522033898305,
  "roi": -0.4819,
  "edge_hit_rate": 0.1558,
  "health_score": 71.6,
  "model_weights": {
    "external_data": 0.0,
    "microstructure": 1.0
  },
  "approach": "time_series_heavy",
  "n_predictions": 3450,
  "timestamp": "2026-04-05T08:12:31.928028+00:00"
}