{
  "snapshot_id": "snap_855_1775390791",
  "cycle": 855,
  "brier_score": 0.06467106179834906,
  "ece": 0.18696692216981134,
  "discrimination": 0.9974532062353598,
  "roi": -0.1638,
  "edge_hit_rate": 0.3333,
  "health_score": 75.8,
  "model_weights": {
    "external_data": 1.0,
    "microstructure": 0.0
  },
  "approach": "time_series_heavy",
  "n_predictions": 1696,
  "timestamp": "2026-04-05T12:06:31.996328+00:00"
}