{
  "snapshot_id": "snap_364_1775381598",
  "cycle": 364,
  "brier_score": 0.06509165660604092,
  "ece": 0.19293799935043843,
  "discrimination": 0.99748675330155,
  "roi": -0.2583,
  "edge_hit_rate": 0.272,
  "health_score": 72.1,
  "model_weights": {
    "external_data": 0.0,
    "microstructure": 1.0
  },
  "approach": "time_series_heavy",
  "n_predictions": 3079,
  "timestamp": "2026-04-05T09:33:18.200615+00:00"
}