{
  "snapshot_id": "snap_310_1775380577",
  "cycle": 310,
  "brier_score": 0.06483534456470588,
  "ece": 0.19473123529411768,
  "discrimination": 0.9978112282854876,
  "roi": -0.3288,
  "edge_hit_rate": 0.2417,
  "health_score": 72.1,
  "model_weights": {
    "external_data": 0.0,
    "microstructure": 1.0
  },
  "approach": "time_series_heavy",
  "n_predictions": 3400,
  "timestamp": "2026-04-05T09:16:17.434254+00:00"
}