{
  "snapshot_id": "snap_787_1775389247",
  "cycle": 787,
  "brier_score": 0.06332702818155025,
  "ece": 0.1879916298261126,
  "discrimination": 0.9975932103121147,
  "roi": -0.0898,
  "edge_hit_rate": 0.4031,
  "health_score": 83.3,
  "model_weights": {
    "external_data": 0.0,
    "microstructure": 1.0
  },
  "approach": "time_series_heavy",
  "n_predictions": 3393,
  "timestamp": "2026-04-05T11:40:47.662179+00:00"
}