{
  "snapshot_id": "snap_211_1775378711",
  "cycle": 211,
  "brier_score": 0.06881361977470712,
  "ece": 0.20083163112045666,
  "discrimination": 0.9975381008206331,
  "roi": -0.3258,
  "edge_hit_rate": 0.2364,
  "health_score": 71.6,
  "model_weights": {
    "external_data": 0.0,
    "microstructure": 1.0
  },
  "approach": "time_series_heavy",
  "n_predictions": 3329,
  "timestamp": "2026-04-05T08:45:11.306475+00:00"
}