{
  "snapshot_id": "snap_845_1775390260",
  "cycle": 845,
  "brier_score": 0.06586954385295045,
  "ece": 0.17912051120227201,
  "discrimination": 0.9904457562995805,
  "roi": -0.1315,
  "edge_hit_rate": 0.3602,
  "health_score": 78.6,
  "model_weights": {
    "external_data": 0.7617,
    "microstructure": 0.2383
  },
  "approach": "time_series_heavy",
  "n_predictions": 3169,
  "timestamp": "2026-04-05T11:57:40.025618+00:00"
}