{
  "snapshot_id": "snap_110_1775376642",
  "cycle": 110,
  "brier_score": 0.06962652692698414,
  "ece": 0.21224825396825397,
  "discrimination": 0.9974997078681151,
  "roi": -0.5613,
  "edge_hit_rate": 0.1244,
  "health_score": 71.5,
  "model_weights": {
    "external_data": 0.0,
    "microstructure": 1.0
  },
  "approach": "time_series_heavy",
  "n_predictions": 3150,
  "timestamp": "2026-04-05T08:10:42.855453+00:00"
}