{
  "snapshot_id": "snap_875_1775390783",
  "cycle": 875,
  "brier_score": 0.07202084500164745,
  "ece": 0.16763143327841848,
  "discrimination": 0.9773670862003542,
  "roi": -0.117,
  "edge_hit_rate": 0.3722,
  "health_score": 78.8,
  "model_weights": {
    "external_data": 1.0,
    "microstructure": 0.0
  },
  "approach": "time_series_heavy",
  "n_predictions": 3035,
  "timestamp": "2026-04-05T12:06:23.887665+00:00"
}