{
  "snapshot_id": "snap_667_1775387169",
  "cycle": 667,
  "brier_score": 0.06306707164351068,
  "ece": 0.18719932226363942,
  "discrimination": 0.997550993588841,
  "roi": -0.1654,
  "edge_hit_rate": 0.3327,
  "health_score": 75.8,
  "model_weights": {
    "external_data": 0.0,
    "microstructure": 1.0
  },
  "approach": "time_series_heavy",
  "n_predictions": 2951,
  "timestamp": "2026-04-05T11:06:09.456374+00:00"
}