{
  "snapshot_id": "snap_705_1775387839",
  "cycle": 705,
  "brier_score": 0.06388276375248181,
  "ece": 0.18711555261416282,
  "discrimination": 0.9975926836885555,
  "roi": -0.1544,
  "edge_hit_rate": 0.3496,
  "health_score": 76.8,
  "model_weights": {
    "external_data": 0.1859,
    "microstructure": 0.8141
  },
  "approach": "time_series_heavy",
  "n_predictions": 3022,
  "timestamp": "2026-04-05T11:17:19.245277+00:00"
}