{
  "snapshot_id": "snap_298_1775380359",
  "cycle": 298,
  "brier_score": 0.06669591268449199,
  "ece": 0.20681304812834225,
  "discrimination": 0.9986865620222638,
  "roi": -0.5912,
  "edge_hit_rate": 0.1185,
  "health_score": 71.9,
  "model_weights": {
    "external_data": 0.0,
    "microstructure": 1.0
  },
  "approach": "time_series_heavy",
  "n_predictions": 935,
  "timestamp": "2026-04-05T09:12:39.003686+00:00"
}