{
  "snapshot_id": "snap_69_1775375969",
  "cycle": 69,
  "brier_score": 0.06497383568181818,
  "ece": 0.20942045454545455,
  "discrimination": 0.9991502860703563,
  "roi": -0.5717,
  "edge_hit_rate": 0.1214,
  "health_score": 72.2,
  "model_weights": {
    "external_data": 0.0,
    "microstructure": 1.0
  },
  "approach": "time_series_heavy",
  "n_predictions": 1100,
  "timestamp": "2026-04-05T07:59:29.225328+00:00"
}