{
  "snapshot_id": "snap_73_1775376043",
  "cycle": 73,
  "brier_score": 0.0667191024,
  "ece": 0.21075092307692309,
  "discrimination": 0.9985412357328866,
  "roi": -0.5961,
  "edge_hit_rate": 0.1124,
  "health_score": 71.9,
  "model_weights": {
    "external_data": 0.0,
    "microstructure": 1.0
  },
  "approach": "time_series_heavy",
  "n_predictions": 1300,
  "timestamp": "2026-04-05T08:00:43.173025+00:00"
}