{
  "snapshot_id": "snap_482_1775383858",
  "cycle": 482,
  "brier_score": 0.06385731534900285,
  "ece": 0.1907087606837607,
  "discrimination": 0.9979807787502111,
  "roi": -0.1607,
  "edge_hit_rate": 0.3318,
  "health_score": 76.2,
  "model_weights": {
    "external_data": 0.0,
    "microstructure": 1.0
  },
  "approach": "time_series_heavy",
  "n_predictions": 2808,
  "timestamp": "2026-04-05T10:10:58.617980+00:00"
}