{
  "snapshot_id": "snap_523_1775384642",
  "cycle": 523,
  "brier_score": 0.06388053427947599,
  "ece": 0.1889410480349345,
  "discrimination": 0.9975136570235577,
  "roi": -0.1121,
  "edge_hit_rate": 0.3742,
  "health_score": 81.0,
  "model_weights": {
    "external_data": 0.0,
    "microstructure": 1.0
  },
  "approach": "time_series_heavy",
  "n_predictions": 3206,
  "timestamp": "2026-04-05T10:24:02.991892+00:00"
}