{
  "snapshot_id": "snap_123_1775376893",
  "cycle": 123,
  "brier_score": 0.07034461720789473,
  "ece": 0.21361355263157897,
  "discrimination": 0.9977109264280202,
  "roi": -0.4642,
  "edge_hit_rate": 0.1638,
  "health_score": 71.5,
  "model_weights": {
    "external_data": 0.0,
    "microstructure": 1.0
  },
  "approach": "time_series_heavy",
  "n_predictions": 3800,
  "timestamp": "2026-04-05T08:14:53.383118+00:00"
}