{
  "snapshot_id": "snap_163_1775377770",
  "cycle": 163,
  "brier_score": 0.0698733283862069,
  "ece": 0.20967248275862074,
  "discrimination": 0.9975157258453077,
  "roi": -0.3638,
  "edge_hit_rate": 0.2145,
  "health_score": 71.5,
  "model_weights": {
    "external_data": 0.0,
    "microstructure": 1.0
  },
  "approach": "time_series_heavy",
  "n_predictions": 5800,
  "timestamp": "2026-04-05T08:29:30.637331+00:00"
}