{
  "snapshot_id": "snap_281_1775380039",
  "cycle": 281,
  "brier_score": 0.06399359366116539,
  "ece": 0.19349983159312897,
  "discrimination": 0.9979601608558868,
  "roi": -0.3546,
  "edge_hit_rate": 0.2234,
  "health_score": 72.2,
  "model_weights": {
    "external_data": 0.0,
    "microstructure": 1.0
  },
  "approach": "time_series_heavy",
  "n_predictions": 2969,
  "timestamp": "2026-04-05T09:07:19.342102+00:00"
}