{
  "snapshot_id": "snap_755_1775388692",
  "cycle": 755,
  "brier_score": 0.06304122884321224,
  "ece": 0.18720442957297645,
  "discrimination": 0.9975356056308977,
  "roi": -0.08,
  "edge_hit_rate": 0.4136,
  "health_score": 84.3,
  "model_weights": {
    "external_data": 0.0,
    "microstructure": 1.0
  },
  "approach": "time_series_heavy",
  "n_predictions": 3138,
  "timestamp": "2026-04-05T11:31:32.178881+00:00"
}