{
  "snapshot_id": "snap_98_1775376434",
  "cycle": 98,
  "brier_score": 0.07011572888627451,
  "ece": 0.21448039215686276,
  "discrimination": 0.9979339377444727,
  "roi": -0.567,
  "edge_hit_rate": 0.1218,
  "health_score": 71.5,
  "model_weights": {
    "external_data": 0.0,
    "microstructure": 1.0
  },
  "approach": "time_series_heavy",
  "n_predictions": 2550,
  "timestamp": "2026-04-05T08:07:14.223864+00:00"
}