{
  "snapshot_id": "snap_429_1775382841",
  "cycle": 429,
  "brier_score": 0.0633682759072643,
  "ece": 0.19225879443585783,
  "discrimination": 0.9977277402286122,
  "roi": -0.2238,
  "edge_hit_rate": 0.2894,
  "health_score": 72.3,
  "model_weights": {
    "external_data": 0.0,
    "microstructure": 1.0
  },
  "approach": "time_series_heavy",
  "n_predictions": 3235,
  "timestamp": "2026-04-05T09:54:01.619355+00:00"
}