{
  "snapshot_id": "snap_690_1775387571",
  "cycle": 690,
  "brier_score": 0.06301450209479616,
  "ece": 0.18939774610540266,
  "discrimination": 0.9977272316629175,
  "roi": -0.1349,
  "edge_hit_rate": 0.357,
  "health_score": 78.9,
  "model_weights": {
    "external_data": 0.0,
    "microstructure": 1.0
  },
  "approach": "time_series_heavy",
  "n_predictions": 3017,
  "timestamp": "2026-04-05T11:12:51.446135+00:00"
}