{
  "snapshot_id": "snap_476_1775383758",
  "cycle": 476,
  "brier_score": 0.06378844643169665,
  "ece": 0.1920824015556636,
  "discrimination": 0.9977162933684672,
  "roi": -0.2065,
  "edge_hit_rate": 0.3049,
  "health_score": 72.3,
  "model_weights": {
    "external_data": 0.0,
    "microstructure": 1.0
  },
  "approach": "time_series_heavy",
  "n_predictions": 2057,
  "timestamp": "2026-04-05T10:09:18.422812+00:00"
}