{
  "snapshot_id": "snap_766_1775388883",
  "cycle": 766,
  "brier_score": 0.06299001323881537,
  "ece": 0.1875960302457467,
  "discrimination": 0.9976850575754643,
  "roi": -0.081,
  "edge_hit_rate": 0.408,
  "health_score": 84.2,
  "model_weights": {
    "external_data": 0.0,
    "microstructure": 1.0
  },
  "approach": "time_series_heavy",
  "n_predictions": 3174,
  "timestamp": "2026-04-05T11:34:43.295667+00:00"
}