{
  "snapshot_id": "snap_341_1775381173",
  "cycle": 341,
  "brier_score": 0.06671810564217032,
  "ece": 0.19299405906593406,
  "discrimination": 0.9968944643707904,
  "roi": -0.2354,
  "edge_hit_rate": 0.2895,
  "health_score": 71.9,
  "model_weights": {
    "external_data": 0.0,
    "microstructure": 1.0
  },
  "approach": "time_series_heavy",
  "n_predictions": 2912,
  "timestamp": "2026-04-05T09:26:13.568151+00:00"
}