{
  "snapshot_id": "snap_282_1775380049",
  "cycle": 282,
  "brier_score": 0.06410191934588702,
  "ece": 0.1933600264288074,
  "discrimination": 0.9979699748721488,
  "roi": -0.3546,
  "edge_hit_rate": 0.2234,
  "health_score": 72.2,
  "model_weights": {
    "external_data": 0.0,
    "microstructure": 1.0
  },
  "approach": "time_series_heavy",
  "n_predictions": 3027,
  "timestamp": "2026-04-05T09:07:29.014316+00:00"
}