{
  "snapshot_id": "snap_336_1775381064",
  "cycle": 336,
  "brier_score": 0.06456230736414566,
  "ece": 0.1918321288515406,
  "discrimination": 0.9973358032119353,
  "roi": -0.1993,
  "edge_hit_rate": 0.3118,
  "health_score": 72.2,
  "model_weights": {
    "external_data": 0.0,
    "microstructure": 1.0
  },
  "approach": "time_series_heavy",
  "n_predictions": 3570,
  "timestamp": "2026-04-05T09:24:24.766962+00:00"
}