{
  "snapshot_id": "snap_388_1775382055",
  "cycle": 388,
  "brier_score": 0.06594732658571428,
  "ece": 0.19402000000000005,
  "discrimination": 0.9972610706456077,
  "roi": -0.3457,
  "edge_hit_rate": 0.2207,
  "health_score": 72.0,
  "model_weights": {
    "external_data": 0.0,
    "microstructure": 1.0
  },
  "approach": "time_series_heavy",
  "n_predictions": 2800,
  "timestamp": "2026-04-05T09:40:55.122194+00:00"
}