{
  "snapshot_id": "snap_468_1775383617",
  "cycle": 468,
  "brier_score": 0.06443061590435478,
  "ece": 0.18817186748597384,
  "discrimination": 0.9973691732253441,
  "roi": -0.1658,
  "edge_hit_rate": 0.3411,
  "health_score": 75.6,
  "model_weights": {
    "external_data": 0.0,
    "microstructure": 1.0
  },
  "approach": "time_series_heavy",
  "n_predictions": 3743,
  "timestamp": "2026-04-05T10:06:57.852059+00:00"
}