{
  "snapshot_id": "snap_504_1775384271",
  "cycle": 504,
  "brier_score": 0.06276368482655502,
  "ece": 0.18692075358851673,
  "discrimination": 0.9973223895469517,
  "roi": -0.1218,
  "edge_hit_rate": 0.36,
  "health_score": 80.2,
  "model_weights": {
    "external_data": 0.0,
    "microstructure": 1.0
  },
  "approach": "time_series_heavy",
  "n_predictions": 3344,
  "timestamp": "2026-04-05T10:17:51.493581+00:00"
}