{
  "snapshot_id": "snap_815_1775389734",
  "cycle": 815,
  "brier_score": 0.06201364383069082,
  "ece": 0.18677024348810875,
  "discrimination": 0.9978967002203425,
  "roi": -0.1092,
  "edge_hit_rate": 0.3917,
  "health_score": 81.6,
  "model_weights": {
    "external_data": 0.0,
    "microstructure": 1.0
  },
  "approach": "time_series_heavy",
  "n_predictions": 3532,
  "timestamp": "2026-04-05T11:48:54.642560+00:00"
}