{
  "snapshot_id": "snap_704_1775387822",
  "cycle": 704,
  "brier_score": 0.06355189531218014,
  "ece": 0.1871725690890481,
  "discrimination": 0.9977054895367283,
  "roi": -0.1544,
  "edge_hit_rate": 0.3496,
  "health_score": 76.8,
  "model_weights": {
    "external_data": 0.1859,
    "microstructure": 0.8141
  },
  "approach": "time_series_heavy",
  "n_predictions": 2931,
  "timestamp": "2026-04-05T11:17:02.925005+00:00"
}