{
  "snapshot_id": "snap_287_1775380138",
  "cycle": 287,
  "brier_score": 0.066292406545,
  "ece": 0.19553364999999998,
  "discrimination": 0.9972262123968408,
  "roi": -0.4315,
  "edge_hit_rate": 0.1836,
  "health_score": 71.9,
  "model_weights": {
    "external_data": 0.0,
    "microstructure": 1.0
  },
  "approach": "time_series_heavy",
  "n_predictions": 2000,
  "timestamp": "2026-04-05T09:08:58.365663+00:00"
}