{
  "snapshot_id": "snap_717_1775388039",
  "cycle": 717,
  "brier_score": 0.06482222591478697,
  "ece": 0.19683383458646617,
  "discrimination": 0.9988218646755233,
  "roi": -0.1654,
  "edge_hit_rate": 0.3558,
  "health_score": 75.6,
  "model_weights": {
    "external_data": 0.0,
    "microstructure": 1.0
  },
  "approach": "time_series_heavy",
  "n_predictions": 798,
  "timestamp": "2026-04-05T11:20:39.746233+00:00"
}