{
  "snapshot_id": "snap_281_1775380033",
  "cycle": 281,
  "brier_score": 0.06375708402321725,
  "ece": 0.19328925373134326,
  "discrimination": 0.9980676397200949,
  "roi": -0.3303,
  "edge_hit_rate": 0.2361,
  "health_score": 72.3,
  "model_weights": {
    "external_data": 0.0,
    "microstructure": 1.0
  },
  "approach": "time_series_heavy",
  "n_predictions": 3015,
  "timestamp": "2026-04-05T09:07:13.406992+00:00"
}