{
  "snapshot_id": "snap_635_1775386626",
  "cycle": 635,
  "brier_score": 0.06290930275056036,
  "ece": 0.187962055715658,
  "discrimination": 0.9975904734487268,
  "roi": -0.1222,
  "edge_hit_rate": 0.3735,
  "health_score": 80.1,
  "model_weights": {
    "external_data": 0.0,
    "microstructure": 1.0
  },
  "approach": "time_series_heavy",
  "n_predictions": 3123,
  "timestamp": "2026-04-05T10:57:06.463386+00:00"
}