{
  "snapshot_id": "snap_560_1775385312",
  "cycle": 560,
  "brier_score": 0.06281705846592614,
  "ece": 0.18644674271990397,
  "discrimination": 0.9970944085179035,
  "roi": -0.1487,
  "edge_hit_rate": 0.3475,
  "health_score": 77.5,
  "model_weights": {
    "external_data": 0.0,
    "microstructure": 1.0
  },
  "approach": "time_series_heavy",
  "n_predictions": 3331,
  "timestamp": "2026-04-05T10:35:12.672070+00:00"
}