{
  "snapshot_id": "snap_767_1775388901",
  "cycle": 767,
  "brier_score": 0.05740919759124088,
  "ece": 0.19490437956204384,
  "discrimination": 0.9996786116021211,
  "roi": -0.0407,
  "edge_hit_rate": 0.4167,
  "health_score": 89.0,
  "model_weights": {
    "external_data": 0.0,
    "microstructure": 1.0
  },
  "approach": "time_series_heavy",
  "n_predictions": 274,
  "timestamp": "2026-04-05T11:35:01.502768+00:00"
}