{
  "snapshot_id": "snap_219_1775378869",
  "cycle": 219,
  "brier_score": 0.06858844856807511,
  "ece": 0.20057118544600938,
  "discrimination": 0.9973794751518218,
  "roi": -0.3715,
  "edge_hit_rate": 0.2122,
  "health_score": 71.7,
  "model_weights": {
    "external_data": 0.0,
    "microstructure": 1.0
  },
  "approach": "time_series_heavy",
  "n_predictions": 3408,
  "timestamp": "2026-04-05T08:47:49.859983+00:00"
}