{
  "snapshot_id": "snap_586_1775385789",
  "cycle": 586,
  "brier_score": 0.06264960893681423,
  "ece": 0.1883940976163451,
  "discrimination": 0.9977750352403068,
  "roi": -0.1288,
  "edge_hit_rate": 0.3628,
  "health_score": 79.5,
  "model_weights": {
    "external_data": 0.0,
    "microstructure": 1.0
  },
  "approach": "time_series_heavy",
  "n_predictions": 2643,
  "timestamp": "2026-04-05T10:43:09.910751+00:00"
}