{
  "snapshot_id": "snap_747_1775388556",
  "cycle": 747,
  "brier_score": 0.06363789409018228,
  "ece": 0.1847722417652702,
  "discrimination": 0.9973544423754739,
  "roi": -0.1475,
  "edge_hit_rate": 0.3577,
  "health_score": 77.5,
  "model_weights": {
    "external_data": 0.0,
    "microstructure": 1.0
  },
  "approach": "time_series_heavy",
  "n_predictions": 3127,
  "timestamp": "2026-04-05T11:29:16.791947+00:00"
}