{
  "snapshot_id": "snap_314_1775380651",
  "cycle": 314,
  "brier_score": 0.06481423454807138,
  "ece": 0.19298635578583767,
  "discrimination": 0.997515951316862,
  "roi": -0.3144,
  "edge_hit_rate": 0.2485,
  "health_score": 72.1,
  "model_weights": {
    "external_data": 0.0,
    "microstructure": 1.0
  },
  "approach": "time_series_heavy",
  "n_predictions": 3474,
  "timestamp": "2026-04-05T09:17:31.889017+00:00"
}