{
  "snapshot_id": "snap_372_1775381746",
  "cycle": 372,
  "brier_score": 0.06466194241841915,
  "ece": 0.19353158085569253,
  "discrimination": 0.9976947999837736,
  "roi": -0.3266,
  "edge_hit_rate": 0.2388,
  "health_score": 72.1,
  "model_weights": {
    "external_data": 0.0,
    "microstructure": 1.0
  },
  "approach": "time_series_heavy",
  "n_predictions": 2758,
  "timestamp": "2026-04-05T09:35:46.494047+00:00"
}