{
  "snapshot_id": "snap_648_1775386847",
  "cycle": 648,
  "brier_score": 0.06326913212386284,
  "ece": 0.18740962211336598,
  "discrimination": 0.997869551965864,
  "roi": -0.1042,
  "edge_hit_rate": 0.3806,
  "health_score": 81.9,
  "model_weights": {
    "external_data": 0.0,
    "microstructure": 1.0
  },
  "approach": "time_series_heavy",
  "n_predictions": 2858,
  "timestamp": "2026-04-05T11:00:47.364842+00:00"
}