{
  "snapshot_id": "snap_800_1775389472",
  "cycle": 800,
  "brier_score": 0.062997092721538,
  "ece": 0.18803553619705618,
  "discrimination": 0.997692901119542,
  "roi": -0.083,
  "edge_hit_rate": 0.4119,
  "health_score": 84.0,
  "model_weights": {
    "external_data": 0.0,
    "microstructure": 1.0
  },
  "approach": "time_series_heavy",
  "n_predictions": 3329,
  "timestamp": "2026-04-05T11:44:32.063259+00:00"
}