{
  "snapshot_id": "snap_848_1775390317",
  "cycle": 848,
  "brier_score": 0.0653720526016,
  "ece": 0.18071167999999999,
  "discrimination": 0.9908015693498444,
  "roi": -0.1263,
  "edge_hit_rate": 0.3627,
  "health_score": 79.2,
  "model_weights": {
    "external_data": 0.8472,
    "microstructure": 0.1528
  },
  "approach": "time_series_heavy",
  "n_predictions": 3125,
  "timestamp": "2026-04-05T11:58:37.687005+00:00"
}