{
  "snapshot_id": "snap_174_1775378004",
  "cycle": 174,
  "brier_score": 0.06906559372909699,
  "ece": 0.21233193979933113,
  "discrimination": 0.9984243697478992,
  "roi": -0.5138,
  "edge_hit_rate": 0.1435,
  "health_score": 71.6,
  "model_weights": {
    "external_data": 0.0,
    "microstructure": 1.0
  },
  "approach": "time_series_heavy",
  "n_predictions": 1794,
  "timestamp": "2026-04-05T08:33:24.657238+00:00"
}