{
  "snapshot_id": "snap_297_1775380320",
  "cycle": 297,
  "brier_score": 0.0658139750431676,
  "ece": 0.1949037511164037,
  "discrimination": 0.9977988468618243,
  "roi": -0.2614,
  "edge_hit_rate": 0.2828,
  "health_score": 72.0,
  "model_weights": {
    "external_data": 0.0,
    "microstructure": 1.0
  },
  "approach": "time_series_heavy",
  "n_predictions": 3359,
  "timestamp": "2026-04-05T09:12:00.765296+00:00"
}