{
  "snapshot_id": "snap_630_1775386540",
  "cycle": 630,
  "brier_score": 0.06276559386585778,
  "ece": 0.18848837209302324,
  "discrimination": 0.997604060535853,
  "roi": -0.1198,
  "edge_hit_rate": 0.3745,
  "health_score": 80.4,
  "model_weights": {
    "external_data": 0.0,
    "microstructure": 1.0
  },
  "approach": "time_series_heavy",
  "n_predictions": 2967,
  "timestamp": "2026-04-05T10:55:40.938325+00:00"
}