{
  "snapshot_id": "snap_223_1775378961",
  "cycle": 223,
  "brier_score": 0.06876205749476205,
  "ece": 0.2010949715653996,
  "discrimination": 0.9972070152287885,
  "roi": -0.3914,
  "edge_hit_rate": 0.2033,
  "health_score": 71.6,
  "model_weights": {
    "external_data": 0.0,
    "microstructure": 1.0
  },
  "approach": "time_series_heavy",
  "n_predictions": 3341,
  "timestamp": "2026-04-05T08:49:21.008822+00:00"
}