{
  "snapshot_id": "snap_728_1775388220",
  "cycle": 728,
  "brier_score": 0.062345282944015444,
  "ece": 0.18583703346203348,
  "discrimination": 0.9979747153909051,
  "roi": -0.1843,
  "edge_hit_rate": 0.3313,
  "health_score": 74.0,
  "model_weights": {
    "external_data": 0.0,
    "microstructure": 1.0
  },
  "approach": "time_series_heavy",
  "n_predictions": 3108,
  "timestamp": "2026-04-05T11:23:40.846525+00:00"
}