{
  "snapshot_id": "snap_532_1775384817",
  "cycle": 532,
  "brier_score": 0.06300959029945843,
  "ece": 0.19361060847403636,
  "discrimination": 0.9978515460443171,
  "roi": -0.1557,
  "edge_hit_rate": 0.3308,
  "health_score": 76.8,
  "model_weights": {
    "external_data": 0.0,
    "microstructure": 1.0
  },
  "approach": "time_series_heavy",
  "n_predictions": 3139,
  "timestamp": "2026-04-05T10:26:57.735198+00:00"
}