{
  "snapshot_id": "snap_425_1775382769",
  "cycle": 425,
  "brier_score": 0.06297381993406594,
  "ece": 0.1906625117739403,
  "discrimination": 0.9977213930348259,
  "roi": -0.2266,
  "edge_hit_rate": 0.2881,
  "health_score": 72.4,
  "model_weights": {
    "external_data": 0.0,
    "microstructure": 1.0
  },
  "approach": "time_series_heavy",
  "n_predictions": 3185,
  "timestamp": "2026-04-05T09:52:49.360000+00:00"
}