{
  "snapshot_id": "snap_491_1775384029",
  "cycle": 491,
  "brier_score": 0.06423875226692209,
  "ece": 0.18631296296296296,
  "discrimination": 0.9976201838015134,
  "roi": -0.0866,
  "edge_hit_rate": 0.3957,
  "health_score": 83.5,
  "model_weights": {
    "external_data": 0.0,
    "microstructure": 1.0
  },
  "approach": "time_series_heavy",
  "n_predictions": 3132,
  "timestamp": "2026-04-05T10:13:49.249206+00:00"
}