{
  "snapshot_id": "snap_355_1775381429",
  "cycle": 355,
  "brier_score": 0.065333495341658,
  "ece": 0.19193392299687823,
  "discrimination": 0.9971680766764653,
  "roi": -0.2178,
  "edge_hit_rate": 0.3038,
  "health_score": 72.0,
  "model_weights": {
    "external_data": 0.0,
    "microstructure": 1.0
  },
  "approach": "time_series_heavy",
  "n_predictions": 2883,
  "timestamp": "2026-04-05T09:30:29.191828+00:00"
}