{
  "snapshot_id": "snap_594_1775385923",
  "cycle": 594,
  "brier_score": 0.06264536521014241,
  "ece": 0.18745251823549847,
  "discrimination": 0.9978772080009195,
  "roi": -0.1251,
  "edge_hit_rate": 0.3672,
  "health_score": 79.9,
  "model_weights": {
    "external_data": 0.0,
    "microstructure": 1.0
  },
  "approach": "time_series_heavy",
  "n_predictions": 2879,
  "timestamp": "2026-04-05T10:45:23.414230+00:00"
}