{
  "snapshot_id": "snap_688_1775387560",
  "cycle": 688,
  "brier_score": 0.06331943003577235,
  "ece": 0.189546406504065,
  "discrimination": 0.9977000787948047,
  "roi": -0.1349,
  "edge_hit_rate": 0.357,
  "health_score": 78.8,
  "model_weights": {
    "external_data": 0.0,
    "microstructure": 1.0
  },
  "approach": "time_series_heavy",
  "n_predictions": 3075,
  "timestamp": "2026-04-05T11:12:40.003172+00:00"
}