{
  "snapshot_id": "snap_227_1775379038",
  "cycle": 227,
  "brier_score": 0.06760065823726746,
  "ece": 0.20035553522415372,
  "discrimination": 0.9978091483467828,
  "roi": -0.3419,
  "edge_hit_rate": 0.2308,
  "health_score": 71.8,
  "model_weights": {
    "external_data": 0.0,
    "microstructure": 1.0
  },
  "approach": "time_series_heavy",
  "n_predictions": 3279,
  "timestamp": "2026-04-05T08:50:38.778897+00:00"
}