{
  "snapshot_id": "snap_601_1775386046",
  "cycle": 601,
  "brier_score": 0.06303623256268316,
  "ece": 0.18694887658743078,
  "discrimination": 0.9975893200568744,
  "roi": -0.1273,
  "edge_hit_rate": 0.3666,
  "health_score": 79.6,
  "model_weights": {
    "external_data": 0.0,
    "microstructure": 1.0
  },
  "approach": "time_series_heavy",
  "n_predictions": 3071,
  "timestamp": "2026-04-05T10:47:26.424874+00:00"
}