{
  "snapshot_id": "snap_218_1775378857",
  "cycle": 218,
  "brier_score": 0.06841764215437789,
  "ece": 0.19991405529953915,
  "discrimination": 0.9974156351687978,
  "roi": -0.3715,
  "edge_hit_rate": 0.2122,
  "health_score": 71.7,
  "model_weights": {
    "external_data": 0.0,
    "microstructure": 1.0
  },
  "approach": "time_series_heavy",
  "n_predictions": 3472,
  "timestamp": "2026-04-05T08:47:37.945926+00:00"
}