{
  "snapshot_id": "snap_651_1775386911",
  "cycle": 651,
  "brier_score": 0.06330348924489795,
  "ece": 0.18777510204081638,
  "discrimination": 0.9978147522465758,
  "roi": -0.1108,
  "edge_hit_rate": 0.3779,
  "health_score": 81.2,
  "model_weights": {
    "external_data": 0.0,
    "microstructure": 1.0
  },
  "approach": "time_series_heavy",
  "n_predictions": 2940,
  "timestamp": "2026-04-05T11:01:51.393737+00:00"
}