{
  "snapshot_id": "snap_237_1775379245",
  "cycle": 237,
  "brier_score": 0.06842770316209648,
  "ece": 0.19815900728913574,
  "discrimination": 0.9965729254322865,
  "roi": -0.3482,
  "edge_hit_rate": 0.2228,
  "health_score": 71.7,
  "model_weights": {
    "external_data": 0.0,
    "microstructure": 1.0
  },
  "approach": "time_series_heavy",
  "n_predictions": 2881,
  "timestamp": "2026-04-05T08:54:05.188597+00:00"
}