{
  "snapshot_id": "snap_242_1775379337",
  "cycle": 242,
  "brier_score": 0.06728534303265941,
  "ece": 0.1941230793157076,
  "discrimination": 0.9964614744026509,
  "roi": -0.3364,
  "edge_hit_rate": 0.2289,
  "health_score": 71.8,
  "model_weights": {
    "external_data": 0.0,
    "microstructure": 1.0
  },
  "approach": "time_series_heavy",
  "n_predictions": 3215,
  "timestamp": "2026-04-05T08:55:37.779164+00:00"
}