{
  "snapshot_id": "snap_669_1775387202",
  "cycle": 669,
  "brier_score": 0.06295730996283784,
  "ece": 0.1874006418918919,
  "discrimination": 0.9975492554114607,
  "roi": -0.1644,
  "edge_hit_rate": 0.3333,
  "health_score": 75.9,
  "model_weights": {
    "external_data": 0.0,
    "microstructure": 1.0
  },
  "approach": "time_series_heavy",
  "n_predictions": 2960,
  "timestamp": "2026-04-05T11:06:42.541837+00:00"
}