{
  "snapshot_id": "snap_783_1775389175",
  "cycle": 783,
  "brier_score": 0.06386309419275628,
  "ece": 0.18713523634131368,
  "discrimination": 0.9974094029136982,
  "roi": -0.1189,
  "edge_hit_rate": 0.3768,
  "health_score": 80.3,
  "model_weights": {
    "external_data": 0.0,
    "microstructure": 1.0
  },
  "approach": "time_series_heavy",
  "n_predictions": 3258,
  "timestamp": "2026-04-05T11:39:35.773698+00:00"
}