{
  "snapshot_id": "snap_366_1775381634",
  "cycle": 366,
  "brier_score": 0.06507791764705882,
  "ece": 0.19276371447455382,
  "discrimination": 0.9974392960678639,
  "roi": -0.2859,
  "edge_hit_rate": 0.2564,
  "health_score": 72.1,
  "model_weights": {
    "external_data": 0.0,
    "microstructure": 1.0
  },
  "approach": "time_series_heavy",
  "n_predictions": 3026,
  "timestamp": "2026-04-05T09:33:54.097958+00:00"
}