{
  "snapshot_id": "snap_503_1775384248",
  "cycle": 503,
  "brier_score": 0.0626079345248734,
  "ece": 0.18706094727435213,
  "discrimination": 0.9974672467577524,
  "roi": -0.1278,
  "edge_hit_rate": 0.356,
  "health_score": 79.6,
  "model_weights": {
    "external_data": 0.0,
    "microstructure": 1.0
  },
  "approach": "time_series_heavy",
  "n_predictions": 3357,
  "timestamp": "2026-04-05T10:17:28.989581+00:00"
}