{
  "snapshot_id": "snap_14_1775375103",
  "cycle": 14,
  "brier_score": 0.06864562464285713,
  "ece": 0.20477271428571428,
  "discrimination": 0.9987172011661808,
  "roi": -0.1628,
  "edge_hit_rate": 0.35,
  "health_score": 75.4,
  "model_weights": {},
  "approach": "aggressive_momentum",
  "n_predictions": 700,
  "timestamp": "2026-04-05T07:45:03.013052+00:00"
}