{
  "snapshot_id": "snap_371_1775381728",
  "cycle": 371,
  "brier_score": 0.0644936291546461,
  "ece": 0.19172549480040255,
  "discrimination": 0.9975230531705522,
  "roi": -0.3209,
  "edge_hit_rate": 0.2414,
  "health_score": 72.2,
  "model_weights": {
    "external_data": 0.0,
    "microstructure": 1.0
  },
  "approach": "time_series_heavy",
  "n_predictions": 2981,
  "timestamp": "2026-04-05T09:35:28.783571+00:00"
}