{
  "snapshot_id": "snap_429_1775382843",
  "cycle": 429,
  "brier_score": 0.06338024652683528,
  "ece": 0.1923735965453424,
  "discrimination": 0.9977355353090853,
  "roi": -0.2238,
  "edge_hit_rate": 0.2894,
  "health_score": 72.3,
  "model_weights": {
    "external_data": 0.0,
    "microstructure": 1.0
  },
  "approach": "time_series_heavy",
  "n_predictions": 3242,
  "timestamp": "2026-04-05T09:54:03.648879+00:00"
}