{
  "snapshot_id": "snap_374_1775381781",
  "cycle": 374,
  "brier_score": 0.0641063897751606,
  "ece": 0.19329796573875802,
  "discrimination": 0.9977949945152231,
  "roi": -0.3279,
  "edge_hit_rate": 0.2366,
  "health_score": 72.2,
  "model_weights": {
    "external_data": 0.0,
    "microstructure": 1.0
  },
  "approach": "time_series_heavy",
  "n_predictions": 2802,
  "timestamp": "2026-04-05T09:36:21.958564+00:00"
}