{
  "snapshot_id": "snap_814_1775389719",
  "cycle": 814,
  "brier_score": 0.061730978407376354,
  "ece": 0.18653668622520259,
  "discrimination": 0.9979216235129461,
  "roi": -0.1092,
  "edge_hit_rate": 0.3917,
  "health_score": 81.6,
  "model_weights": {
    "external_data": 0.0,
    "microstructure": 1.0
  },
  "approach": "time_series_heavy",
  "n_predictions": 3579,
  "timestamp": "2026-04-05T11:48:39.302038+00:00"
}