{
  "snapshot_id": "snap_279_1775380003",
  "cycle": 279,
  "brier_score": 0.06390460439829955,
  "ece": 0.1933566710268149,
  "discrimination": 0.9979366676195004,
  "roi": -0.2967,
  "edge_hit_rate": 0.2516,
  "health_score": 72.2,
  "model_weights": {
    "external_data": 0.0,
    "microstructure": 1.0
  },
  "approach": "time_series_heavy",
  "n_predictions": 3058,
  "timestamp": "2026-04-05T09:06:43.191823+00:00"
}