{
  "snapshot_id": "snap_18_1775375156",
  "cycle": 18,
  "brier_score": 0.06926549152222222,
  "ece": 0.20652655555555557,
  "discrimination": 0.9985744372547064,
  "roi": -0.2251,
  "edge_hit_rate": 0.3011,
  "health_score": 71.6,
  "model_weights": {},
  "approach": "conservative",
  "n_predictions": 900,
  "timestamp": "2026-04-05T07:45:56.525338+00:00"
}