{
  "snapshot_id": "snap_619_1775386353",
  "cycle": 619,
  "brier_score": 0.06395245512057626,
  "ece": 0.1883118697150016,
  "discrimination": 0.9974691943658727,
  "roi": -0.1122,
  "edge_hit_rate": 0.3893,
  "health_score": 81.0,
  "model_weights": {
    "external_data": 0.0,
    "microstructure": 1.0
  },
  "approach": "time_series_heavy",
  "n_predictions": 3193,
  "timestamp": "2026-04-05T10:52:33.961928+00:00"
}