{
  "snapshot_id": "snap_718_1775388045",
  "cycle": 718,
  "brier_score": 0.06319769806636885,
  "ece": 0.18911735800893426,
  "discrimination": 0.998068714927084,
  "roi": -0.1852,
  "edge_hit_rate": 0.3282,
  "health_score": 73.8,
  "model_weights": {
    "external_data": 0.0,
    "microstructure": 1.0
  },
  "approach": "time_series_heavy",
  "n_predictions": 3134,
  "timestamp": "2026-04-05T11:20:45.825363+00:00"
}