{
  "snapshot_id": "snap_20_1775375184",
  "cycle": 20,
  "brier_score": 0.07048126009000001,
  "ece": 0.21101790000000004,
  "discrimination": 0.9987124612868428,
  "roi": -0.259,
  "edge_hit_rate": 0.279,
  "health_score": 71.5,
  "model_weights": {},
  "approach": "external_data_driven",
  "n_predictions": 1000,
  "timestamp": "2026-04-05T07:46:24.120984+00:00"
}