{
  "snapshot_id": "snap_475_1775383738",
  "cycle": 475,
  "brier_score": 0.06361927186238533,
  "ece": 0.19096064220183487,
  "discrimination": 0.9979227311017376,
  "roi": -0.1657,
  "edge_hit_rate": 0.328,
  "health_score": 75.7,
  "model_weights": {
    "external_data": 0.0,
    "microstructure": 1.0
  },
  "approach": "time_series_heavy",
  "n_predictions": 3270,
  "timestamp": "2026-04-05T10:08:58.098321+00:00"
}