{
  "snapshot_id": "snap_549_1775385117",
  "cycle": 549,
  "brier_score": 0.06327953051819865,
  "ece": 0.1896024059222702,
  "discrimination": 0.9974102566106144,
  "roi": -0.1116,
  "edge_hit_rate": 0.3776,
  "health_score": 81.1,
  "model_weights": {
    "external_data": 0.0,
    "microstructure": 1.0
  },
  "approach": "time_series_heavy",
  "n_predictions": 3242,
  "timestamp": "2026-04-05T10:31:57.387104+00:00"
}