{
  "snapshot_id": "snap_613_1775386239",
  "cycle": 613,
  "brier_score": 0.06355798070984625,
  "ece": 0.18976889106967612,
  "discrimination": 0.9975381423176772,
  "roi": -0.0918,
  "edge_hit_rate": 0.3977,
  "health_score": 83.1,
  "model_weights": {
    "external_data": 0.0,
    "microstructure": 1.0
  },
  "approach": "time_series_heavy",
  "n_predictions": 3057,
  "timestamp": "2026-04-05T10:50:39.672283+00:00"
}