{
  "snapshot_id": "snap_168_1775377898",
  "cycle": 168,
  "brier_score": 0.06970322755794504,
  "ece": 0.2072978016726404,
  "discrimination": 0.9976618530396247,
  "roi": -0.3078,
  "edge_hit_rate": 0.2457,
  "health_score": 71.5,
  "model_weights": {
    "external_data": 0.0,
    "microstructure": 1.0
  },
  "approach": "time_series_heavy",
  "n_predictions": 4185,
  "timestamp": "2026-04-05T08:31:38.311060+00:00"
}