{
  "snapshot_id": "snap_782_1775389157",
  "cycle": 782,
  "brier_score": 0.06417435474524248,
  "ece": 0.18771651319828117,
  "discrimination": 0.997406262171191,
  "roi": -0.1189,
  "edge_hit_rate": 0.3768,
  "health_score": 80.3,
  "model_weights": {
    "external_data": 0.0,
    "microstructure": 1.0
  },
  "approach": "time_series_heavy",
  "n_predictions": 3258,
  "timestamp": "2026-04-05T11:39:17.955998+00:00"
}