{
  "snapshot_id": "snap_575_1775385589",
  "cycle": 575,
  "brier_score": 0.06277588021900161,
  "ece": 0.1908947504025765,
  "discrimination": 0.9978395874875589,
  "roi": -0.139,
  "edge_hit_rate": 0.3501,
  "health_score": 78.5,
  "model_weights": {
    "external_data": 0.0,
    "microstructure": 1.0
  },
  "approach": "time_series_heavy",
  "n_predictions": 3105,
  "timestamp": "2026-04-05T10:39:49.265132+00:00"
}