{
  "snapshot_id": "snap_293_1775380247",
  "cycle": 293,
  "brier_score": 0.0959211785,
  "ece": 0.26072999999999996,
  "discrimination": 1.0,
  "roi": -0.8151,
  "edge_hit_rate": 0.0513,
  "health_score": 68.5,
  "model_weights": {
    "external_data": 0.0,
    "microstructure": 1.0
  },
  "approach": "time_series_heavy",
  "n_predictions": 40,
  "timestamp": "2026-04-05T09:10:47.319202+00:00"
}