{
  "snapshot_id": "snap_373_1775381763",
  "cycle": 373,
  "brier_score": 0.06465254949622166,
  "ece": 0.19371734436847785,
  "discrimination": 0.9977118668722544,
  "roi": -0.3266,
  "edge_hit_rate": 0.2388,
  "health_score": 72.2,
  "model_weights": {
    "external_data": 0.0,
    "microstructure": 1.0
  },
  "approach": "time_series_heavy",
  "n_predictions": 2779,
  "timestamp": "2026-04-05T09:36:03.195985+00:00"
}