{
  "snapshot_id": "snap_550_1775385130",
  "cycle": 550,
  "brier_score": 0.06307144614503817,
  "ece": 0.18787398218829518,
  "discrimination": 0.9973234120699044,
  "roi": -0.1125,
  "edge_hit_rate": 0.3768,
  "health_score": 81.1,
  "model_weights": {
    "external_data": 0.0,
    "microstructure": 1.0
  },
  "approach": "time_series_heavy",
  "n_predictions": 3144,
  "timestamp": "2026-04-05T10:32:10.732957+00:00"
}