{
  "snapshot_id": "snap_670_1775387235",
  "cycle": 670,
  "brier_score": 0.06331164834121498,
  "ece": 0.18706187704619864,
  "discrimination": 0.9974288334955469,
  "roi": -0.1774,
  "edge_hit_rate": 0.323,
  "health_score": 74.6,
  "model_weights": {
    "external_data": 0.0,
    "microstructure": 1.0
  },
  "approach": "time_series_heavy",
  "n_predictions": 2749,
  "timestamp": "2026-04-05T11:07:15.916003+00:00"
}