{
  "snapshot_id": "snap_607_1775386131",
  "cycle": 607,
  "brier_score": 0.10354145393431856,
  "ece": 0.1210911986863711,
  "discrimination": 0.9265719788155994,
  "roi": -0.1168,
  "edge_hit_rate": 0.3693,
  "health_score": 73.0,
  "model_weights": {
    "external_data": 0.0,
    "microstructure": 1.0
  },
  "approach": "time_series_heavy",
  "n_predictions": 3045,
  "timestamp": "2026-04-05T10:48:51.871289+00:00"
}