{
  "snapshot_id": "snap_29_1775375312",
  "cycle": 29,
  "brier_score": 0.06641955450344827,
  "ece": 0.2090693103448276,
  "discrimination": 0.9991996838537994,
  "roi": -0.2595,
  "edge_hit_rate": 0.2787,
  "health_score": 72.0,
  "model_weights": {},
  "approach": "time_series_heavy",
  "n_predictions": 1450,
  "timestamp": "2026-04-05T07:48:32.025347+00:00"
}