{
  "snapshot_id": "snap_513_1775384468",
  "cycle": 513,
  "brier_score": 0.06764195984021305,
  "ece": 0.19083994673768306,
  "discrimination": 0.9962402928959595,
  "roi": -0.3963,
  "edge_hit_rate": 0.2114,
  "health_score": 71.7,
  "model_weights": {
    "external_data": 0.0,
    "microstructure": 1.0
  },
  "approach": "time_series_heavy",
  "n_predictions": 751,
  "timestamp": "2026-04-05T10:21:08.089292+00:00"
}