{
  "snapshot_id": "snap_689_1775387552",
  "cycle": 689,
  "brier_score": 0.06331666861558698,
  "ece": 0.1892313054916146,
  "discrimination": 0.9976660900745306,
  "roi": -0.1349,
  "edge_hit_rate": 0.357,
  "health_score": 78.8,
  "model_weights": {
    "external_data": 0.0,
    "microstructure": 1.0
  },
  "approach": "time_series_heavy",
  "n_predictions": 3041,
  "timestamp": "2026-04-05T11:12:32.738405+00:00"
}