{
  "snapshot_id": "snap_714_1775387985",
  "cycle": 714,
  "brier_score": 0.06312030855467513,
  "ece": 0.1871654199683043,
  "discrimination": 0.9979678972873559,
  "roi": -0.1633,
  "edge_hit_rate": 0.3429,
  "health_score": 76.0,
  "model_weights": {
    "external_data": 0.0,
    "microstructure": 1.0
  },
  "approach": "time_series_heavy",
  "n_predictions": 3155,
  "timestamp": "2026-04-05T11:19:45.681717+00:00"
}