{
  "snapshot_id": "snap_688_1775387534",
  "cycle": 688,
  "brier_score": 0.06315206005089921,
  "ece": 0.18939324737020696,
  "discrimination": 0.9977497939302401,
  "roi": -0.1334,
  "edge_hit_rate": 0.358,
  "health_score": 79.0,
  "model_weights": {
    "external_data": 0.0,
    "microstructure": 1.0
  },
  "approach": "time_series_heavy",
  "n_predictions": 2947,
  "timestamp": "2026-04-05T11:12:14.628614+00:00"
}