{
  "snapshot_id": "snap_393_1775382156",
  "cycle": 393,
  "brier_score": 0.0651945464438973,
  "ece": 0.19561252198381995,
  "discrimination": 0.9976410292749701,
  "roi": -0.2679,
  "edge_hit_rate": 0.2661,
  "health_score": 72.1,
  "model_weights": {
    "external_data": 0.0,
    "microstructure": 1.0
  },
  "approach": "time_series_heavy",
  "n_predictions": 2843,
  "timestamp": "2026-04-05T09:42:36.857371+00:00"
}