{
  "snapshot_id": "snap_759_1775388763",
  "cycle": 759,
  "brier_score": 0.06353370005765535,
  "ece": 0.18962889173606665,
  "discrimination": 0.9977002683826995,
  "roi": -0.0919,
  "edge_hit_rate": 0.401,
  "health_score": 83.1,
  "model_weights": {
    "external_data": 0.0,
    "microstructure": 1.0
  },
  "approach": "time_series_heavy",
  "n_predictions": 3122,
  "timestamp": "2026-04-05T11:32:43.232031+00:00"
}