{
  "snapshot_id": "snap_305_1775380462",
  "cycle": 305,
  "brier_score": 0.06592579714240805,
  "ece": 0.1952191449229802,
  "discrimination": 0.9977809462991394,
  "roi": -0.3405,
  "edge_hit_rate": 0.2345,
  "health_score": 72.0,
  "model_weights": {
    "external_data": 0.0,
    "microstructure": 1.0
  },
  "approach": "time_series_heavy",
  "n_predictions": 3181,
  "timestamp": "2026-04-05T09:14:22.728316+00:00"
}