{
  "snapshot_id": "snap_365_1775381613",
  "cycle": 365,
  "brier_score": 0.06543927218523402,
  "ece": 0.1934853988134476,
  "discrimination": 0.9974188343835588,
  "roi": -0.2583,
  "edge_hit_rate": 0.272,
  "health_score": 72.0,
  "model_weights": {
    "external_data": 0.0,
    "microstructure": 1.0
  },
  "approach": "time_series_heavy",
  "n_predictions": 3034,
  "timestamp": "2026-04-05T09:33:33.431307+00:00"
}