{
  "snapshot_id": "snap_520_1775384589",
  "cycle": 520,
  "brier_score": 0.0634765608435682,
  "ece": 0.18984728506787332,
  "discrimination": 0.9977143425330289,
  "roi": -0.1234,
  "edge_hit_rate": 0.3677,
  "health_score": 80.0,
  "model_weights": {
    "external_data": 0.0,
    "microstructure": 1.0
  },
  "approach": "time_series_heavy",
  "n_predictions": 3094,
  "timestamp": "2026-04-05T10:23:09.159684+00:00"
}