{
  "snapshot_id": "snap_846_1775390284",
  "cycle": 846,
  "brier_score": 0.06613903590534351,
  "ece": 0.1791447022900763,
  "discrimination": 0.9905518616918514,
  "roi": -0.1315,
  "edge_hit_rate": 0.3602,
  "health_score": 78.5,
  "model_weights": {
    "external_data": 0.8472,
    "microstructure": 0.1528
  },
  "approach": "time_series_heavy",
  "n_predictions": 3275,
  "timestamp": "2026-04-05T11:58:04.262871+00:00"
}