{
  "snapshot_id": "snap_558_1775385279",
  "cycle": 558,
  "brier_score": 0.06271391772621132,
  "ece": 0.18606471103327496,
  "discrimination": 0.997137673280025,
  "roi": -0.1377,
  "edge_hit_rate": 0.3559,
  "health_score": 78.6,
  "model_weights": {
    "external_data": 0.0,
    "microstructure": 1.0
  },
  "approach": "time_series_heavy",
  "n_predictions": 3426,
  "timestamp": "2026-04-05T10:34:39.569561+00:00"
}