{
  "snapshot_id": "snap_770_1775388943",
  "cycle": 770,
  "brier_score": 0.06297568271807838,
  "ece": 0.18686384323640967,
  "discrimination": 0.9976302091141759,
  "roi": -0.0807,
  "edge_hit_rate": 0.4078,
  "health_score": 84.3,
  "model_weights": {
    "external_data": 0.0,
    "microstructure": 1.0
  },
  "approach": "time_series_heavy",
  "n_predictions": 3164,
  "timestamp": "2026-04-05T11:35:43.053777+00:00"
}