{
  "snapshot_id": "snap_566_1775385415",
  "cycle": 566,
  "brier_score": 0.06266666848284545,
  "ece": 0.18638649669499527,
  "discrimination": 0.9970820389479148,
  "roi": -0.1424,
  "edge_hit_rate": 0.3499,
  "health_score": 78.1,
  "model_weights": {
    "external_data": 0.0,
    "microstructure": 1.0
  },
  "approach": "time_series_heavy",
  "n_predictions": 3177,
  "timestamp": "2026-04-05T10:36:55.577805+00:00"
}