{
  "snapshot_id": "snap_250_1775379466",
  "cycle": 250,
  "brier_score": 0.0650209575886076,
  "ece": 0.19184506329113926,
  "discrimination": 0.9969076342440687,
  "roi": -0.3567,
  "edge_hit_rate": 0.2157,
  "health_score": 72.1,
  "model_weights": {
    "external_data": 0.0,
    "microstructure": 1.0
  },
  "approach": "time_series_heavy",
  "n_predictions": 3160,
  "timestamp": "2026-04-05T08:57:46.306598+00:00"
}