{
  "snapshot_id": "snap_391_1775382121",
  "cycle": 391,
  "brier_score": 0.06566858738210818,
  "ece": 0.1954735436893204,
  "discrimination": 0.9974637798856549,
  "roi": -0.2569,
  "edge_hit_rate": 0.2731,
  "health_score": 72.0,
  "model_weights": {
    "external_data": 0.0,
    "microstructure": 1.0
  },
  "approach": "time_series_heavy",
  "n_predictions": 2884,
  "timestamp": "2026-04-05T09:42:01.575225+00:00"
}