{
  "snapshot_id": "snap_37_1775375437",
  "cycle": 37,
  "brier_score": 0.0676081805027027,
  "ece": 0.20848556756756756,
  "discrimination": 0.9983214777051743,
  "roi": -0.2842,
  "edge_hit_rate": 0.2629,
  "health_score": 71.8,
  "model_weights": {},
  "approach": "aggressive_momentum",
  "n_predictions": 1850,
  "timestamp": "2026-04-05T07:50:37.358863+00:00"
}