{
  "snapshot_id": "snap_641_1775386729",
  "cycle": 641,
  "brier_score": 0.0631505610454854,
  "ece": 0.18956720977596742,
  "discrimination": 0.9977303317789981,
  "roi": -0.12,
  "edge_hit_rate": 0.3657,
  "health_score": 80.3,
  "model_weights": {
    "external_data": 0.0,
    "microstructure": 1.0
  },
  "approach": "time_series_heavy",
  "n_predictions": 2946,
  "timestamp": "2026-04-05T10:58:49.313260+00:00"
}