{
  "snapshot_id": "snap_556_1775385246",
  "cycle": 556,
  "brier_score": 0.06268493703555046,
  "ece": 0.1869904243119266,
  "discrimination": 0.9972855892505889,
  "roi": -0.1059,
  "edge_hit_rate": 0.3807,
  "health_score": 81.8,
  "model_weights": {
    "external_data": 0.0,
    "microstructure": 1.0
  },
  "approach": "time_series_heavy",
  "n_predictions": 3488,
  "timestamp": "2026-04-05T10:34:06.877049+00:00"
}