{
  "snapshot_id": "snap_380_1775381901",
  "cycle": 380,
  "brier_score": 0.06450379071230021,
  "ece": 0.19370684503127172,
  "discrimination": 0.9975008248588114,
  "roi": -0.3323,
  "edge_hit_rate": 0.2328,
  "health_score": 72.2,
  "model_weights": {
    "external_data": 0.0,
    "microstructure": 1.0
  },
  "approach": "time_series_heavy",
  "n_predictions": 2878,
  "timestamp": "2026-04-05T09:38:21.445055+00:00"
}