{
  "snapshot_id": "snap_841_1775390193",
  "cycle": 841,
  "brier_score": 0.0646132173857868,
  "ece": 0.18435939086294417,
  "discrimination": 0.9949497040887989,
  "roi": -0.1155,
  "edge_hit_rate": 0.3715,
  "health_score": 80.5,
  "model_weights": {
    "external_data": 0.0,
    "microstructure": 1.0
  },
  "approach": "time_series_heavy",
  "n_predictions": 3152,
  "timestamp": "2026-04-05T11:56:33.515323+00:00"
}