{
  "snapshot_id": "snap_369_1775381688",
  "cycle": 369,
  "brier_score": 0.06444261165401123,
  "ece": 0.19250108946847144,
  "discrimination": 0.9975617076098732,
  "roi": -0.3033,
  "edge_hit_rate": 0.2468,
  "health_score": 72.2,
  "model_weights": {
    "external_data": 0.0,
    "microstructure": 1.0
  },
  "approach": "time_series_heavy",
  "n_predictions": 3029,
  "timestamp": "2026-04-05T09:34:48.659719+00:00"
}