{
  "snapshot_id": "snap_741_1775388454",
  "cycle": 741,
  "brier_score": 0.06344189189562087,
  "ece": 0.19100233953209358,
  "discrimination": 0.997900684759001,
  "roi": -0.1586,
  "edge_hit_rate": 0.3459,
  "health_score": 76.4,
  "model_weights": {
    "external_data": 0.0,
    "microstructure": 1.0
  },
  "approach": "time_series_heavy",
  "n_predictions": 1667,
  "timestamp": "2026-04-05T11:27:34.713861+00:00"
}