{
  "snapshot_id": "snap_202_1775378533",
  "cycle": 202,
  "brier_score": 0.0691629106203881,
  "ece": 0.20048958731893962,
  "discrimination": 0.9975961209804995,
  "roi": -0.2703,
  "edge_hit_rate": 0.2725,
  "health_score": 71.6,
  "model_weights": {
    "external_data": 0.0,
    "microstructure": 1.0
  },
  "approach": "time_series_heavy",
  "n_predictions": 3659,
  "timestamp": "2026-04-05T08:42:13.011649+00:00"
}