{
  "snapshot_id": "snap_794_1775389369",
  "cycle": 794,
  "brier_score": 0.06365426594478527,
  "ece": 0.18840785276073618,
  "discrimination": 0.9974863839381088,
  "roi": -0.0829,
  "edge_hit_rate": 0.4122,
  "health_score": 84.0,
  "model_weights": {
    "external_data": 0.0,
    "microstructure": 1.0
  },
  "approach": "time_series_heavy",
  "n_predictions": 3260,
  "timestamp": "2026-04-05T11:42:49.512354+00:00"
}