{
  "snapshot_id": "snap_187_1775378242",
  "cycle": 187,
  "brier_score": 0.06832223826448428,
  "ece": 0.20403367108339826,
  "discrimination": 0.9976748195679276,
  "roi": -0.3921,
  "edge_hit_rate": 0.1985,
  "health_score": 71.7,
  "model_weights": {
    "external_data": 0.0,
    "microstructure": 1.0
  },
  "approach": "time_series_heavy",
  "n_predictions": 3849,
  "timestamp": "2026-04-05T08:37:22.376766+00:00"
}