{
  "snapshot_id": "snap_568_1775385456",
  "cycle": 568,
  "brier_score": 0.06288352210623842,
  "ece": 0.18855768993205685,
  "discrimination": 0.9973186556798851,
  "roi": -0.1361,
  "edge_hit_rate": 0.3576,
  "health_score": 78.7,
  "model_weights": {
    "external_data": 0.0,
    "microstructure": 1.0
  },
  "approach": "time_series_heavy",
  "n_predictions": 3238,
  "timestamp": "2026-04-05T10:37:36.700319+00:00"
}