{
  "snapshot_id": "snap_534_1775384850",
  "cycle": 534,
  "brier_score": 0.06243487326015727,
  "ece": 0.19162709698558322,
  "discrimination": 0.9978565522570447,
  "roi": -0.1557,
  "edge_hit_rate": 0.3308,
  "health_score": 76.9,
  "model_weights": {
    "external_data": 0.0,
    "microstructure": 1.0
  },
  "approach": "time_series_heavy",
  "n_predictions": 3052,
  "timestamp": "2026-04-05T10:27:30.220940+00:00"
}