{
  "snapshot_id": "snap_311_1775380575",
  "cycle": 311,
  "brier_score": 0.06479458628461991,
  "ece": 0.1950423394225103,
  "discrimination": 0.9978972950126797,
  "roi": -0.3288,
  "edge_hit_rate": 0.2417,
  "health_score": 72.1,
  "model_weights": {
    "external_data": 0.0,
    "microstructure": 1.0
  },
  "approach": "time_series_heavy",
  "n_predictions": 3394,
  "timestamp": "2026-04-05T09:16:15.515187+00:00"
}