{
  "snapshot_id": "snap_844_1775390374",
  "cycle": 844,
  "brier_score": 0.06373499055179781,
  "ece": 0.1821451762192951,
  "discrimination": 0.9941171935801236,
  "roi": -0.1212,
  "edge_hit_rate": 0.3664,
  "health_score": 80.0,
  "model_weights": {
    "external_data": 0.9387,
    "microstructure": 0.0613
  },
  "approach": "time_series_heavy",
  "n_predictions": 2809,
  "timestamp": "2026-04-05T11:59:34.589816+00:00"
}