{
  "snapshot_id": "snap_594_1775385907",
  "cycle": 594,
  "brier_score": 0.0631859055764075,
  "ece": 0.18682123324396782,
  "discrimination": 0.9972467919899072,
  "roi": -0.1098,
  "edge_hit_rate": 0.3721,
  "health_score": 81.3,
  "model_weights": {
    "external_data": 0.0,
    "microstructure": 1.0
  },
  "approach": "time_series_heavy",
  "n_predictions": 1865,
  "timestamp": "2026-04-05T10:45:07.737786+00:00"
}