{
  "snapshot_id": "snap_2_1775374939",
  "cycle": 2,
  "brier_score": 0.055133120400000006,
  "ece": 0.20257599999999998,
  "discrimination": 1.0,
  "roi": -0.005,
  "edge_hit_rate": 0.45,
  "health_score": 92.9,
  "model_weights": {},
  "approach": "balanced",
  "n_predictions": 100,
  "timestamp": "2026-04-05T07:42:19.912882+00:00"
}