{
  "snapshot_id": "snap_713_1775387959",
  "cycle": 713,
  "brier_score": 0.06293155867690298,
  "ece": 0.18639839921594248,
  "discrimination": 0.997911951466956,
  "roi": -0.1633,
  "edge_hit_rate": 0.3429,
  "health_score": 76.0,
  "model_weights": {
    "external_data": 0.0,
    "microstructure": 1.0
  },
  "approach": "time_series_heavy",
  "n_predictions": 3061,
  "timestamp": "2026-04-05T11:19:19.004179+00:00"
}