{
  "snapshot_id": "snap_210_1775378685",
  "cycle": 210,
  "brier_score": 0.0686509344459607,
  "ece": 0.2004903111353712,
  "discrimination": 0.9975739451532851,
  "roi": -0.2669,
  "edge_hit_rate": 0.2729,
  "health_score": 71.7,
  "model_weights": {
    "external_data": 0.0,
    "microstructure": 1.0
  },
  "approach": "time_series_heavy",
  "n_predictions": 3664,
  "timestamp": "2026-04-05T08:44:45.143080+00:00"
}