{
  "snapshot_id": "snap_855_1775390423",
  "cycle": 855,
  "brier_score": 0.06500062814714816,
  "ece": 0.179834964562943,
  "discrimination": 0.9920624948033105,
  "roi": -0.0808,
  "edge_hit_rate": 0.4042,
  "health_score": 83.8,
  "model_weights": {
    "external_data": 0.8482,
    "microstructure": 0.1518
  },
  "approach": "time_series_heavy",
  "n_predictions": 2963,
  "timestamp": "2026-04-05T12:00:23.493789+00:00"
}