{
  "snapshot_id": "snap_129_1775377013",
  "cycle": 129,
  "brier_score": 0.07076977650243903,
  "ece": 0.2140310243902439,
  "discrimination": 0.997630727347442,
  "roi": -0.4616,
  "edge_hit_rate": 0.1656,
  "health_score": 71.4,
  "model_weights": {
    "external_data": 0.0,
    "microstructure": 1.0
  },
  "approach": "time_series_heavy",
  "n_predictions": 4100,
  "timestamp": "2026-04-05T08:16:53.308225+00:00"
}