{
  "snapshot_id": "snap_636_1775386646",
  "cycle": 636,
  "brier_score": 0.06278858009588617,
  "ece": 0.18789115372718834,
  "discrimination": 0.9975947420219866,
  "roi": -0.1222,
  "edge_hit_rate": 0.3735,
  "health_score": 80.1,
  "model_weights": {
    "external_data": 0.0,
    "microstructure": 1.0
  },
  "approach": "time_series_heavy",
  "n_predictions": 3233,
  "timestamp": "2026-04-05T10:57:26.110786+00:00"
}