{
  "snapshot_id": "snap_376_1775381827",
  "cycle": 376,
  "brier_score": 0.06365724497026932,
  "ece": 0.19385872682756208,
  "discrimination": 0.997894207170376,
  "roi": -0.3328,
  "edge_hit_rate": 0.2322,
  "health_score": 72.3,
  "model_weights": {
    "external_data": 0.0,
    "microstructure": 1.0
  },
  "approach": "time_series_heavy",
  "n_predictions": 2859,
  "timestamp": "2026-04-05T09:37:07.221825+00:00"
}