{
  "snapshot_id": "snap_835_1775390089",
  "cycle": 835,
  "brier_score": 0.06385941632447953,
  "ece": 0.18558937544867196,
  "discrimination": 0.997591544584922,
  "roi": -0.1091,
  "edge_hit_rate": 0.3788,
  "health_score": 81.3,
  "model_weights": {
    "external_data": 0.0,
    "microstructure": 1.0
  },
  "approach": "time_series_heavy",
  "n_predictions": 2786,
  "timestamp": "2026-04-05T11:54:49.924994+00:00"
}