{
  "snapshot_id": "snap_265_1775379742",
  "cycle": 265,
  "brier_score": 0.06512079705357143,
  "ece": 0.1922109913793103,
  "discrimination": 0.9974204274445055,
  "roi": -0.2019,
  "edge_hit_rate": 0.3108,
  "health_score": 72.1,
  "model_weights": {
    "external_data": 0.0,
    "microstructure": 1.0
  },
  "approach": "time_series_heavy",
  "n_predictions": 3248,
  "timestamp": "2026-04-05T09:02:22.225920+00:00"
}