{
  "snapshot_id": "snap_805_1775389559",
  "cycle": 805,
  "brier_score": 0.06216999385964912,
  "ece": 0.1868770760233918,
  "discrimination": 0.9978191100720968,
  "roi": -0.0836,
  "edge_hit_rate": 0.4112,
  "health_score": 84.1,
  "model_weights": {
    "external_data": 0.0,
    "microstructure": 1.0
  },
  "approach": "time_series_heavy",
  "n_predictions": 3420,
  "timestamp": "2026-04-05T11:45:59.682734+00:00"
}