{
  "snapshot_id": "snap_196_1775378419",
  "cycle": 196,
  "brier_score": 0.0690194020817228,
  "ece": 0.2028086692435119,
  "discrimination": 0.9975693329050219,
  "roi": -0.3662,
  "edge_hit_rate": 0.214,
  "health_score": 71.6,
  "model_weights": {
    "external_data": 0.0,
    "microstructure": 1.0
  },
  "approach": "time_series_heavy",
  "n_predictions": 3622,
  "timestamp": "2026-04-05T08:40:19.852962+00:00"
}