{
  "snapshot_id": "snap_641_1775386741",
  "cycle": 641,
  "brier_score": 0.0625172863245283,
  "ece": 0.18973177358490567,
  "discrimination": 0.9980939242909695,
  "roi": -0.12,
  "edge_hit_rate": 0.3657,
  "health_score": 80.4,
  "model_weights": {
    "external_data": 0.0,
    "microstructure": 1.0
  },
  "approach": "time_series_heavy",
  "n_predictions": 2650,
  "timestamp": "2026-04-05T10:59:01.092900+00:00"
}