{
  "snapshot_id": "snap_893_1775391107",
  "cycle": 893,
  "brier_score": 0.07231924621387284,
  "ece": 0.1725705202312139,
  "discrimination": 0.9767855243078265,
  "roi": -0.2432,
  "edge_hit_rate": 0.2755,
  "health_score": 70.4,
  "model_weights": {
    "external_data": 1.0,
    "microstructure": 0.0
  },
  "approach": "time_series_heavy",
  "n_predictions": 3460,
  "timestamp": "2026-04-05T12:11:47.728364+00:00"
}