{
  "snapshot_id": "snap_201_1775378511",
  "cycle": 201,
  "brier_score": 0.06958219690121786,
  "ece": 0.20209052774018949,
  "discrimination": 0.9976093375897845,
  "roi": -0.2847,
  "edge_hit_rate": 0.2629,
  "health_score": 71.6,
  "model_weights": {
    "external_data": 0.0,
    "microstructure": 1.0
  },
  "approach": "time_series_heavy",
  "n_predictions": 3695,
  "timestamp": "2026-04-05T08:41:51.619464+00:00"
}