{
  "snapshot_id": "snap_455_1775383350",
  "cycle": 455,
  "brier_score": 0.063577216581876,
  "ece": 0.18694716481187068,
  "discrimination": 0.9971493656272429,
  "roi": -0.1175,
  "edge_hit_rate": 0.3824,
  "health_score": 80.5,
  "model_weights": {
    "external_data": 0.0,
    "microstructure": 1.0
  },
  "approach": "time_series_heavy",
  "n_predictions": 3774,
  "timestamp": "2026-04-05T10:02:30.145598+00:00"
}