{
  "snapshot_id": "snap_119_1775376815",
  "cycle": 119,
  "brier_score": 0.06976690356944444,
  "ece": 0.21367225,
  "discrimination": 0.9978918293808753,
  "roi": -0.481,
  "edge_hit_rate": 0.1562,
  "health_score": 71.5,
  "model_weights": {
    "external_data": 0.0,
    "microstructure": 1.0
  },
  "approach": "time_series_heavy",
  "n_predictions": 3600,
  "timestamp": "2026-04-05T08:13:35.402520+00:00"
}