{
  "snapshot_id": "snap_94_1775376365",
  "cycle": 94,
  "brier_score": 0.07003067932340427,
  "ece": 0.21481629787234044,
  "discrimination": 0.998198726187802,
  "roi": -0.567,
  "edge_hit_rate": 0.1218,
  "health_score": 71.5,
  "model_weights": {
    "external_data": 0.0,
    "microstructure": 1.0
  },
  "approach": "time_series_heavy",
  "n_predictions": 2350,
  "timestamp": "2026-04-05T08:06:05.918664+00:00"
}