{
  "snapshot_id": "snap_844_1775390243",
  "cycle": 844,
  "brier_score": 0.06557287055411536,
  "ece": 0.1803364549578743,
  "discrimination": 0.9917614087614588,
  "roi": -0.1302,
  "edge_hit_rate": 0.3618,
  "health_score": 78.8,
  "model_weights": {
    "external_data": 0.7617,
    "microstructure": 0.2383
  },
  "approach": "time_series_heavy",
  "n_predictions": 3086,
  "timestamp": "2026-04-05T11:57:23.924402+00:00"
}