{
  "snapshot_id": "snap_481_1775383851",
  "cycle": 481,
  "brier_score": 0.06421784257907542,
  "ece": 0.19002895377128956,
  "discrimination": 0.9978752399261578,
  "roi": -0.116,
  "edge_hit_rate": 0.3636,
  "health_score": 80.6,
  "model_weights": {
    "external_data": 0.0,
    "microstructure": 1.0
  },
  "approach": "time_series_heavy",
  "n_predictions": 3288,
  "timestamp": "2026-04-05T10:10:51.362490+00:00"
}