{
  "snapshot_id": "snap_710_1775387907",
  "cycle": 710,
  "brier_score": 0.06285410103400893,
  "ece": 0.18760882858124356,
  "discrimination": 0.9978379666464091,
  "roi": -0.1633,
  "edge_hit_rate": 0.3429,
  "health_score": 76.0,
  "model_weights": {
    "external_data": 0.0,
    "microstructure": 1.0
  },
  "approach": "time_series_heavy",
  "n_predictions": 2911,
  "timestamp": "2026-04-05T11:18:27.755273+00:00"
}