{
  "snapshot_id": "snap_734_1775388327",
  "cycle": 734,
  "brier_score": 0.06239598429104477,
  "ece": 0.18542985074626864,
  "discrimination": 0.9979805971103439,
  "roi": -0.1865,
  "edge_hit_rate": 0.33,
  "health_score": 73.8,
  "model_weights": {
    "external_data": 0.0,
    "microstructure": 1.0
  },
  "approach": "time_series_heavy",
  "n_predictions": 3216,
  "timestamp": "2026-04-05T11:25:27.217089+00:00"
}