{
  "snapshot_id": "snap_854_1775390405",
  "cycle": 854,
  "brier_score": 0.06434213986111112,
  "ece": 0.1810692073170732,
  "discrimination": 0.9925733989858774,
  "roi": -0.1129,
  "edge_hit_rate": 0.3757,
  "health_score": 80.7,
  "model_weights": {
    "external_data": 0.9387,
    "microstructure": 0.0613
  },
  "approach": "time_series_heavy",
  "n_predictions": 2952,
  "timestamp": "2026-04-05T12:00:05.789789+00:00"
}