{
  "snapshot_id": "snap_415_1775382565",
  "cycle": 415,
  "brier_score": 0.06325664627230046,
  "ece": 0.1918189671361503,
  "discrimination": 0.9976317137712518,
  "roi": -0.3168,
  "edge_hit_rate": 0.2374,
  "health_score": 72.3,
  "model_weights": {
    "external_data": 0.0,
    "microstructure": 1.0
  },
  "approach": "time_series_heavy",
  "n_predictions": 3195,
  "timestamp": "2026-04-05T09:49:25.164712+00:00"
}