{
  "snapshot_id": "snap_303_1775380423",
  "cycle": 303,
  "brier_score": 0.06488654813309244,
  "ece": 0.19465898825654923,
  "discrimination": 0.997925310287406,
  "roi": -0.3405,
  "edge_hit_rate": 0.2345,
  "health_score": 72.1,
  "model_weights": {
    "external_data": 0.0,
    "microstructure": 1.0
  },
  "approach": "time_series_heavy",
  "n_predictions": 3321,
  "timestamp": "2026-04-05T09:13:43.947129+00:00"
}