{
  "snapshot_id": "snap_544_1775385029",
  "cycle": 544,
  "brier_score": 0.06295707096153846,
  "ece": 0.18986086538461538,
  "discrimination": 0.9974554924242425,
  "roi": -0.1487,
  "edge_hit_rate": 0.338,
  "health_score": 77.5,
  "model_weights": {
    "external_data": 0.0,
    "microstructure": 1.0
  },
  "approach": "time_series_heavy",
  "n_predictions": 2080,
  "timestamp": "2026-04-05T10:30:29.760067+00:00"
}