{
  "snapshot_id": "snap_603_1775386065",
  "cycle": 603,
  "brier_score": 0.06294447176866388,
  "ece": 0.1872559756488305,
  "discrimination": 0.9976240302677064,
  "roi": -0.1269,
  "edge_hit_rate": 0.3675,
  "health_score": 79.7,
  "model_weights": {
    "external_data": 0.0,
    "microstructure": 1.0
  },
  "approach": "time_series_heavy",
  "n_predictions": 3121,
  "timestamp": "2026-04-05T10:47:45.933487+00:00"
}