{
  "snapshot_id": "snap_403_1775382323",
  "cycle": 403,
  "brier_score": 0.06367753846484936,
  "ece": 0.19352022955523668,
  "discrimination": 0.9977387925223951,
  "roi": -0.2761,
  "edge_hit_rate": 0.2616,
  "health_score": 72.3,
  "model_weights": {
    "external_data": 0.0,
    "microstructure": 1.0
  },
  "approach": "time_series_heavy",
  "n_predictions": 2788,
  "timestamp": "2026-04-05T09:45:23.321083+00:00"
}