{
  "snapshot_id": "snap_221_1775378919",
  "cycle": 221,
  "brier_score": 0.06869814272727272,
  "ece": 0.2011896512292739,
  "discrimination": 0.9972965094995158,
  "roi": -0.3715,
  "edge_hit_rate": 0.2122,
  "health_score": 71.6,
  "model_weights": {
    "external_data": 0.0,
    "microstructure": 1.0
  },
  "approach": "time_series_heavy",
  "n_predictions": 3498,
  "timestamp": "2026-04-05T08:48:39.544007+00:00"
}