{
  "snapshot_id": "snap_672_1775387271",
  "cycle": 672,
  "brier_score": 0.06311632731516184,
  "ece": 0.18759110732538326,
  "discrimination": 0.9975821207016657,
  "roi": -0.1774,
  "edge_hit_rate": 0.323,
  "health_score": 74.6,
  "model_weights": {
    "external_data": 0.0,
    "microstructure": 1.0
  },
  "approach": "time_series_heavy",
  "n_predictions": 2935,
  "timestamp": "2026-04-05T11:07:51.823666+00:00"
}