{
  "snapshot_id": "snap_317_1775380709",
  "cycle": 317,
  "brier_score": 0.06454195259353741,
  "ece": 0.19094316893424032,
  "discrimination": 0.997446497826723,
  "roi": -0.3096,
  "edge_hit_rate": 0.2492,
  "health_score": 72.2,
  "model_weights": {
    "external_data": 0.0,
    "microstructure": 1.0
  },
  "approach": "time_series_heavy",
  "n_predictions": 3528,
  "timestamp": "2026-04-05T09:18:29.344252+00:00"
}