{
  "snapshot_id": "snap_778_1775389087",
  "cycle": 778,
  "brier_score": 0.06373190433566434,
  "ece": 0.1867918997668998,
  "discrimination": 0.9973319995944431,
  "roi": -0.1189,
  "edge_hit_rate": 0.3768,
  "health_score": 80.4,
  "model_weights": {
    "external_data": 0.0,
    "microstructure": 1.0
  },
  "approach": "time_series_heavy",
  "n_predictions": 3432,
  "timestamp": "2026-04-05T11:38:07.321911+00:00"
}