{
  "snapshot_id": "snap_631_1775386560",
  "cycle": 631,
  "brier_score": 0.06252851486185984,
  "ece": 0.1874179582210243,
  "discrimination": 0.9975920792264038,
  "roi": -0.1222,
  "edge_hit_rate": 0.3735,
  "health_score": 80.2,
  "model_weights": {
    "external_data": 0.0,
    "microstructure": 1.0
  },
  "approach": "time_series_heavy",
  "n_predictions": 2968,
  "timestamp": "2026-04-05T10:56:00.437323+00:00"
}