{
  "snapshot_id": "snap_661_1775387080",
  "cycle": 661,
  "brier_score": 0.06380673820895522,
  "ece": 0.18643589196872778,
  "discrimination": 0.9972124749430097,
  "roi": -0.164,
  "edge_hit_rate": 0.3327,
  "health_score": 75.8,
  "model_weights": {
    "external_data": 0.0,
    "microstructure": 1.0
  },
  "approach": "time_series_heavy",
  "n_predictions": 2814,
  "timestamp": "2026-04-05T11:04:40.595556+00:00"
}