{
  "snapshot_id": "snap_299_1775380354",
  "cycle": 299,
  "brier_score": 0.06592858471983397,
  "ece": 0.19492493329380373,
  "discrimination": 0.9977609701383136,
  "roi": -0.2815,
  "edge_hit_rate": 0.2693,
  "health_score": 72.0,
  "model_weights": {
    "external_data": 0.0,
    "microstructure": 1.0
  },
  "approach": "time_series_heavy",
  "n_predictions": 3373,
  "timestamp": "2026-04-05T09:12:34.254130+00:00"
}