{
  "snapshot_id": "snap_715_1775388002",
  "cycle": 715,
  "brier_score": 0.05912164924901186,
  "ece": 0.18688221343873512,
  "discrimination": 0.9996857717445953,
  "roi": -0.0144,
  "edge_hit_rate": 0.4167,
  "health_score": 91.5,
  "model_weights": {
    "external_data": 0.0,
    "microstructure": 1.0
  },
  "approach": "time_series_heavy",
  "n_predictions": 253,
  "timestamp": "2026-04-05T11:20:02.470570+00:00"
}