{
  "snapshot_id": "snap_421_1775382687",
  "cycle": 421,
  "brier_score": 0.0628200012528409,
  "ece": 0.1915078693181818,
  "discrimination": 0.997806612391357,
  "roi": -0.1948,
  "edge_hit_rate": 0.3092,
  "health_score": 72.9,
  "model_weights": {
    "external_data": 0.0,
    "microstructure": 1.0
  },
  "approach": "time_series_heavy",
  "n_predictions": 3520,
  "timestamp": "2026-04-05T09:51:27.614742+00:00"
}