{
  "snapshot_id": "snap_414_1775382547",
  "cycle": 414,
  "brier_score": 0.0627674910394818,
  "ece": 0.19225931523750767,
  "discrimination": 0.997780690846744,
  "roi": -0.3168,
  "edge_hit_rate": 0.2374,
  "health_score": 72.4,
  "model_weights": {
    "external_data": 0.0,
    "microstructure": 1.0
  },
  "approach": "time_series_heavy",
  "n_predictions": 3242,
  "timestamp": "2026-04-05T09:49:07.553577+00:00"
}