{
  "snapshot_id": "snap_792_1775389332",
  "cycle": 792,
  "brier_score": 0.06373431036453507,
  "ece": 0.18703982082174853,
  "discrimination": 0.9974747731440032,
  "roi": -0.0873,
  "edge_hit_rate": 0.4074,
  "health_score": 83.5,
  "model_weights": {
    "external_data": 0.0,
    "microstructure": 1.0
  },
  "approach": "time_series_heavy",
  "n_predictions": 3237,
  "timestamp": "2026-04-05T11:42:12.006561+00:00"
}