{
  "snapshot_id": "snap_861_1775390548",
  "cycle": 861,
  "brier_score": 0.06868118267936886,
  "ece": 0.17449574278058946,
  "discrimination": 0.9848225646825958,
  "roi": -0.0772,
  "edge_hit_rate": 0.4126,
  "health_score": 83.4,
  "model_weights": {
    "external_data": 1.0,
    "microstructure": 0.0
  },
  "approach": "time_series_heavy",
  "n_predictions": 3359,
  "timestamp": "2026-04-05T12:02:28.805801+00:00"
}