{
  "snapshot_id": "snap_575_1775385580",
  "cycle": 575,
  "brier_score": 0.06270537439273191,
  "ece": 0.1909722346190628,
  "discrimination": 0.9977609171848502,
  "roi": -0.139,
  "edge_hit_rate": 0.3501,
  "health_score": 78.5,
  "model_weights": {
    "external_data": 0.0,
    "microstructure": 1.0
  },
  "approach": "time_series_heavy",
  "n_predictions": 3137,
  "timestamp": "2026-04-05T10:39:40.544360+00:00"
}