{
  "snapshot_id": "snap_152_1775377507",
  "cycle": 152,
  "brier_score": 0.07061982129333333,
  "ece": 0.2121729333333333,
  "discrimination": 0.9975519261088256,
  "roi": -0.3839,
  "edge_hit_rate": 0.2038,
  "health_score": 71.4,
  "model_weights": {
    "external_data": 0.0,
    "microstructure": 1.0
  },
  "approach": "time_series_heavy",
  "n_predictions": 5250,
  "timestamp": "2026-04-05T08:25:07.577572+00:00"
}