{
  "snapshot_id": "snap_600_1775386012",
  "cycle": 600,
  "brier_score": 0.062954061083499,
  "ece": 0.1867840622929092,
  "discrimination": 0.9977393212142921,
  "roi": -0.1273,
  "edge_hit_rate": 0.3666,
  "health_score": 79.6,
  "model_weights": {
    "external_data": 0.0,
    "microstructure": 1.0
  },
  "approach": "time_series_heavy",
  "n_predictions": 3018,
  "timestamp": "2026-04-05T10:46:52.895502+00:00"
}