{
  "snapshot_id": "snap_199_1775378474",
  "cycle": 199,
  "brier_score": 0.0692371618891003,
  "ece": 0.20245645555857567,
  "discrimination": 0.9976194702342728,
  "roi": -0.3285,
  "edge_hit_rate": 0.2353,
  "health_score": 71.6,
  "model_weights": {
    "external_data": 0.0,
    "microstructure": 1.0
  },
  "approach": "time_series_heavy",
  "n_predictions": 3679,
  "timestamp": "2026-04-05T08:41:14.349453+00:00"
}