{
  "snapshot_id": "snap_495_1775384096",
  "cycle": 495,
  "brier_score": 0.06387308606060606,
  "ece": 0.18714390715667312,
  "discrimination": 0.9976719148349755,
  "roi": -0.1184,
  "edge_hit_rate": 0.3656,
  "health_score": 80.4,
  "model_weights": {
    "external_data": 0.0,
    "microstructure": 1.0
  },
  "approach": "time_series_heavy",
  "n_predictions": 3102,
  "timestamp": "2026-04-05T10:14:56.503932+00:00"
}