{
  "snapshot_id": "snap_258_1775379618",
  "cycle": 258,
  "brier_score": 0.06511959331471746,
  "ece": 0.19368045335085418,
  "discrimination": 0.9974006616497619,
  "roi": -0.402,
  "edge_hit_rate": 0.1965,
  "health_score": 72.1,
  "model_weights": {
    "external_data": 0.0,
    "microstructure": 1.0
  },
  "approach": "time_series_heavy",
  "n_predictions": 3044,
  "timestamp": "2026-04-05T09:00:18.731157+00:00"
}