{
  "snapshot_id": "snap_858_1775390479",
  "cycle": 858,
  "brier_score": 0.06641097384300126,
  "ece": 0.17816075031525855,
  "discrimination": 0.9907481519079598,
  "roi": -0.0734,
  "edge_hit_rate": 0.4138,
  "health_score": 84.3,
  "model_weights": {
    "external_data": 0.0,
    "microstructure": 1.0
  },
  "approach": "time_series_heavy",
  "n_predictions": 3172,
  "timestamp": "2026-04-05T12:01:19.321175+00:00"
}