{
  "snapshot_id": "snap_551_1775385150",
  "cycle": 551,
  "brier_score": 0.06302037830246913,
  "ece": 0.18806203703703703,
  "discrimination": 0.9973312436700205,
  "roi": -0.1125,
  "edge_hit_rate": 0.3768,
  "health_score": 81.1,
  "model_weights": {
    "external_data": 0.0,
    "microstructure": 1.0
  },
  "approach": "time_series_heavy",
  "n_predictions": 3240,
  "timestamp": "2026-04-05T10:32:30.881013+00:00"
}