{
  "snapshot_id": "snap_426_1775382790",
  "cycle": 426,
  "brier_score": 0.06334128816955685,
  "ece": 0.19149454078355807,
  "discrimination": 0.9976575469288724,
  "roi": -0.2285,
  "edge_hit_rate": 0.2869,
  "health_score": 72.3,
  "model_weights": {
    "external_data": 0.0,
    "microstructure": 1.0
  },
  "approach": "time_series_heavy",
  "n_predictions": 3114,
  "timestamp": "2026-04-05T09:53:10.201906+00:00"
}