{
  "snapshot_id": "snap_263_1775379699",
  "cycle": 263,
  "brier_score": 0.0654862878686043,
  "ece": 0.19296297305479865,
  "discrimination": 0.9974617135241161,
  "roi": -0.2179,
  "edge_hit_rate": 0.303,
  "health_score": 72.0,
  "model_weights": {
    "external_data": 0.0,
    "microstructure": 1.0
  },
  "approach": "time_series_heavy",
  "n_predictions": 3303,
  "timestamp": "2026-04-05T09:01:39.579882+00:00"
}