{
  "snapshot_id": "snap_856_1775390830",
  "cycle": 856,
  "brier_score": 0.07276386826371571,
  "ece": 0.16814360972568573,
  "discrimination": 0.975943336567294,
  "roi": -0.1221,
  "edge_hit_rate": 0.3681,
  "health_score": 78.1,
  "model_weights": {
    "external_data": 1.0,
    "microstructure": 0.0
  },
  "approach": "time_series_heavy",
  "n_predictions": 3208,
  "timestamp": "2026-04-05T12:07:10.930953+00:00"
}