{
  "snapshot_id": "snap_233_1775379151",
  "cycle": 233,
  "brier_score": 0.0679336594223046,
  "ece": 0.19809641643497067,
  "discrimination": 0.9970063820654242,
  "roi": -0.287,
  "edge_hit_rate": 0.2537,
  "health_score": 71.7,
  "model_weights": {
    "external_data": 0.0,
    "microstructure": 1.0
  },
  "approach": "time_series_heavy",
  "n_predictions": 3237,
  "timestamp": "2026-04-05T08:52:31.883933+00:00"
}