{
  "snapshot_id": "snap_316_1775380667",
  "cycle": 316,
  "brier_score": 0.06486034225715295,
  "ece": 0.1937472624514306,
  "discrimination": 0.9978169719681527,
  "roi": -0.3144,
  "edge_hit_rate": 0.2485,
  "health_score": 72.1,
  "model_weights": {
    "external_data": 0.0,
    "microstructure": 1.0
  },
  "approach": "time_series_heavy",
  "n_predictions": 2831,
  "timestamp": "2026-04-05T09:17:47.058178+00:00"
}