{
  "snapshot_id": "snap_693_1775387647",
  "cycle": 693,
  "brier_score": 0.06289916211910852,
  "ece": 0.18697062477164778,
  "discrimination": 0.9977979001160525,
  "roi": -0.1276,
  "edge_hit_rate": 0.369,
  "health_score": 79.6,
  "model_weights": {
    "external_data": 0.0,
    "microstructure": 1.0
  },
  "approach": "time_series_heavy",
  "n_predictions": 2737,
  "timestamp": "2026-04-05T11:14:07.961595+00:00"
}