{
  "snapshot_id": "snap_827_1775389943",
  "cycle": 827,
  "brier_score": 0.06287101093529789,
  "ece": 0.18624740550928895,
  "discrimination": 0.9975650341187597,
  "roi": -0.0851,
  "edge_hit_rate": 0.4103,
  "health_score": 83.8,
  "model_weights": {
    "external_data": 0.0,
    "microstructure": 1.0
  },
  "approach": "time_series_heavy",
  "n_predictions": 3122,
  "timestamp": "2026-04-05T11:52:23.091314+00:00"
}