{
  "snapshot_id": "snap_598_1775385991",
  "cycle": 598,
  "brier_score": 0.06300223510921502,
  "ece": 0.18775518771331057,
  "discrimination": 0.9977939177601006,
  "roi": -0.1273,
  "edge_hit_rate": 0.3666,
  "health_score": 79.6,
  "model_weights": {
    "external_data": 0.0,
    "microstructure": 1.0
  },
  "approach": "time_series_heavy",
  "n_predictions": 2930,
  "timestamp": "2026-04-05T10:46:31.676054+00:00"
}