{
  "snapshot_id": "snap_840_1775390175",
  "cycle": 840,
  "brier_score": 0.0646402198007838,
  "ece": 0.18545398432397123,
  "discrimination": 0.9955625243440388,
  "roi": -0.1161,
  "edge_hit_rate": 0.3712,
  "health_score": 80.5,
  "model_weights": {
    "external_data": 0.0,
    "microstructure": 1.0
  },
  "approach": "time_series_heavy",
  "n_predictions": 3062,
  "timestamp": "2026-04-05T11:56:15.134558+00:00"
}