{
  "snapshot_id": "snap_448_1775383218",
  "cycle": 448,
  "brier_score": 0.06329358634641778,
  "ece": 0.1878520999176503,
  "discrimination": 0.9971465558629203,
  "roi": -0.2379,
  "edge_hit_rate": 0.2843,
  "health_score": 72.3,
  "model_weights": {
    "external_data": 0.0,
    "microstructure": 1.0
  },
  "approach": "time_series_heavy",
  "n_predictions": 3643,
  "timestamp": "2026-04-05T10:00:18.343585+00:00"
}