{
  "snapshot_id": "snap_403_1775382336",
  "cycle": 403,
  "brier_score": 0.06334989605734767,
  "ece": 0.1936044444444444,
  "discrimination": 0.9977931320389691,
  "roi": -0.2885,
  "edge_hit_rate": 0.2557,
  "health_score": 72.3,
  "model_weights": {
    "external_data": 0.0,
    "microstructure": 1.0
  },
  "approach": "time_series_heavy",
  "n_predictions": 2790,
  "timestamp": "2026-04-05T09:45:36.589038+00:00"
}