{
  "snapshot_id": "snap_852_1775390679",
  "cycle": 852,
  "brier_score": 0.06991102736504723,
  "ece": 0.17350590418353576,
  "discrimination": 0.9817521282294747,
  "roi": -0.1028,
  "edge_hit_rate": 0.3882,
  "health_score": 80.6,
  "model_weights": {
    "external_data": 0.9888,
    "microstructure": 0.0112
  },
  "approach": "time_series_heavy",
  "n_predictions": 2964,
  "timestamp": "2026-04-05T12:04:39.785756+00:00"
}