{
  "snapshot_id": "snap_607_1775386146",
  "cycle": 607,
  "brier_score": 0.06379815562134028,
  "ece": 0.18777885491216656,
  "discrimination": 0.9969539939766691,
  "roi": -0.1121,
  "edge_hit_rate": 0.3711,
  "health_score": 81.0,
  "model_weights": {
    "external_data": 0.0,
    "microstructure": 1.0
  },
  "approach": "time_series_heavy",
  "n_predictions": 1537,
  "timestamp": "2026-04-05T10:49:06.715165+00:00"
}