{
  "snapshot_id": "snap_460_1775383457",
  "cycle": 460,
  "brier_score": 0.06352545719371727,
  "ece": 0.18759324607329844,
  "discrimination": 0.9972897399837526,
  "roi": -0.1605,
  "edge_hit_rate": 0.3429,
  "health_score": 76.2,
  "model_weights": {
    "external_data": 0.0,
    "microstructure": 1.0
  },
  "approach": "time_series_heavy",
  "n_predictions": 3820,
  "timestamp": "2026-04-05T10:04:17.152013+00:00"
}