{
  "snapshot_id": "snap_33_1775375373",
  "cycle": 33,
  "brier_score": 0.06681022502424243,
  "ece": 0.20932321212121213,
  "discrimination": 0.9990936681303273,
  "roi": -0.2595,
  "edge_hit_rate": 0.2787,
  "health_score": 71.9,
  "model_weights": {},
  "approach": "external_data_driven",
  "n_predictions": 1650,
  "timestamp": "2026-04-05T07:49:33.287185+00:00"
}