{
  "snapshot_id": "snap_320_1775380738",
  "cycle": 320,
  "brier_score": 0.06446111128828828,
  "ece": 0.19116249249249248,
  "discrimination": 0.9975184625800739,
  "roi": -0.3096,
  "edge_hit_rate": 0.2492,
  "health_score": 72.2,
  "model_weights": {
    "external_data": 0.0,
    "microstructure": 1.0
  },
  "approach": "time_series_heavy",
  "n_predictions": 3330,
  "timestamp": "2026-04-05T09:18:58.470910+00:00"
}