{
  "snapshot_id": "snap_863_1775390582",
  "cycle": 863,
  "brier_score": 0.06866381239408009,
  "ece": 0.17506648287869997,
  "discrimination": 0.984585350982321,
  "roi": -0.0755,
  "edge_hit_rate": 0.4133,
  "health_score": 83.6,
  "model_weights": {
    "external_data": 1.0,
    "microstructure": 0.0
  },
  "approach": "time_series_heavy",
  "n_predictions": 3446,
  "timestamp": "2026-04-05T12:03:02.260778+00:00"
}