{
  "snapshot_id": "snap_45_1775375559",
  "cycle": 45,
  "brier_score": 0.06948185799555556,
  "ece": 0.2096919555555556,
  "discrimination": 0.9976577412513256,
  "roi": -0.3367,
  "edge_hit_rate": 0.2313,
  "health_score": 71.6,
  "model_weights": {},
  "approach": "aggressive_momentum",
  "n_predictions": 2250,
  "timestamp": "2026-04-05T07:52:39.874672+00:00"
}