{
  "snapshot_id": "snap_270_1775379829",
  "cycle": 270,
  "brier_score": 0.06459486465254996,
  "ece": 0.19111034894124665,
  "discrimination": 0.9976583661098476,
  "roi": -0.192,
  "edge_hit_rate": 0.3193,
  "health_score": 73.0,
  "model_weights": {
    "external_data": 0.0,
    "microstructure": 1.0
  },
  "approach": "time_series_heavy",
  "n_predictions": 3353,
  "timestamp": "2026-04-05T09:03:49.903177+00:00"
}