{
  "snapshot_id": "snap_328_1775380896",
  "cycle": 328,
  "brier_score": 0.06507757765013775,
  "ece": 0.19085732782369141,
  "discrimination": 0.997484570953728,
  "roi": -0.1847,
  "edge_hit_rate": 0.3255,
  "health_score": 73.6,
  "model_weights": {
    "external_data": 0.0,
    "microstructure": 1.0
  },
  "approach": "time_series_heavy",
  "n_predictions": 3630,
  "timestamp": "2026-04-05T09:21:36.032549+00:00"
}