{
  "snapshot_id": "snap_140_1775377238",
  "cycle": 140,
  "brier_score": 0.07045400469247312,
  "ece": 0.21333509677419354,
  "discrimination": 0.9974405971316597,
  "roi": -0.4496,
  "edge_hit_rate": 0.1709,
  "health_score": 71.4,
  "model_weights": {
    "external_data": 0.0,
    "microstructure": 1.0
  },
  "approach": "time_series_heavy",
  "n_predictions": 4650,
  "timestamp": "2026-04-05T08:20:38.373487+00:00"
}