{
  "snapshot_id": "snap_273_1775379889",
  "cycle": 273,
  "brier_score": 0.06421516240845959,
  "ece": 0.19115501893939393,
  "discrimination": 0.9972670681958128,
  "roi": -0.2473,
  "edge_hit_rate": 0.2809,
  "health_score": 72.2,
  "model_weights": {
    "external_data": 0.0,
    "microstructure": 1.0
  },
  "approach": "time_series_heavy",
  "n_predictions": 3168,
  "timestamp": "2026-04-05T09:04:49.465419+00:00"
}