{
  "snapshot_id": "snap_508_1775384360",
  "cycle": 508,
  "brier_score": 0.0670373207247557,
  "ece": 0.1895821661237785,
  "discrimination": 0.9965288994000923,
  "roi": -0.2018,
  "edge_hit_rate": 0.3177,
  "health_score": 71.8,
  "model_weights": {
    "external_data": 0.0,
    "microstructure": 1.0
  },
  "approach": "time_series_heavy",
  "n_predictions": 1228,
  "timestamp": "2026-04-05T10:19:20.935008+00:00"
}