{
  "snapshot_id": "snap_548_1775385098",
  "cycle": 548,
  "brier_score": 0.06324856837818182,
  "ece": 0.1894075636363636,
  "discrimination": 0.997219745981871,
  "roi": -0.1739,
  "edge_hit_rate": 0.3349,
  "health_score": 74.9,
  "model_weights": {
    "external_data": 0.0,
    "microstructure": 1.0
  },
  "approach": "time_series_heavy",
  "n_predictions": 1375,
  "timestamp": "2026-04-05T10:31:38.709814+00:00"
}