{
  "snapshot_id": "snap_725_1775388165",
  "cycle": 725,
  "brier_score": 0.06309560729885057,
  "ece": 0.18824292661361627,
  "discrimination": 0.9977460688742232,
  "roi": -0.1864,
  "edge_hit_rate": 0.3283,
  "health_score": 73.7,
  "model_weights": {
    "external_data": 0.0,
    "microstructure": 1.0
  },
  "approach": "time_series_heavy",
  "n_predictions": 2262,
  "timestamp": "2026-04-05T11:22:45.826039+00:00"
}