{
  "snapshot_id": "snap_76_1775376093",
  "cycle": 76,
  "brier_score": 0.06654079575172414,
  "ece": 0.20952813793103447,
  "discrimination": 0.9986277579277352,
  "roi": -0.4596,
  "edge_hit_rate": 0.1664,
  "health_score": 72.0,
  "model_weights": {
    "external_data": 0.0,
    "microstructure": 1.0
  },
  "approach": "time_series_heavy",
  "n_predictions": 1450,
  "timestamp": "2026-04-05T08:01:33.056475+00:00"
}