{
  "snapshot_id": "snap_290_1775380190",
  "cycle": 290,
  "brier_score": 0.06385304364345926,
  "ece": 0.19375076490789883,
  "discrimination": 0.998011045912963,
  "roi": -0.3995,
  "edge_hit_rate": 0.2007,
  "health_score": 72.3,
  "model_weights": {
    "external_data": 0.0,
    "microstructure": 1.0
  },
  "approach": "time_series_heavy",
  "n_predictions": 3203,
  "timestamp": "2026-04-05T09:09:50.278587+00:00"
}