{
  "snapshot_id": "snap_130_1775377030",
  "cycle": 130,
  "brier_score": 0.07063558850361447,
  "ece": 0.21392412048192774,
  "discrimination": 0.9976813315094211,
  "roi": -0.4616,
  "edge_hit_rate": 0.1656,
  "health_score": 71.4,
  "model_weights": {
    "external_data": 0.0,
    "microstructure": 1.0
  },
  "approach": "time_series_heavy",
  "n_predictions": 4150,
  "timestamp": "2026-04-05T08:17:10.735972+00:00"
}