{
  "snapshot_id": "snap_102_1775376499",
  "cycle": 102,
  "brier_score": 0.06922027596363636,
  "ece": 0.21316814545454552,
  "discrimination": 0.9980589690583518,
  "roi": -0.567,
  "edge_hit_rate": 0.1218,
  "health_score": 71.6,
  "model_weights": {
    "external_data": 0.0,
    "microstructure": 1.0
  },
  "approach": "time_series_heavy",
  "n_predictions": 2750,
  "timestamp": "2026-04-05T08:08:19.177947+00:00"
}