{
  "snapshot_id": "snap_428_1775382826",
  "cycle": 428,
  "brier_score": 0.06317003794163303,
  "ece": 0.19174756286867428,
  "discrimination": 0.9977348637265452,
  "roi": -0.2238,
  "edge_hit_rate": 0.2894,
  "health_score": 72.3,
  "model_weights": {
    "external_data": 0.0,
    "microstructure": 1.0
  },
  "approach": "time_series_heavy",
  "n_predictions": 3221,
  "timestamp": "2026-04-05T09:53:46.650187+00:00"
}