{
  "snapshot_id": "snap_730_1775388253",
  "cycle": 730,
  "brier_score": 0.06296806629946186,
  "ece": 0.18682215891104778,
  "discrimination": 0.9979274007433349,
  "roi": -0.1843,
  "edge_hit_rate": 0.3313,
  "health_score": 73.9,
  "model_weights": {
    "external_data": 0.0,
    "microstructure": 1.0
  },
  "approach": "time_series_heavy",
  "n_predictions": 3159,
  "timestamp": "2026-04-05T11:24:13.836802+00:00"
}