{
  "snapshot_id": "snap_703_1775387807",
  "cycle": 703,
  "brier_score": 0.06370957869142659,
  "ece": 0.18666383200277686,
  "discrimination": 0.9976256542417679,
  "roi": -0.1527,
  "edge_hit_rate": 0.351,
  "health_score": 77.0,
  "model_weights": {
    "external_data": 0.1859,
    "microstructure": 0.8141
  },
  "approach": "time_series_heavy",
  "n_predictions": 2881,
  "timestamp": "2026-04-05T11:16:47.553225+00:00"
}