{
  "snapshot_id": "snap_381_1775381921",
  "cycle": 381,
  "brier_score": 0.06440792931313132,
  "ece": 0.19307090909090907,
  "discrimination": 0.9975122487841799,
  "roi": -0.3302,
  "edge_hit_rate": 0.2333,
  "health_score": 72.2,
  "model_weights": {
    "external_data": 0.0,
    "microstructure": 1.0
  },
  "approach": "time_series_heavy",
  "n_predictions": 2970,
  "timestamp": "2026-04-05T09:38:41.323677+00:00"
}