{
  "snapshot_id": "snap_411_1775382481",
  "cycle": 411,
  "brier_score": 0.06192977049631764,
  "ece": 0.1917521613832853,
  "discrimination": 0.9979969123856897,
  "roi": -0.2741,
  "edge_hit_rate": 0.2624,
  "health_score": 72.5,
  "model_weights": {
    "external_data": 0.0,
    "microstructure": 1.0
  },
  "approach": "time_series_heavy",
  "n_predictions": 3123,
  "timestamp": "2026-04-05T09:48:01.852407+00:00"
}