{
  "snapshot_id": "snap_472_1775383685",
  "cycle": 472,
  "brier_score": 0.06424903759128386,
  "ece": 0.1889616607773852,
  "discrimination": 0.9973653314631195,
  "roi": -0.1797,
  "edge_hit_rate": 0.3205,
  "health_score": 74.2,
  "model_weights": {
    "external_data": 0.0,
    "microstructure": 1.0
  },
  "approach": "time_series_heavy",
  "n_predictions": 3396,
  "timestamp": "2026-04-05T10:08:05.449349+00:00"
}