{
  "snapshot_id": "snap_761_1775388790",
  "cycle": 761,
  "brier_score": 0.06311794856768273,
  "ece": 0.1890152736807604,
  "discrimination": 0.9977426263388622,
  "roi": -0.0814,
  "edge_hit_rate": 0.4083,
  "health_score": 84.2,
  "model_weights": {
    "external_data": 0.0,
    "microstructure": 1.0
  },
  "approach": "time_series_heavy",
  "n_predictions": 3051,
  "timestamp": "2026-04-05T11:33:10.252566+00:00"
}