{
  "snapshot_id": "snap_679_1775387391",
  "cycle": 679,
  "brier_score": 0.06288237275124733,
  "ece": 0.18909586600142553,
  "discrimination": 0.9978512262668097,
  "roi": -0.1755,
  "edge_hit_rate": 0.3237,
  "health_score": 74.8,
  "model_weights": {
    "external_data": 0.0,
    "microstructure": 1.0
  },
  "approach": "time_series_heavy",
  "n_predictions": 2806,
  "timestamp": "2026-04-05T11:09:51.386663+00:00"
}