{
  "snapshot_id": "snap_812_1775389683",
  "cycle": 812,
  "brier_score": 0.06174581052508067,
  "ece": 0.18649310648283957,
  "discrimination": 0.9979332237389262,
  "roi": -0.1084,
  "edge_hit_rate": 0.3926,
  "health_score": 81.7,
  "model_weights": {
    "external_data": 0.0,
    "microstructure": 1.0
  },
  "approach": "time_series_heavy",
  "n_predictions": 3409,
  "timestamp": "2026-04-05T11:48:03.742710+00:00"
}