{
  "snapshot_id": "snap_177_1775378060",
  "cycle": 177,
  "brier_score": 0.07034128253463313,
  "ece": 0.20772524371472556,
  "discrimination": 0.997530010384303,
  "roi": -0.3585,
  "edge_hit_rate": 0.2145,
  "health_score": 71.5,
  "model_weights": {
    "external_data": 0.0,
    "microstructure": 1.0
  },
  "approach": "time_series_heavy",
  "n_predictions": 3898,
  "timestamp": "2026-04-05T08:34:20.005556+00:00"
}