{
  "snapshot_id": "snap_31_1775375343",
  "cycle": 31,
  "brier_score": 0.06670448126451613,
  "ece": 0.21012567741935487,
  "discrimination": 0.9991812859540247,
  "roi": -0.2595,
  "edge_hit_rate": 0.2787,
  "health_score": 72.0,
  "model_weights": {
    "external_data": 0.0,
    "microstructure": 1.0
  },
  "approach": "conservative",
  "n_predictions": 1550,
  "timestamp": "2026-04-05T07:49:03.383775+00:00"
}