{
  "snapshot_id": "snap_742_1775388466",
  "cycle": 742,
  "brier_score": 0.06321973102771722,
  "ece": 0.1866001557147306,
  "discrimination": 0.9975668292991016,
  "roi": -0.1424,
  "edge_hit_rate": 0.3597,
  "health_score": 78.1,
  "model_weights": {
    "external_data": 0.0,
    "microstructure": 1.0
  },
  "approach": "time_series_heavy",
  "n_predictions": 3211,
  "timestamp": "2026-04-05T11:27:46.321414+00:00"
}