{
  "snapshot_id": "snap_481_1775383841",
  "cycle": 481,
  "brier_score": 0.06402832222773813,
  "ece": 0.18992820353707726,
  "discrimination": 0.9978893017147908,
  "roi": -0.1173,
  "edge_hit_rate": 0.3603,
  "health_score": 80.5,
  "model_weights": {
    "external_data": 0.0,
    "microstructure": 1.0
  },
  "approach": "time_series_heavy",
  "n_predictions": 3223,
  "timestamp": "2026-04-05T10:10:41.690409+00:00"
}