{
  "snapshot_id": "snap_691_1775387593",
  "cycle": 691,
  "brier_score": 0.06272917018134715,
  "ece": 0.18964876943005182,
  "discrimination": 0.9978930905001648,
  "roi": -0.1363,
  "edge_hit_rate": 0.3561,
  "health_score": 78.8,
  "model_weights": {
    "external_data": 0.0,
    "microstructure": 1.0
  },
  "approach": "time_series_heavy",
  "n_predictions": 3088,
  "timestamp": "2026-04-05T11:13:13.007566+00:00"
}