{
  "snapshot_id": "snap_44_1775375545",
  "cycle": 44,
  "brier_score": 0.06909094171363636,
  "ece": 0.21023577272727276,
  "discrimination": 0.9980029905953646,
  "roi": -0.342,
  "edge_hit_rate": 0.2283,
  "health_score": 71.6,
  "model_weights": {},
  "approach": "conservative",
  "n_predictions": 2200,
  "timestamp": "2026-04-05T07:52:25.237672+00:00"
}