{
  "snapshot_id": "snap_775_1775389026",
  "cycle": 775,
  "brier_score": 0.06364115738782052,
  "ece": 0.1862764423076923,
  "discrimination": 0.9972927188552189,
  "roi": -0.1189,
  "edge_hit_rate": 0.3768,
  "health_score": 80.4,
  "model_weights": {
    "external_data": 0.0,
    "microstructure": 1.0
  },
  "approach": "time_series_heavy",
  "n_predictions": 3120,
  "timestamp": "2026-04-05T11:37:06.847984+00:00"
}