{
  "snapshot_id": "snap_267_1775379785",
  "cycle": 267,
  "brier_score": 0.06801563476377952,
  "ece": 0.20777598425196853,
  "discrimination": 0.9983024818318936,
  "roi": -0.5248,
  "edge_hit_rate": 0.1411,
  "health_score": 71.8,
  "model_weights": {
    "external_data": 0.0,
    "microstructure": 1.0
  },
  "approach": "time_series_heavy",
  "n_predictions": 1270,
  "timestamp": "2026-04-05T09:03:05.432348+00:00"
}