{
  "snapshot_id": "snap_857_1775390462",
  "cycle": 857,
  "brier_score": 0.06627474692706646,
  "ece": 0.17724100486223662,
  "discrimination": 0.9905292777576483,
  "roi": -0.0806,
  "edge_hit_rate": 0.4088,
  "health_score": 83.6,
  "model_weights": {
    "external_data": 0.0,
    "microstructure": 1.0
  },
  "approach": "time_series_heavy",
  "n_predictions": 3085,
  "timestamp": "2026-04-05T12:01:02.833414+00:00"
}