{
  "snapshot_id": "snap_606_1775386129",
  "cycle": 606,
  "brier_score": 0.10280146035573125,
  "ece": 0.12156831357048752,
  "discrimination": 0.9279332511447693,
  "roi": -0.1168,
  "edge_hit_rate": 0.3693,
  "health_score": 73.1,
  "model_weights": {
    "external_data": 0.0,
    "microstructure": 1.0
  },
  "approach": "time_series_heavy",
  "n_predictions": 3036,
  "timestamp": "2026-04-05T10:48:49.893662+00:00"
}