{
  "snapshot_id": "snap_713_1775387970",
  "cycle": 713,
  "brier_score": 0.06305554763973172,
  "ece": 0.18662459278185886,
  "discrimination": 0.9979014660611936,
  "roi": -0.1633,
  "edge_hit_rate": 0.3429,
  "health_score": 76.0,
  "model_weights": {
    "external_data": 0.0,
    "microstructure": 1.0
  },
  "approach": "time_series_heavy",
  "n_predictions": 3131,
  "timestamp": "2026-04-05T11:19:30.014956+00:00"
}