{
  "snapshot_id": "snap_686_1775387498",
  "cycle": 686,
  "brier_score": 0.06340317800343054,
  "ece": 0.18995142367066895,
  "discrimination": 0.9979205677223263,
  "roi": -0.157,
  "edge_hit_rate": 0.3385,
  "health_score": 76.6,
  "model_weights": {
    "external_data": 0.0,
    "microstructure": 1.0
  },
  "approach": "time_series_heavy",
  "n_predictions": 2915,
  "timestamp": "2026-04-05T11:11:38.394042+00:00"
}