{
  "snapshot_id": "snap_638_1775386674",
  "cycle": 638,
  "brier_score": 0.06305695852106363,
  "ece": 0.18739387511204067,
  "discrimination": 0.9974293444578466,
  "roi": -0.1222,
  "edge_hit_rate": 0.3735,
  "health_score": 80.1,
  "model_weights": {
    "external_data": 0.0,
    "microstructure": 1.0
  },
  "approach": "time_series_heavy",
  "n_predictions": 3347,
  "timestamp": "2026-04-05T10:57:54.778439+00:00"
}