{
  "snapshot_id": "snap_816_1775389756",
  "cycle": 816,
  "brier_score": 0.061906816461930365,
  "ece": 0.18651887913954146,
  "discrimination": 0.9979296823856827,
  "roi": -0.1092,
  "edge_hit_rate": 0.3917,
  "health_score": 81.6,
  "model_weights": {
    "external_data": 0.0,
    "microstructure": 1.0
  },
  "approach": "time_series_heavy",
  "n_predictions": 3533,
  "timestamp": "2026-04-05T11:49:16.761804+00:00"
}