{
  "snapshot_id": "snap_757_1775388722",
  "cycle": 757,
  "brier_score": 0.06349822752179328,
  "ece": 0.18850846824408468,
  "discrimination": 0.9975278045659682,
  "roi": -0.0793,
  "edge_hit_rate": 0.4131,
  "health_score": 84.4,
  "model_weights": {
    "external_data": 0.0,
    "microstructure": 1.0
  },
  "approach": "time_series_heavy",
  "n_predictions": 3212,
  "timestamp": "2026-04-05T11:32:02.334893+00:00"
}