{
  "snapshot_id": "snap_259_1775379629",
  "cycle": 259,
  "brier_score": 0.06488700579421222,
  "ece": 0.19339299035369778,
  "discrimination": 0.9974576351305926,
  "roi": -0.3247,
  "edge_hit_rate": 0.2369,
  "health_score": 72.1,
  "model_weights": {
    "external_data": 0.0,
    "microstructure": 1.0
  },
  "approach": "time_series_heavy",
  "n_predictions": 3110,
  "timestamp": "2026-04-05T09:00:29.264401+00:00"
}