{
  "snapshot_id": "snap_780_1775389110",
  "cycle": 780,
  "brier_score": 0.06244011505461767,
  "ece": 0.18777547169811323,
  "discrimination": 0.9980431862585477,
  "roi": -0.1287,
  "edge_hit_rate": 0.3718,
  "health_score": 79.6,
  "model_weights": {
    "external_data": 0.0,
    "microstructure": 1.0
  },
  "approach": "time_series_heavy",
  "n_predictions": 2014,
  "timestamp": "2026-04-05T11:38:30.251037+00:00"
}