{
  "snapshot_id": "snap_174_1775377994",
  "cycle": 174,
  "brier_score": 0.0703268873469924,
  "ece": 0.20884173890202262,
  "discrimination": 0.9976292149875288,
  "roi": -0.3451,
  "edge_hit_rate": 0.2221,
  "health_score": 71.5,
  "model_weights": {
    "external_data": 0.0,
    "microstructure": 1.0
  },
  "approach": "time_series_heavy",
  "n_predictions": 3807,
  "timestamp": "2026-04-05T08:33:14.146651+00:00"
}