{
  "snapshot_id": "snap_43_1775375529",
  "cycle": 43,
  "brier_score": 0.06865517146976743,
  "ece": 0.2110346976744186,
  "discrimination": 0.9981423405923446,
  "roi": -0.3351,
  "edge_hit_rate": 0.2321,
  "health_score": 71.7,
  "model_weights": {},
  "approach": "balanced",
  "n_predictions": 2150,
  "timestamp": "2026-04-05T07:52:09.762602+00:00"
}