{
  "snapshot_id": "snap_34_1775375389",
  "cycle": 34,
  "brier_score": 0.06725159717058823,
  "ece": 0.20879288235294122,
  "discrimination": 0.9984254551418731,
  "roi": -0.2595,
  "edge_hit_rate": 0.2787,
  "health_score": 71.9,
  "model_weights": {},
  "approach": "time_series_heavy",
  "n_predictions": 1700,
  "timestamp": "2026-04-05T07:49:49.490329+00:00"
}