{
  "snapshot_id": "snap_660_1775387047",
  "cycle": 660,
  "brier_score": 0.060611604482758624,
  "ece": 0.18854084880636598,
  "discrimination": 0.996832177054068,
  "roi": -0.0201,
  "edge_hit_rate": 0.4286,
  "health_score": 90.6,
  "model_weights": {
    "external_data": 0.0,
    "microstructure": 1.0
  },
  "approach": "time_series_heavy",
  "n_predictions": 377,
  "timestamp": "2026-04-05T11:04:07.015314+00:00"
}