{
  "snapshot_id": "snap_405_1775382374",
  "cycle": 405,
  "brier_score": 0.06300295976939205,
  "ece": 0.1928466107617051,
  "discrimination": 0.9976694109531915,
  "roi": -0.2741,
  "edge_hit_rate": 0.2624,
  "health_score": 72.3,
  "model_weights": {
    "external_data": 0.0,
    "microstructure": 1.0
  },
  "approach": "time_series_heavy",
  "n_predictions": 2862,
  "timestamp": "2026-04-05T09:46:14.225270+00:00"
}