{
  "snapshot_id": "snap_326_1775380860",
  "cycle": 326,
  "brier_score": 0.06456685403994293,
  "ece": 0.19033126961483596,
  "discrimination": 0.9974822817560857,
  "roi": -0.1836,
  "edge_hit_rate": 0.328,
  "health_score": 73.8,
  "model_weights": {
    "external_data": 0.0,
    "microstructure": 1.0
  },
  "approach": "time_series_heavy",
  "n_predictions": 3505,
  "timestamp": "2026-04-05T09:21:00.244374+00:00"
}