{
  "snapshot_id": "snap_423_1775382723",
  "cycle": 423,
  "brier_score": 0.06300140556987988,
  "ece": 0.19066876648110168,
  "discrimination": 0.9976529046401169,
  "roi": -0.1693,
  "edge_hit_rate": 0.3309,
  "health_score": 75.4,
  "model_weights": {
    "external_data": 0.0,
    "microstructure": 1.0
  },
  "approach": "time_series_heavy",
  "n_predictions": 3413,
  "timestamp": "2026-04-05T09:52:03.218115+00:00"
}