{
  "snapshot_id": "snap_176_1775378033",
  "cycle": 176,
  "brier_score": 0.07061181219082188,
  "ece": 0.20876100596318384,
  "discrimination": 0.9974668571173504,
  "roi": -0.3541,
  "edge_hit_rate": 0.2172,
  "health_score": 71.4,
  "model_weights": {
    "external_data": 0.0,
    "microstructure": 1.0
  },
  "approach": "time_series_heavy",
  "n_predictions": 3857,
  "timestamp": "2026-04-05T08:33:53.088735+00:00"
}