{
  "snapshot_id": "snap_833_1775390057",
  "cycle": 833,
  "brier_score": 0.06353899951193445,
  "ece": 0.1861512290701817,
  "discrimination": 0.9976197674236778,
  "roi": -0.0942,
  "edge_hit_rate": 0.3996,
  "health_score": 82.9,
  "model_weights": {
    "external_data": 0.0,
    "microstructure": 1.0
  },
  "approach": "time_series_heavy",
  "n_predictions": 2807,
  "timestamp": "2026-04-05T11:54:17.277812+00:00"
}