{
  "snapshot_id": "snap_684_1775387459",
  "cycle": 684,
  "brier_score": 0.06298307550417245,
  "ece": 0.18926811543810848,
  "discrimination": 0.9979309349048304,
  "roi": -0.1501,
  "edge_hit_rate": 0.3465,
  "health_score": 77.3,
  "model_weights": {
    "external_data": 0.0,
    "microstructure": 1.0
  },
  "approach": "time_series_heavy",
  "n_predictions": 2876,
  "timestamp": "2026-04-05T11:10:59.700739+00:00"
}