{
  "snapshot_id": "snap_636_1775386637",
  "cycle": 636,
  "brier_score": 0.06255395396475771,
  "ece": 0.18775563247325366,
  "discrimination": 0.9976619231379708,
  "roi": -0.1222,
  "edge_hit_rate": 0.3735,
  "health_score": 80.2,
  "model_weights": {
    "external_data": 0.0,
    "microstructure": 1.0
  },
  "approach": "time_series_heavy",
  "n_predictions": 3178,
  "timestamp": "2026-04-05T10:57:17.006481+00:00"
}