{
  "snapshot_id": "snap_243_1775379358",
  "cycle": 243,
  "brier_score": 0.06685265535780383,
  "ece": 0.1928754780999383,
  "discrimination": 0.9964866211215485,
  "roi": -0.3364,
  "edge_hit_rate": 0.2289,
  "health_score": 71.8,
  "model_weights": {
    "external_data": 0.0,
    "microstructure": 1.0
  },
  "approach": "time_series_heavy",
  "n_predictions": 3242,
  "timestamp": "2026-04-05T08:55:58.591913+00:00"
}