{
  "snapshot_id": "snap_141_1775377265",
  "cycle": 141,
  "brier_score": 0.07045047897659575,
  "ece": 0.21315746808510644,
  "discrimination": 0.9974377870256523,
  "roi": -0.4388,
  "edge_hit_rate": 0.176,
  "health_score": 71.4,
  "model_weights": {
    "external_data": 0.0,
    "microstructure": 1.0
  },
  "approach": "time_series_heavy",
  "n_predictions": 4700,
  "timestamp": "2026-04-05T08:21:05.519129+00:00"
}