{
  "snapshot_id": "snap_242_1775379322",
  "cycle": 242,
  "brier_score": 0.06724482593368783,
  "ece": 0.19422349077259932,
  "discrimination": 0.9964943288893051,
  "roi": -0.3369,
  "edge_hit_rate": 0.2287,
  "health_score": 71.8,
  "model_weights": {
    "external_data": 0.0,
    "microstructure": 1.0
  },
  "approach": "time_series_heavy",
  "n_predictions": 3197,
  "timestamp": "2026-04-05T08:55:22.214701+00:00"
}