{
  "timestamp": "2026-04-08T02:47:08.681545+00:00",
  "n_markets": 1008,
  "ensemble_brier": 0.1698787339181769,
  "market_brier": 0.16955971527777777,
  "model_counts": {
    "microstructure": 1008,
    "external_data": 1008
  },
  "category_counts": {
    "other": 353,
    "sports": 195,
    "crypto": 451,
    "geopolitics": 3,
    "oil_energy": 1,
    "elections": 1,
    "tech_ai": 2,
    "weather": 2
  }
}