{
  "timestamp": "2026-04-08T02:00:03.832585+00:00",
  "n_markets": 502,
  "ensemble_brier": 0.16244864695663094,
  "market_brier": 0.16212120517928288,
  "model_counts": {
    "microstructure": 502,
    "external_data": 502
  },
  "category_counts": {
    "other": 190,
    "sports": 116,
    "crypto": 192,
    "geopolitics": 2,
    "oil_energy": 1,
    "elections": 1
  }
}