{
  "timestamp": "2026-04-10T12:49:12.530758+00:00",
  "n_markets": 143,
  "ts_brier": 0.16997,
  "market_brier": 0.165909,
  "edge_vs_market": -0.004061,
  "per_category": {
    "other": {
      "n": 61,
      "ts_brier": 0.153191,
      "market_brier": 0.152662
    },
    "sports": {
      "n": 46,
      "ts_brier": 0.253451,
      "market_brier": 0.248816
    },
    "crypto": {
      "n": 25,
      "ts_brier": 0.057246,
      "market_brier": 0.056376
    },
    "geopolitics": {
      "n": 2,
      "ts_brier": 0.160647,
      "market_brier": 0.1625
    },
    "macro": {
      "n": 3,
      "ts_brier": 0.056896,
      "market_brier": 0.062843
    },
    "elections": {
      "n": 1,
      "ts_brier": 0.2209,
      "market_brier": 0.2209
    },
    "tech_ai": {
      "n": 2,
      "ts_brier": 0.08585,
      "market_brier": 0.08585
    },
    "weather": {
      "n": 3,
      "ts_brier": 0.328867,
      "market_brier": 0.217195
    }
  }
}