{
  "generated_at": "2026-05-05T07:05:00.446062+00:00",
  "winner_full_sample": {
    "final_equity": 31810.574393895236,
    "roi_pct": 218.10574393895234,
    "max_dd_pct": 23.54320372707154,
    "sharpe": 4.1091395270528395,
    "cagr_over_dd": 9.26406390852235,
    "n": 111,
    "wins": 63,
    "wr_pct": 56.75675675675676,
    "entry_threshold": 0.02,
    "decay_threshold": 0.3,
    "kelly_fraction": 1.0,
    "score": 3.3225369421973947,
    "eligible": true
  },
  "winner_train": {
    "final_equity": 34233.16061482081,
    "roi_pct": 242.3316061482081,
    "max_dd_pct": 15.790675726987274,
    "sharpe": 5.096251134800751,
    "cagr_over_dd": 15.346500069914544,
    "n": 91,
    "wins": 57,
    "wr_pct": 62.637362637362635,
    "entry_threshold": 0.02,
    "decay_threshold": 0.3,
    "kelly_fraction": 1.0,
    "score": 2.2530970883999206,
    "eligible": true
  },
  "holdout_result": {
    "final_equity": 9292.327621108772,
    "roi_pct": -7.076723788912277,
    "max_dd_pct": 15.28602856566825,
    "sharpe": -1.4191949362414054,
    "cagr_over_dd": -0.4629537200268151,
    "n": 20,
    "wins": 6,
    "wr_pct": 30.0,
    "entry_threshold": 0.02,
    "decay_threshold": 0.3,
    "kelly_fraction": 1.0
  },
  "walkforward_pass": false,
  "top_10_full_sample": [
    {
      "final_equity": 31810.574393895236,
      "roi_pct": 218.10574393895234,
      "max_dd_pct": 23.54320372707154,
      "sharpe": 4.1091395270528395,
      "cagr_over_dd": 9.26406390852235,
      "n": 111,
      "wins": 63,
      "wr_pct": 56.75675675675676,
      "entry_threshold": 0.02,
      "decay_threshold": 0.3,
      "kelly_fraction": 1.0,
      "score": 3.3225369421973947,
      "eligible": true
    },
    {
      "final_equity": 22319.383433576742,
      "roi_pct": 123.19383433576743,
      "max_dd_pct": 16.804484085429415,
      "sharpe": 3.1051098625586757,
      "cagr_over_dd": 7.331009610856457,
      "n": 186,
      "wins": 114,
      "wr_pct": 61.29032258064516,
      "entry_threshold": 0.01,
      "decay_threshold": 1.1,
      "kelly_fraction": 0.5,
      "score": 1.706524545469451,
      "eligible": true
    },
    {
      "final_equity": 19446.508367343566,
      "roi_pct": 94.46508367343566,
      "max_dd_pct": 14.81059842488753,
      "sharpe": 4.241964196855467,
      "cagr_over_dd": 6.3782084263859185,
      "n": 111,
      "wins": 70,
      "wr_pct": 63.06306306306306,
      "entry_threshold": 0.02,
      "decay_threshold": 1.1,
      "kelly_fraction": 0.5,
      "score": 1.3942516954788573,
      "eligible": true
    },
    {
      "final_equity": 20392.77069683065,
      "roi_pct": 103.9277069683065,
      "max_dd_pct": 16.011598643702136,
      "sharpe": 2.6755114235778414,
      "cagr_over_dd": 6.490776422826744,
      "n": 195,
      "wins": 118,
      "wr_pct": 60.51282051282051,
      "entry_threshold": 0.005,
      "decay_threshold": 1.1,
      "kelly_fraction": 0.5,
      "score": 1.1923588863048287,
      "eligible": true
    },
    {
      "final_equity": 18349.20699178755,
      "roi_pct": 83.49206991787548,
      "max_dd_pct": 12.415206707913214,
      "sharpe": 4.109139527052839,
      "cagr_over_dd": 6.724984277922594,
      "n": 111,
      "wins": 63,
      "wr_pct": 56.75675675675676,
      "entry_threshold": 0.02,
      "decay_threshold": 0.3,
      "kelly_fraction": 0.5,
      "score": 1.127280589227023,
      "eligible": true
    },
    {
      "final_equity": 19988.11981302028,
      "roi_pct": 99.88119813020279,
      "max_dd_pct": 23.01474076759954,
      "sharpe": 4.588591066033221,
      "cagr_over_dd": 4.339879346840912,
      "n": 61,
      "wins": 36,
      "wr_pct": 59.01639344262295,
      "entry_threshold": 0.03,
      "decay_threshold": 0.7,
      "kelly_fraction": 1.0,
      "score": 1.001482211238974,
      "eligible": true
    },
    {
      "final_equity": 18386.16955027013,
      "roi_pct": 83.8616955027013,
      "max_dd_pct": 14.562107594012419,
      "sharpe": 4.038684315548362,
      "cagr_over_dd": 5.758898220006503,
      "n": 111,
      "wins": 65,
      "wr_pct": 58.55855855855856,
      "entry_threshold": 0.02,
      "decay_threshold": 0.7,
      "kelly_fraction": 0.5,
      "score": 0.9783234244987591,
      "eligible": true
    },
    {
      "final_equity": 19947.878218311147,
      "roi_pct": 99.47878218311146,
      "max_dd_pct": 23.0286507761387,
      "sharpe": 4.667497799056204,
      "cagr_over_dd": 4.3197833494521145,
      "n": 61,
      "wins": 35,
      "wr_pct": 57.377049180327866,
      "entry_threshold": 0.03,
      "decay_threshold": 0.3,
      "kelly_fraction": 1.0,
      "score": 0.9676664532988963,
      "eligible": true
    },
    {
      "final_equity": 17280.688428246536,
      "roi_pct": 72.80688428246536,
      "max_dd_pct": 11.375459043680612,
      "sharpe": 3.1051098625586757,
      "cagr_over_dd": 6.400346922519284,
      "n": 186,
      "wins": 114,
      "wr_pct": 61.29032258064516,
      "entry_threshold": 0.01,
      "decay_threshold": 1.1,
      "kelly_fraction": 0.3333333333333333,
      "score": 0.8885946945736299,
      "eligible": true
    },
    {
      "final_equity": 17906.1410531945,
      "roi_pct": 79.061410531945,
      "max_dd_pct": 14.5621075940124,
      "sharpe": 3.880882181088713,
      "cagr_over_dd": 5.429256034645233,
      "n": 111,
      "wins": 64,
      "wr_pct": 57.65765765765766,
      "entry_threshold": 0.02,
      "decay_threshold": 0.5,
      "kelly_fraction": 0.5,
      "score": 0.7954031150099611,
      "eligible": true
    }
  ],
  "per_category": {
    "sports": {
      "n": 41,
      "wins": 26,
      "wr_pct": 63.41463414634146,
      "avg_win_per_dollar": 1.0,
      "avg_loss_per_dollar": -0.7387,
      "payoff_ratio": 1.354,
      "kelly_raw": 0.3639,
      "kelly_third": 0.1213,
      "total_pnl_per_dollar": 14.92,
      "roi_pct_at_third_kelly": 27.58,
      "max_dd_pct_at_third_kelly": 3.34,
      "ret_over_dd": 8.26
    },
    "other": {
      "n": 55,
      "wins": 33,
      "wr_pct": 60.0,
      "avg_win_per_dollar": 0.9125,
      "avg_loss_per_dollar": -0.8218,
      "payoff_ratio": 1.11,
      "kelly_raw": 0.2398,
      "kelly_third": 0.0799,
      "total_pnl_per_dollar": 12.034,
      "roi_pct_at_third_kelly": 21.4,
      "max_dd_pct_at_third_kelly": 6.6,
      "ret_over_dd": 3.24
    },
    "geopolitics": {
      "n": 3,
      "wins": 2,
      "wr_pct": 66.66666666666666,
      "avg_win_per_dollar": 0.6213,
      "avg_loss_per_dollar": -0.154,
      "payoff_ratio": 4.034,
      "kelly_raw": 0.584,
      "kelly_third": 0.1947,
      "total_pnl_per_dollar": 1.0886,
      "roi_pct_at_third_kelly": 1.81,
      "max_dd_pct_at_third_kelly": 0.26,
      "ret_over_dd": 7.07
    },
    "elections": {
      "n": 2,
      "wins": 0,
      "wr_pct": 0.0,
      "avg_win_per_dollar": 0,
      "avg_loss_per_dollar": -0.0803,
      "payoff_ratio": 0.0,
      "kelly_raw": 0,
      "kelly_third": 0,
      "total_pnl_per_dollar": -0.1607,
      "roi_pct_at_third_kelly": -0.27,
      "max_dd_pct_at_third_kelly": 0.27,
      "ret_over_dd": -1.0
    },
    "tech_ai": {
      "n": 2,
      "wins": 1,
      "wr_pct": 50.0,
      "avg_win_per_dollar": 0.8209,
      "avg_loss_per_dollar": -1.0,
      "payoff_ratio": 0.821,
      "kelly_raw": -0.1091,
      "kelly_third": 0,
      "total_pnl_per_dollar": -0.1791,
      "roi_pct_at_third_kelly": -0.32,
      "max_dd_pct_at_third_kelly": 1.67,
      "ret_over_dd": -0.19
    },
    "crypto": {
      "n": 8,
      "wins": 1,
      "wr_pct": 12.5,
      "avg_win_per_dollar": 1.0,
      "avg_loss_per_dollar": -0.4683,
      "payoff_ratio": 2.135,
      "kelly_raw": -0.2848,
      "kelly_third": 0,
      "total_pnl_per_dollar": -2.2783,
      "roi_pct_at_third_kelly": -3.78,
      "max_dd_pct_at_third_kelly": 3.78,
      "ret_over_dd": -1.0
    }
  },
  "allocation_tiers": {
    "HIGH": [
      {
        "category": "sports",
        "stats": {
          "n": 41,
          "wins": 26,