{
  "trained_at": "2026-05-08T06:08:16.908640+00:00",
  "n_train": 1898,
  "n_val": 474,
  "n_features": 16,
  "feature_names": [
    "market_price",
    "days_left",
    "hour_utc",
    "weekday",
    "volume_24h",
    "liquidity",
    "spread",
    "btc_price",
    "eth_price",
    "fear_greed",
    "est_microstructure",
    "est_orderbook",
    "est_external_data",
    "est_time_series",
    "prediction_round",
    "abs_edge"
  ],
  "train_brier": 0.191654,
  "val_brier": 0.202633,
  "market_brier": 0.214725,
  "improvement": 0.012093,
  "written": true,
  "feature_importance": {
    "est_orderbook": 17.081911087036133,
    "est_microstructure": 13.379924774169922,
    "fear_greed": 5.098364353179932,
    "days_left": 4.988211154937744,
    "est_external_data": 4.570728302001953,
    "btc_price": 4.554182529449463,
    "abs_edge": 3.9852633476257324,
    "volume_24h": 3.9014639854431152,
    "eth_price": 3.8369429111480713,
    "market_price": 3.616649866104126,
    "liquidity": 3.3387908935546875,
    "hour_utc": 2.430265426635742,
    "weekday": 1.9798732995986938
  }
}