{
  "trained_at": "2026-05-08T03:54:02.716585+00:00",
  "n_train": 1844,
  "n_val": 460,
  "n_features": 16,
  "feature_names": [
    "market_price",
    "days_left",
    "hour_utc",
    "weekday",
    "volume_24h",
    "liquidity",
    "spread",
    "btc_price",
    "eth_price",
    "fear_greed",
    "est_microstructure",
    "est_orderbook",
    "est_external_data",
    "est_time_series",
    "prediction_round",
    "abs_edge"
  ],
  "train_brier": 0.189896,
  "val_brier": 0.1977,
  "market_brier": 0.211517,
  "improvement": 0.013817,
  "written": true,
  "feature_importance": {
    "est_orderbook": 14.136713027954102,
    "est_microstructure": 12.17374324798584,
    "btc_price": 4.630037307739258,
    "market_price": 4.599166393280029,
    "days_left": 4.48273229598999,
    "est_external_data": 4.458576679229736,
    "abs_edge": 4.292013645172119,
    "fear_greed": 3.5175375938415527,
    "prediction_round": 3.288841962814331,
    "volume_24h": 3.205425262451172,
    "eth_price": 3.097893238067627,
    "liquidity": 2.798966407775879,
    "hour_utc": 2.626711130142212,
    "weekday": 2.018855094909668
  }
}