{
  "trained_at": "2026-05-06T12:00:11.101004+00:00",
  "n_train": 776,
  "n_val": 193,
  "n_features": 16,
  "feature_names": [
    "market_price",
    "days_left",
    "hour_utc",
    "weekday",
    "volume_24h",
    "liquidity",
    "spread",
    "btc_price",
    "eth_price",
    "fear_greed",
    "est_microstructure",
    "est_orderbook",
    "est_external_data",
    "est_time_series",
    "prediction_round",
    "abs_edge"
  ],
  "train_brier": 0.168044,
  "val_brier": 0.215656,
  "market_brier": 0.243443,
  "improvement": 0.027787,
  "written": true,
  "feature_importance": {
    "est_microstructure": 8.277118682861328,
    "est_orderbook": 7.591209888458252,
    "est_external_data": 5.151257038116455,
    "market_price": 4.151052951812744,
    "days_left": 3.7051868438720703,
    "btc_price": 3.6415650844573975,
    "hour_utc": 3.0416605472564697,
    "abs_edge": 2.9763472080230713,
    "fear_greed": 2.9604828357696533,
    "eth_price": 2.613194704055786,
    "liquidity": 2.4402718544006348,
    "volume_24h": 2.387357711791992,
    "weekday": 2.177870512008667
  }
}