{
  "trained_at": "2026-05-07T14:47:58.840909+00:00",
  "n_train": 1476,
  "n_val": 368,
  "n_features": 16,
  "feature_names": [
    "market_price",
    "days_left",
    "hour_utc",
    "weekday",
    "volume_24h",
    "liquidity",
    "spread",
    "btc_price",
    "eth_price",
    "fear_greed",
    "est_microstructure",
    "est_orderbook",
    "est_external_data",
    "est_time_series",
    "prediction_round",
    "abs_edge"
  ],
  "train_brier": 0.187394,
  "val_brier": 0.224129,
  "market_brier": 0.226069,
  "improvement": 0.00194,
  "written": true,
  "feature_importance": {
    "est_microstructure": 15.720358848571777,
    "est_orderbook": 11.58542251586914,
    "est_external_data": 4.484137058258057,
    "market_price": 4.448064804077148,
    "fear_greed": 4.406123638153076,
    "abs_edge": 4.052075386047363,
    "days_left": 3.9784181118011475,
    "btc_price": 3.901742935180664,
    "liquidity": 3.2793784141540527,
    "eth_price": 3.239346742630005,
    "volume_24h": 3.228217124938965,
    "hour_utc": 2.852200746536255,
    "weekday": 2.4090065956115723
  }
}