{
  "trained_at": "2026-05-07T06:48:45.475475+00:00",
  "n_train": 1199,
  "n_val": 299,
  "n_features": 16,
  "feature_names": [
    "market_price",
    "days_left",
    "hour_utc",
    "weekday",
    "volume_24h",
    "liquidity",
    "spread",
    "btc_price",
    "eth_price",
    "fear_greed",
    "est_microstructure",
    "est_orderbook",
    "est_external_data",
    "est_time_series",
    "prediction_round",
    "abs_edge"
  ],
  "train_brier": 0.189207,
  "val_brier": 0.205638,
  "market_brier": 0.218214,
  "improvement": 0.012576,
  "written": true,
  "feature_importance": {
    "est_microstructure": 13.076080322265625,
    "est_orderbook": 10.119619369506836,
    "market_price": 5.010256290435791,
    "est_external_data": 4.615147590637207,
    "fear_greed": 4.340538501739502,
    "abs_edge": 4.065567970275879,
    "days_left": 4.026813507080078,
    "eth_price": 3.7331719398498535,
    "hour_utc": 3.3604328632354736,
    "weekday": 3.3240535259246826,
    "liquidity": 3.0834860801696777,
    "volume_24h": 2.362494468688965,
    "btc_price": 1.9431488513946533
  }
}