{
  "trained_at": "2026-05-07T19:14:30.659695+00:00",
  "n_train": 1564,
  "n_val": 390,
  "train_brier": 0.19351550936698914,
  "val_brier": 0.22607918083667755,
  "market_brier": 0.22542165219783783,
  "improvement": -0.0006575286388397217,
  "written": false,
  "abort_reason": "no_edge_on_validation"
}