{
  "trained_at": "2026-05-06T22:30:52.566708+00:00",
  "n_train": 1011,
  "n_val": 252,
  "n_features": 16,
  "feature_names": [
    "market_price",
    "days_left",
    "hour_utc",
    "weekday",
    "volume_24h",
    "liquidity",
    "spread",
    "btc_price",
    "eth_price",
    "fear_greed",
    "est_microstructure",
    "est_orderbook",
    "est_external_data",
    "est_time_series",
    "prediction_round",
    "abs_edge"
  ],
  "train_brier": 0.184369,
  "val_brier": 0.224745,
  "market_brier": 0.227914,
  "improvement": 0.003169,
  "written": true,
  "feature_importance": {
    "est_microstructure": 11.494529724121094,
    "est_orderbook": 11.299137115478516,
    "est_external_data": 4.921267509460449,
    "market_price": 4.898454666137695,
    "days_left": 4.232458591461182,
    "abs_edge": 3.913674831390381,
    "fear_greed": 3.7650763988494873,
    "eth_price": 3.3637471199035645,
    "btc_price": 3.2216131687164307,
    "volume_24h": 2.69909930229187,
    "liquidity": 2.542374849319458,
    "hour_utc": 2.27815318107605,
    "weekday": 2.107686758041382
  }
}