{
  "trained_at": "2026-05-06T18:50:32.711579+00:00",
  "n_train": 936,
  "n_val": 234,
  "n_features": 16,
  "feature_names": [
    "market_price",
    "days_left",
    "hour_utc",
    "weekday",
    "volume_24h",
    "liquidity",
    "spread",
    "btc_price",
    "eth_price",
    "fear_greed",
    "est_microstructure",
    "est_orderbook",
    "est_external_data",
    "est_time_series",
    "prediction_round",
    "abs_edge"
  ],
  "train_brier": 0.182533,
  "val_brier": 0.231099,
  "market_brier": 0.233725,
  "improvement": 0.002626,
  "written": true,
  "feature_importance": {
    "est_orderbook": 10.990167617797852,
    "est_microstructure": 10.504436492919922,
    "market_price": 5.458774566650391,
    "est_external_data": 4.931626319885254,
    "days_left": 4.624987602233887,
    "btc_price": 3.4874942302703857,
    "abs_edge": 3.413450002670288,
    "fear_greed": 3.3429038524627686,
    "eth_price": 3.252197742462158,
    "volume_24h": 2.8469455242156982,
    "weekday": 2.771738052368164,
    "hour_utc": 2.4512438774108887,
    "liquidity": 2.380953788757324
  }
}