{
  "trained_at": "2026-05-07T22:29:27.436696+00:00",
  "n_train": 1628,
  "n_val": 407,
  "n_features": 16,
  "feature_names": [
    "market_price",
    "days_left",
    "hour_utc",
    "weekday",
    "volume_24h",
    "liquidity",
    "spread",
    "btc_price",
    "eth_price",
    "fear_greed",
    "est_microstructure",
    "est_orderbook",
    "est_external_data",
    "est_time_series",
    "prediction_round",
    "abs_edge"
  ],
  "train_brier": 0.193631,
  "val_brier": 0.215239,
  "market_brier": 0.218114,
  "improvement": 0.002875,
  "written": true,
  "feature_importance": {
    "est_microstructure": 23.660974502563477,
    "est_orderbook": 12.483263969421387,
    "btc_price": 4.879768371582031,
    "market_price": 4.860229969024658,
    "days_left": 4.319358825683594,
    "est_external_data": 4.170825004577637,
    "abs_edge": 4.088111400604248,
    "eth_price": 3.571143388748169,
    "hour_utc": 3.2749080657958984,
    "liquidity": 3.099555253982544,
    "weekday": 2.8837497234344482,
    "fear_greed": 2.86232328414917,
    "volume_24h": 2.8086581230163574
  }
}