{
  "trained_at": "2026-05-06T00:05:57.869692+00:00",
  "n_train": 304,
  "n_val": 76,
  "train_brier": 0.1407090425491333,
  "val_brier": 0.21778389811515808,
  "market_brier": 0.2102138102054596,
  "improvement": -0.007570087909698486,
  "written": false,
  "abort_reason": "no_edge_on_validation"
}