{
  "trained_at": "2026-05-06T06:42:12.283915+00:00",
  "n_train": 504,
  "n_val": 126,
  "train_brier": 0.16053961217403412,
  "val_brier": 0.263685941696167,
  "market_brier": 0.249980166554451,
  "improvement": -0.013705775141716003,
  "written": false,
  "abort_reason": "no_edge_on_validation"
}