{
  "trained_at": "2026-05-05T11:26:20.366626+00:00",
  "n_train": 224,
  "n_val": 55,
  "n_features": 16,
  "feature_names": [
    "market_price",
    "days_left",
    "hour_utc",
    "weekday",
    "volume_24h",
    "liquidity",
    "spread",
    "btc_price",
    "eth_price",
    "fear_greed",
    "est_microstructure",
    "est_orderbook",
    "est_external_data",
    "est_time_series",
    "prediction_round",
    "abs_edge"
  ],
  "train_brier": 0.121851,
  "val_brier": 0.174758,
  "market_brier": 0.201476,
  "improvement": 0.026719,
  "written": true,
  "feature_importance": {
    "est_microstructure": 8.256143569946289,
    "market_price": 5.958846092224121,
    "est_orderbook": 5.8711256980896,
    "est_external_data": 3.8182384967803955,
    "prediction_round": 2.8563382625579834,
    "days_left": 2.7030513286590576,
    "btc_price": 2.53641414642334,
    "fear_greed": 2.411006212234497,
    "volume_24h": 2.361626625061035,
    "eth_price": 2.29870867729187,
    "abs_edge": 2.241464376449585,
    "liquidity": 2.2311532497406006,
    "hour_utc": 1.9574263095855713,
    "weekday": 1.7612018585205078
  }
}