{
  "trained_at": "2026-05-06T20:45:28.217382+00:00",
  "n_train": 1005,
  "n_val": 251,
  "n_features": 16,
  "feature_names": [
    "market_price",
    "days_left",
    "hour_utc",
    "weekday",
    "volume_24h",
    "liquidity",
    "spread",
    "btc_price",
    "eth_price",
    "fear_greed",
    "est_microstructure",
    "est_orderbook",
    "est_external_data",
    "est_time_series",
    "prediction_round",
    "abs_edge"
  ],
  "train_brier": 0.184667,
  "val_brier": 0.221747,
  "market_brier": 0.227761,
  "improvement": 0.006015,
  "written": true,
  "feature_importance": {
    "est_orderbook": 10.843255043029785,
    "est_microstructure": 10.675293922424316,
    "market_price": 4.966320037841797,
    "days_left": 4.614831447601318,
    "est_external_data": 4.495927810668945,
    "abs_edge": 3.6983110904693604,
    "fear_greed": 3.358997344970703,
    "eth_price": 3.261469602584839,
    "btc_price": 2.7540817260742188,
    "liquidity": 2.6919286251068115,
    "weekday": 2.1770923137664795,
    "volume_24h": 2.1380562782287598,
    "hour_utc": 2.128526449203491
  }
}