{
  "trained_at": "2026-05-07T11:59:22.454835+00:00",
  "n_train": 1395,
  "n_val": 348,
  "n_features": 16,
  "feature_names": [
    "market_price",
    "days_left",
    "hour_utc",
    "weekday",
    "volume_24h",
    "liquidity",
    "spread",
    "btc_price",
    "eth_price",
    "fear_greed",
    "est_microstructure",
    "est_orderbook",
    "est_external_data",
    "est_time_series",
    "prediction_round",
    "abs_edge"
  ],
  "train_brier": 0.18885,
  "val_brier": 0.223804,
  "market_brier": 0.234208,
  "improvement": 0.010404,
  "written": true,
  "feature_importance": {
    "est_microstructure": 16.26599884033203,
    "est_orderbook": 10.502557754516602,
    "est_external_data": 6.446230411529541,
    "abs_edge": 4.209033966064453,
    "fear_greed": 4.127657413482666,
    "days_left": 3.792586088180542,
    "market_price": 3.791934013366699,
    "eth_price": 2.8623571395874023,
    "btc_price": 2.8119215965270996,
    "liquidity": 2.7830989360809326,
    "volume_24h": 2.6682021617889404,
    "hour_utc": 2.551764965057373,
    "weekday": 2.113759994506836
  }
}