{
  "trained_at": "2026-05-07T20:44:41.785549+00:00",
  "n_train": 1621,
  "n_val": 405,
  "n_features": 16,
  "feature_names": [
    "market_price",
    "days_left",
    "hour_utc",
    "weekday",
    "volume_24h",
    "liquidity",
    "spread",
    "btc_price",
    "eth_price",
    "fear_greed",
    "est_microstructure",
    "est_orderbook",
    "est_external_data",
    "est_time_series",
    "prediction_round",
    "abs_edge"
  ],
  "train_brier": 0.193179,
  "val_brier": 0.21512,
  "market_brier": 0.218353,
  "improvement": 0.003233,
  "written": true,
  "feature_importance": {
    "est_microstructure": 21.816972732543945,
    "est_orderbook": 11.274615287780762,
    "btc_price": 4.513333797454834,
    "days_left": 4.213498592376709,
    "est_external_data": 4.105682849884033,
    "market_price": 4.093655586242676,
    "abs_edge": 3.7590830326080322,
    "fear_greed": 3.6503140926361084,
    "liquidity": 3.3194894790649414,
    "eth_price": 3.224506378173828,
    "hour_utc": 3.188662528991699,
    "volume_24h": 2.6611552238464355,
    "weekday": 2.1878662109375
  }
}