{
  "trained_at": "2026-05-07T00:03:31.377203+00:00",
  "n_train": 1088,
  "n_val": 272,
  "n_features": 16,
  "feature_names": [
    "market_price",
    "days_left",
    "hour_utc",
    "weekday",
    "volume_24h",
    "liquidity",
    "spread",
    "btc_price",
    "eth_price",
    "fear_greed",
    "est_microstructure",
    "est_orderbook",
    "est_external_data",
    "est_time_series",
    "prediction_round",
    "abs_edge"
  ],
  "train_brier": 0.185683,
  "val_brier": 0.216338,
  "market_brier": 0.218334,
  "improvement": 0.001997,
  "written": true,
  "feature_importance": {
    "est_microstructure": 11.98475456237793,
    "est_orderbook": 11.39034652709961,
    "market_price": 5.577816009521484,
    "fear_greed": 4.991171836853027,
    "days_left": 4.6647467613220215,
    "est_external_data": 4.6547722816467285,
    "abs_edge": 3.9782376289367676,
    "hour_utc": 3.5770294666290283,
    "btc_price": 3.376354217529297,
    "liquidity": 2.971169948577881,
    "eth_price": 2.9691944122314453,
    "volume_24h": 2.866964340209961,
    "weekday": 2.3228416442871094
  }
}