{
  "trained_at": "2026-05-07T17:20:33.987352+00:00",
  "n_train": 1541,
  "n_val": 385,
  "train_brier": 0.1896233707666397,
  "val_brier": 0.22401900589466095,
  "market_brier": 0.22293756902217865,
  "improvement": -0.0010814368724822998,
  "written": false,
  "abort_reason": "no_edge_on_validation"
}