{
  "trained_at": "2026-05-06T09:35:04.739627+00:00",
  "n_train": 635,
  "n_val": 158,
  "train_brier": 0.1761113405227661,
  "val_brier": 0.2513525187969208,
  "market_brier": 0.2443552166223526,
  "improvement": -0.006997302174568176,
  "written": false,
  "abort_reason": "no_edge_on_validation"
}