{
  "trained_at": "2026-05-05T22:29:37.232601+00:00",
  "n_train": 234,
  "n_val": 58,
  "n_features": 16,
  "feature_names": [
    "market_price",
    "days_left",
    "hour_utc",
    "weekday",
    "volume_24h",
    "liquidity",
    "spread",
    "btc_price",
    "eth_price",
    "fear_greed",
    "est_microstructure",
    "est_orderbook",
    "est_external_data",
    "est_time_series",
    "prediction_round",
    "abs_edge"
  ],
  "train_brier": 0.119745,
  "val_brier": 0.186409,
  "market_brier": 0.193941,
  "improvement": 0.007532,
  "written": true,
  "feature_importance": {
    "est_microstructure": 8.413734436035156,
    "est_orderbook": 6.059983253479004,
    "market_price": 5.022511005401611,
    "est_external_data": 2.9446871280670166,
    "prediction_round": 2.8230233192443848,
    "fear_greed": 2.7506210803985596,
    "btc_price": 2.6787946224212646,
    "abs_edge": 2.6676485538482666,
    "days_left": 2.557952642440796,
    "hour_utc": 2.5106709003448486,
    "volume_24h": 2.2924375534057617,
    "liquidity": 2.1740059852600098,
    "eth_price": 1.9421217441558838,
    "weekday": 1.7243419885635376
  }
}