{
  "trained_at": "2026-05-05T20:31:36.580298+00:00",
  "n_train": 228,
  "n_val": 56,
  "n_features": 16,
  "feature_names": [
    "market_price",
    "days_left",
    "hour_utc",
    "weekday",
    "volume_24h",
    "liquidity",
    "spread",
    "btc_price",
    "eth_price",
    "fear_greed",
    "est_microstructure",
    "est_orderbook",
    "est_external_data",
    "est_time_series",
    "prediction_round",
    "abs_edge"
  ],
  "train_brier": 0.121055,
  "val_brier": 0.171859,
  "market_brier": 0.191939,
  "improvement": 0.02008,
  "written": true,
  "feature_importance": {
    "est_microstructure": 7.864840984344482,
    "est_orderbook": 6.503071308135986,
    "market_price": 5.863189697265625,
    "btc_price": 2.9946837425231934,
    "fear_greed": 2.7408432960510254,
    "est_external_data": 2.7208423614501953,
    "prediction_round": 2.6652512550354004,
    "days_left": 2.6578493118286133,
    "volume_24h": 2.407034397125244,
    "hour_utc": 2.286282777786255,
    "abs_edge": 2.280353546142578,
    "liquidity": 2.183242082595825,
    "eth_price": 2.084472894668579,
    "weekday": 1.8852710723876953
  }
}