{
  "trained_at": "2026-05-08T00:25:12.609779+00:00",
  "n_train": 1751,
  "n_val": 437,
  "n_features": 16,
  "feature_names": [
    "market_price",
    "days_left",
    "hour_utc",
    "weekday",
    "volume_24h",
    "liquidity",
    "spread",
    "btc_price",
    "eth_price",
    "fear_greed",
    "est_microstructure",
    "est_orderbook",
    "est_external_data",
    "est_time_series",
    "prediction_round",
    "abs_edge"
  ],
  "train_brier": 0.192902,
  "val_brier": 0.193683,
  "market_brier": 0.205127,
  "improvement": 0.011445,
  "written": true,
  "feature_importance": {
    "est_microstructure": 17.050466537475586,
    "est_orderbook": 11.103218078613281,
    "fear_greed": 5.296968936920166,
    "btc_price": 4.3742451667785645,
    "est_external_data": 4.3537116050720215,
    "days_left": 4.163529396057129,
    "abs_edge": 4.1430768966674805,
    "market_price": 3.8132669925689697,
    "liquidity": 3.3544349670410156,
    "volume_24h": 2.847073554992676,
    "hour_utc": 2.745901584625244,
    "eth_price": 2.6429364681243896,
    "prediction_round": 2.5395123958587646,
    "weekday": 2.441575050354004
  }
}