{
  "trained_at": "2026-05-07T03:49:50.996206+00:00",
  "n_train": 1180,
  "n_val": 295,
  "n_features": 16,
  "feature_names": [
    "market_price",
    "days_left",
    "hour_utc",
    "weekday",
    "volume_24h",
    "liquidity",
    "spread",
    "btc_price",
    "eth_price",
    "fear_greed",
    "est_microstructure",
    "est_orderbook",
    "est_external_data",
    "est_time_series",
    "prediction_round",
    "abs_edge"
  ],
  "train_brier": 0.185732,
  "val_brier": 0.201292,
  "market_brier": 0.212227,
  "improvement": 0.010935,
  "written": true,
  "feature_importance": {
    "est_microstructure": 11.601228713989258,
    "est_orderbook": 9.541487693786621,
    "market_price": 5.069465637207031,
    "est_external_data": 4.463294506072998,
    "days_left": 4.098875522613525,
    "abs_edge": 4.009755611419678,
    "fear_greed": 3.984166383743286,
    "eth_price": 3.915215253829956,
    "hour_utc": 3.5233306884765625,
    "liquidity": 3.0460691452026367,
    "weekday": 2.720076322555542,
    "volume_24h": 2.6926772594451904,
    "btc_price": 1.84074866771698
  }
}