{
  "trained_at": "2026-05-07T09:45:05.543355+00:00",
  "n_train": 1294,
  "n_val": 323,
  "n_features": 16,
  "feature_names": [
    "market_price",
    "days_left",
    "hour_utc",
    "weekday",
    "volume_24h",
    "liquidity",
    "spread",
    "btc_price",
    "eth_price",
    "fear_greed",
    "est_microstructure",
    "est_orderbook",
    "est_external_data",
    "est_time_series",
    "prediction_round",
    "abs_edge"
  ],
  "train_brier": 0.186544,
  "val_brier": 0.224198,
  "market_brier": 0.236269,
  "improvement": 0.012071,
  "written": true,
  "feature_importance": {
    "est_microstructure": 15.84179401397705,
    "est_orderbook": 10.644326210021973,
    "market_price": 6.431394577026367,
    "est_external_data": 5.7485833168029785,
    "days_left": 4.388519287109375,
    "fear_greed": 4.168753623962402,
    "abs_edge": 4.071737289428711,
    "hour_utc": 3.302748203277588,
    "liquidity": 3.2906477451324463,
    "weekday": 2.96977162361145,
    "eth_price": 2.795034885406494,
    "btc_price": 2.46522855758667,
    "volume_24h": 2.402172803878784
  }
}