{
  "trained_at": "2026-05-05T02:40:19.590170+00:00",
  "n_train": 194,
  "n_val": 48,
  "n_features": 16,
  "feature_names": [
    "market_price",
    "days_left",
    "hour_utc",
    "weekday",
    "volume_24h",
    "liquidity",
    "spread",
    "btc_price",
    "eth_price",
    "fear_greed",
    "est_microstructure",
    "est_orderbook",
    "est_external_data",
    "est_time_series",
    "prediction_round",
    "abs_edge"
  ],
  "train_brier": 0.114611,
  "val_brier": 0.173592,
  "market_brier": 0.239811,
  "improvement": 0.066218,
  "written": true,
  "feature_importance": {
    "market_price": 7.741619110107422,
    "est_microstructure": 6.133047103881836,
    "est_orderbook": 3.6652612686157227,
    "est_external_data": 2.8351941108703613,
    "liquidity": 2.3479959964752197,
    "volume_24h": 2.3410592079162598,
    "days_left": 2.1251566410064697,
    "btc_price": 2.078334331512451,
    "prediction_round": 1.9954524040222168,
    "abs_edge": 1.8965452909469604,
    "eth_price": 1.884943962097168,
    "hour_utc": 1.6166478395462036,
    "weekday": 1.2853643894195557
  }
}