{
  "trained_at": "2026-05-06T03:45:21.626664+00:00",
  "n_train": 376,
  "n_val": 93,
  "n_features": 16,
  "feature_names": [
    "market_price",
    "days_left",
    "hour_utc",
    "weekday",
    "volume_24h",
    "liquidity",
    "spread",
    "btc_price",
    "eth_price",
    "fear_greed",
    "est_microstructure",
    "est_orderbook",
    "est_external_data",
    "est_time_series",
    "prediction_round",
    "abs_edge"
  ],
  "train_brier": 0.112144,
  "val_brier": 0.178427,
  "market_brier": 0.231764,
  "improvement": 0.053337,
  "written": true,
  "feature_importance": {
    "market_price": 10.073409080505371,
    "est_orderbook": 6.153502941131592,
    "est_microstructure": 5.98124361038208,
    "est_external_data": 4.211976051330566,
    "prediction_round": 3.173534393310547,
    "abs_edge": 2.5271737575531006,
    "days_left": 2.4824929237365723,
    "fear_greed": 2.4620001316070557,
    "liquidity": 2.2589480876922607,
    "btc_price": 2.1767795085906982,
    "hour_utc": 2.1576719284057617,
    "eth_price": 2.0841832160949707,
    "volume_24h": 2.0430498123168945,
    "weekday": 1.8448611497879028
  }
}